area_value,bedrooms_clean,bathrooms_clean,is_studio,has_reception,has_living,has_kitchen,city,town,district,subdistrict,furnished,completion_status,price
82.3,2.0,2,0,1,0,1,Cairo,New Cairo,Madinaty,4th,No,under_construction,3228156.65
132.2,3.0,3,0,1,1,1,Cairo,Old Cairo,Zamalek,1st,Yes,completed,7845439.8
126.8,2.0,2,0,1,1,1,Cairo,New Cairo,Rehab,1st,Semi,under_construction,4471092.57
106.8,2.0,2,0,1,1,1,Cairo,New Cairo,Rehab,1st,No,completed,4792648.1
88.5,3.0,2,0,1,1,0,Cairo,Old Cairo,Maadi,2nd,Semi,under_construction,3109268.78
149.0,3.0,2,0,0,1,1,Giza,West Giza,Sheikh Zayed,1st,No,completed,7710891.87
169.4,2.0,1,0,1,1,1,Cairo,New Cairo,Heliopolis,2nd,Semi,under_construction,5503346.47
74.9,4.0,3,0,1,1,1,Cairo,New Cairo,Fifth Settlement,2nd,No,completed,3980878.94
155.5,3.0,3,0,1,0,1,Mansoura,Central,El Mashaya,1st,No,completed,2753753.93
163.6,1.0,1,0,1,1,1,Cairo,New Cairo,Heliopolis,1st,Yes,completed,5305984.5
235.1,2.0,1,0,1,1,1,Cairo,New Cairo,Heliopolis,2nd,No,completed,7785391.05
113.6,2.0,1,0,1,1,1,Giza,New Giza,New Giza,2nd,Yes,under_construction,6043950.4
186.1,4.0,4,0,1,1,1,Cairo,Old Cairo,Maadi,2nd,No,under_construction,5510065.53
146.6,2.0,1,0,0,0,1,Alexandria,West,Borg El Arab,1st,No,completed,2300048.51
195.9,2.0,2,0,1,1,1,Giza,New Giza,New Giza,2nd,Semi,completed,13428622.74
163.8,2.0,1,0,1,1,0,Alexandria,West,Borg El Arab,2nd,No,completed,3147781.69
182.3,3.0,2,0,1,1,1,Cairo,Old Cairo,Zamalek,2nd,No,completed,10634253.52
133.9,4.0,3,0,1,1,1,Tanta,Central,El Geish,1st,No,completed,2359515.69
65.1,4.0,3,0,1,0,1,Giza,West Giza,Mohandessin,2nd,No,completed,2322594.55
87.9,3.0,2,0,1,0,1,Cairo,Old Cairo,Downtown,1st,No,completed,2781650.51
164.9,3.0,3,0,0,0,1,Giza,New Giza,New Giza,2nd,Semi,under_construction,8703691.85
114.7,,1,1,1,1,1,Giza,West Giza,Mohandessin,1st,No,completed,3792412.87
105.1,1.0,1,0,1,1,1,Tanta,Central,Saeed,1st,Yes,completed,1569111.92
257.3,3.0,2,0,1,1,1,Cairo,New Cairo,Rehab,2nd,No,under_construction,9340702.72
226.7,1.0,1,0,1,0,1,Cairo,New Cairo,Heliopolis,1st,Yes,completed,7571886.83
216.9,1.0,1,0,1,1,1,Giza,New Giza,New Giza,1st,Yes,completed,12343041.9
100.3,,2,1,1,1,1,Tanta,Central,El Geish,2nd,Semi,under_construction,1524282.45
170.8,5.0,4,0,1,1,1,Giza,New Giza,New Giza,1st,No,under_construction,9401169.03
141.7,4.0,4,0,1,1,1,Alexandria,East,Sidi Gaber,2nd,Yes,completed,4000706.02
78.8,3.0,2,0,1,0,1,Cairo,Old Cairo,Maadi,2nd,Semi,completed,2869240.54
98.0,2.0,1,0,1,0,1,Cairo,Old Cairo,Downtown,1st,No,completed,3253485.82
101.2,,4,1,1,0,0,Cairo,New Cairo,Heliopolis,2nd,Semi,completed,3944729.06
85.4,3.0,2,0,1,1,1,Giza,West Giza,Haram,1st,No,completed,1637308.89
165.9,4.0,3,0,0,1,1,Cairo,New Cairo,Nasr City,3rd,Yes,completed,5528508.66
108.7,4.0,3,0,1,0,1,Cairo,Old Cairo,Zamalek,1st,No,completed,7390076.36
120.7,1.0,1,0,1,0,1,Cairo,Old Cairo,Downtown,1st,No,under_construction,3046308.16
195.5,5.0,4,0,0,1,1,Cairo,Old Cairo,Zamalek,2nd,Yes,off_plan,10030278.93
104.5,3.0,2,0,0,0,1,Cairo,New Cairo,First Settlement,1st,Yes,completed,5411920.17
115.0,2.0,1,0,1,1,1,Giza,New Giza,New Giza,2nd,Semi,off_plan,4460215.34
116.4,3.0,2,0,1,1,1,Alexandria,West,Borg El Arab,1st,Semi,completed,2204735.69
66.7,5.0,4,0,1,1,1,Giza,West Giza,Sheikh Zayed,3rd,No,completed,3837092.85
128.8,3.0,2,0,1,1,1,Alexandria,East,Sidi Gaber,2nd,Yes,completed,3848439.26
90.9,3.0,2,0,1,1,1,Alexandria,West,Borg El Arab,2nd,No,under_construction,1293713.84
198.1,3.0,2,0,1,1,1,Cairo,Old Cairo,Downtown,1st,No,off_plan,4479829.87
164.5,2.0,1,0,1,0,1,Cairo,Old Cairo,Zamalek,2nd,No,completed,10053393.28
180.0,2.0,2,0,1,1,1,Cairo,Old Cairo,Zamalek,2nd,Yes,completed,10727706.86
86.1,2.0,2,0,1,1,1,Cairo,New Cairo,Madinaty,3rd,No,completed,4141108.73
79.3,1.0,1,0,1,1,1,Cairo,Old Cairo,Zamalek,2nd,No,completed,4491660.6
100.3,3.0,2,0,1,1,1,Cairo,New Cairo,Nasr City,4th,No,under_construction,2190798.87
80.7,2.0,1,0,1,1,1,Alexandria,West,Agami,1st,No,under_construction,1205386.13
121.2,1.0,1,0,1,1,1,Cairo,New Cairo,Rehab,2nd,No,completed,5752083.57
74.5,2.0,2,0,1,1,1,Giza,New Giza,New Giza,1st,Yes,completed,4971601.55
160.6,1.0,1,0,1,1,1,Cairo,New Cairo,Nasr City,4th,No,under_construction,3688509.39
93.0,3.0,3,0,1,1,1,Alexandria,East,Smouha,2nd,No,completed,2246251.15
244.4,2.0,1,0,1,1,1,Giza,West Giza,6th of October,2nd,Yes,completed,9458831.91
138.4,5.0,5,0,1,1,1,Alexandria,East,Sidi Gaber,1st,No,completed,3481704.43
99.4,3.0,2,0,1,0,1,Cairo,Old Cairo,Downtown,1st,No,under_construction,2550647.74
79.5,3.0,3,0,1,0,1,Giza,West Giza,Sheikh Zayed,1st,No,completed,3438536.88
170.4,4.0,4,0,1,1,1,Cairo,New Cairo,Nasr City,1st,Yes,under_construction,4533245.53
55.4,3.0,2,0,1,0,1,Alexandria,East,Smouha,2nd,No,completed,1672694.08
156.2,4.0,3,0,1,1,1,Giza,New Giza,New Giza,2nd,Yes,completed,11312879.7
126.3,3.0,2,0,1,1,1,Cairo,Old Cairo,Zamalek,1st,Yes,completed,9385666.68
97.6,2.0,1,0,1,1,1,Mansoura,Central,Toriel,1st,No,completed,1402051.23
85.3,3.0,2,0,1,1,1,Cairo,New Cairo,Nasr City,2nd,No,under_construction,1803160.94
174.8,2.0,2,0,1,1,1,Cairo,Old Cairo,Zamalek,1st,No,off_plan,7486124.66
83.8,2.0,1,0,1,1,1,Giza,New Giza,New Giza,1st,No,completed,4413662.21
284.4,3.0,2,0,1,0,1,Giza,West Giza,Dokki,1st,Yes,completed,10231623.85
168.6,1.0,1,0,1,0,1,Alexandria,West,Borg El Arab,1st,No,completed,3053146.49
161.6,4.0,3,0,1,0,1,Giza,West Giza,6th of October,3rd,No,completed,4885509.47
196.1,4.0,3,0,1,0,1,Cairo,New Cairo,Nasr City,3rd,Semi,completed,6259626.1
130.8,4.0,4,0,1,1,1,Alexandria,East,Smouha,1st,No,under_construction,3041530.51
75.5,3.0,2,0,1,0,1,Cairo,Old Cairo,Maadi,1st,Semi,under_construction,2343076.76
245.2,,4,1,0,1,1,Alexandria,East,Smouha,2nd,Yes,off_plan,5596604.12
108.5,4.0,3,0,1,0,1,Giza,West Giza,6th of October,1st,Semi,completed,4072631.12
148.5,3.0,2,0,1,1,1,Alexandria,East,Sidi Gaber,1st,No,completed,3231926.86
138.5,3.0,3,0,1,1,1,Cairo,Old Cairo,Downtown,1st,No,under_construction,3390505.83
171.6,5.0,4,0,0,0,1,Cairo,Old Cairo,Downtown,2nd,No,completed,5425962.72
195.2,,1,1,1,1,1,Alexandria,East,Smouha,2nd,No,off_plan,4231850.32
119.8,4.0,3,0,1,1,1,Cairo,New Cairo,First Settlement,3rd,Semi,completed,5406669.04
58.7,3.0,2,0,1,1,1,Cairo,New Cairo,Madinaty,4th,No,under_construction,2074540.49
156.0,4.0,3,0,1,1,1,Cairo,New Cairo,Fifth Settlement,2nd,No,completed,8245595.87
110.7,,2,1,0,0,1,Tanta,Central,Saeed,1st,No,completed,1469183.45
61.8,3.0,3,0,1,0,1,Cairo,New Cairo,Heliopolis,1st,No,completed,1994111.72
117.5,3.0,2,0,1,1,1,Giza,West Giza,6th of October,1st,Semi,completed,3964820.69
102.1,5.0,4,0,1,0,1,Tanta,Central,Saeed,1st,Semi,completed,1517529.77
196.8,1.0,1,0,1,1,1,Cairo,Old Cairo,Downtown,2nd,No,completed,6296057.44
153.0,1.0,1,0,1,1,1,Alexandria,West,Agami,1st,No,under_construction,2912063.42
166.9,3.0,2,0,1,0,1,Giza,West Giza,Haram,1st,Semi,under_construction,2928122.15
144.9,3.0,2,0,0,1,1,Cairo,Old Cairo,Zamalek,1st,Yes,under_construction,8917555.8
210.3,2.0,2,0,1,1,1,Cairo,New Cairo,Nasr City,2nd,No,completed,5941003.02
132.6,5.0,5,0,0,1,1,Alexandria,West,Borg El Arab,1st,Semi,completed,2778622.12
112.0,1.0,1,0,1,1,1,Cairo,New Cairo,Rehab,2nd,Semi,under_construction,4658332.73
116.1,4.0,3,0,1,1,1,Cairo,New Cairo,Madinaty,1st,No,off_plan,3416488.95
142.9,2.0,2,0,1,0,1,Alexandria,East,Sidi Bishr,2nd,Semi,completed,3480809.48
63.7,2.0,1,0,1,1,1,Tanta,Central,El Geish,1st,Yes,under_construction,901987.22
114.9,3.0,3,0,0,1,1,Giza,New Giza,New Giza,2nd,No,off_plan,4481728.88
95.9,2.0,1,0,1,1,1,Cairo,New Cairo,First Settlement,2nd,No,completed,4421432.92
288.7,2.0,1,0,1,1,1,Cairo,Old Cairo,Maadi,2nd,No,completed,9443927.66
120.9,2.0,2,0,1,0,1,Tanta,Central,Saeed,1st,Semi,completed,1651479.68
130.1,3.0,2,0,1,0,1,Alexandria,West,Borg El Arab,1st,Yes,completed,2276766.18
229.1,4.0,3,0,1,0,1,Mansoura,Central,El Mashaya,1st,No,under_construction,3316941.92
219.2,3.0,2,0,1,0,1,Alexandria,West,Agami,1st,No,completed,4249383.54
222.4,2.0,1,0,1,1,1,Cairo,Old Cairo,Downtown,2nd,No,completed,7052688.63
117.7,4.0,3,0,1,1,1,Cairo,Old Cairo,Zamalek,2nd,No,completed,8000899.9
114.4,2.0,1,0,1,0,1,Cairo,Old Cairo,Maadi,3rd,Yes,completed,4928312.28
100.2,5.0,5,0,0,1,1,Giza,New Giza,New Giza,2nd,No,completed,5782959.43
76.4,,1,1,1,1,1,Cairo,Old Cairo,Downtown,2nd,No,completed,2749905.53
58.4,4.0,3,0,1,1,1,Alexandria,West,Borg El Arab,2nd,No,under_construction,897838.38
155.6,3.0,2,0,0,1,1,Giza,West Giza,Mohandessin,1st,No,completed,5771942.5
129.9,3.0,3,0,1,0,1,Cairo,New Cairo,Madinaty,2nd,No,completed,5592374.22
89.6,1.0,1,0,0,1,1,Cairo,New Cairo,Fifth Settlement,3rd,Yes,under_construction,4276314.8
164.8,5.0,4,0,1,1,1,Cairo,New Cairo,Heliopolis,1st,No,under_construction,5048307.52
163.0,2.0,2,0,0,0,1,Giza,West Giza,Sheikh Zayed,3rd,No,under_construction,7261310.34
67.4,3.0,2,0,1,1,1,Cairo,New Cairo,Rehab,2nd,No,completed,2815412.77
212.3,2.0,1,0,1,1,1,Cairo,New Cairo,First Settlement,2nd,No,completed,7612220.8
171.3,,2,1,1,1,1,Giza,New Giza,New Giza,1st,No,completed,9512050.28
149.6,5.0,5,0,0,1,1,Giza,New Giza,New Giza,1st,Yes,completed,10514225.71
103.2,3.0,2,0,1,1,1,Cairo,New Cairo,Nasr City,2nd,Semi,completed,3006790.1
115.9,3.0,3,0,1,1,0,Cairo,New Cairo,Rehab,2nd,No,completed,5068518.94
143.3,3.0,2,0,1,1,1,Giza,West Giza,Sheikh Zayed,1st,Yes,completed,7718954.15
69.0,2.0,1,0,1,1,1,Mansoura,Central,Toriel,1st,No,under_construction,888034.36
107.3,1.0,1,0,1,1,1,Cairo,New Cairo,Madinaty,4th,No,completed,4994158.09
140.5,3.0,2,0,1,1,1,Giza,New Giza,New Giza,2nd,No,off_plan,5623609.18
161.3,3.0,2,0,1,0,1,Giza,West Giza,Haram,2nd,No,completed,2975488.06
136.4,3.0,3,0,1,1,1,Cairo,Old Cairo,Zamalek,2nd,No,off_plan,6838915.54
147.7,2.0,1,0,1,0,1,Giza,New Giza,New Giza,2nd,No,completed,8381205.41
82.9,5.0,4,0,1,1,1,Giza,New Giza,New Giza,1st,Semi,completed,5110472.26
95.7,2.0,2,0,1,0,1,Cairo,Old Cairo,Maadi,2nd,No,under_construction,2639315.15
125.0,2.0,1,0,1,1,1,Cairo,Old Cairo,Downtown,1st,Semi,under_construction,3363000.12
125.3,5.0,4,0,1,0,1,Cairo,Old Cairo,Downtown,2nd,No,completed,4422831.94
106.7,1.0,1,0,0,1,1,Cairo,New Cairo,First Settlement,2nd,Semi,completed,3977171.9
134.2,2.0,1,0,1,1,1,Giza,New Giza,New Giza,1st,Yes,completed,7839716.78
99.8,2.0,2,0,1,0,1,Tanta,Central,El Geish,1st,No,completed,1553458.17
144.7,3.0,3,0,1,1,1,Giza,New Giza,New Giza,1st,No,completed,9864511.08
120.2,3.0,3,0,1,1,1,Giza,New Giza,New Giza,1st,No,completed,6896354.68
74.8,3.0,2,0,0,1,1,Cairo,New Cairo,Nasr City,2nd,Yes,completed,2288117.09
144.5,2.0,2,0,1,1,1,Alexandria,East,Sidi Gaber,2nd,Semi,under_construction,3026632.66
199.1,4.0,3,0,1,0,1,Cairo,Old Cairo,Zamalek,2nd,Yes,completed,15197758.36
106.9,1.0,1,0,1,1,1,Giza,West Giza,Sheikh Zayed,3rd,No,completed,5116688.89
184.0,2.0,2,0,1,1,1,Giza,New Giza,New Giza,1st,Semi,completed,11140099.95
112.8,5.0,4,0,1,1,1,Cairo,New Cairo,Rehab,2nd,No,completed,5153952.01
146.7,2.0,2,0,1,1,1,Mansoura,Central,Toriel,1st,Yes,completed,2570472.9
130.8,3.0,3,0,0,1,1,Mansoura,Central,Toriel,1st,No,completed,2051267.46
77.3,1.0,1,0,1,1,1,Giza,New Giza,New Giza,1st,No,completed,4473291.84
187.4,3.0,2,0,1,1,1,Cairo,Old Cairo,Downtown,1st,No,completed,5954122.24
115.8,1.0,1,0,1,0,1,Giza,New Giza,New Giza,1st,Semi,completed,6020316.27
80.0,2.0,1,0,1,0,1,Giza,New Giza,New Giza,2nd,Yes,under_construction,4360880.48
89.1,2.0,1,0,1,0,1,Tanta,Central,El Geish,2nd,No,completed,1389668.08
105.9,2.0,1,0,1,1,1,Cairo,New Cairo,Heliopolis,2nd,No,under_construction,2910795.86
97.6,4.0,3,0,1,0,1,Cairo,Old Cairo,Maadi,2nd,Yes,completed,4386814.87
104.5,3.0,3,0,0,0,1,Giza,New Giza,New Giza,1st,No,under_construction,4695839.17
163.6,5.0,5,0,1,1,1,Cairo,Old Cairo,Downtown,1st,Semi,completed,6005480.28
174.4,4.0,4,0,1,1,1,Giza,West Giza,Haram,3rd,No,completed,3589475.57
110.4,,3,1,1,1,1,Giza,West Giza,Sheikh Zayed,2nd,No,completed,4983739.04
109.3,4.0,4,0,0,1,1,Alexandria,West,Borg El Arab,2nd,Yes,completed,2419586.09
160.0,3.0,3,0,1,1,1,Cairo,New Cairo,Heliopolis,1st,No,under_construction,4217975.02
90.6,2.0,2,0,1,0,1,Tanta,Central,El Geish,1st,Semi,completed,1581011.53
85.2,4.0,3,0,1,1,1,Cairo,Old Cairo,Downtown,1st,No,completed,2885006.81
103.9,3.0,2,0,1,1,1,Cairo,Old Cairo,Maadi,1st,Yes,completed,4972206.73
127.1,,3,1,1,1,1,Alexandria,West,Borg El Arab,1st,Yes,under_construction,2181978.56
230.4,1.0,1,0,1,1,1,Giza,New Giza,New Giza,2nd,No,under_construction,11810725.15
126.4,2.0,1,0,1,0,1,Cairo,New Cairo,Madinaty,3rd,No,under_construction,4204844.93
162.7,4.0,4,0,1,0,1,Cairo,Old Cairo,Maadi,2nd,Yes,completed,6454972.44
136.9,2.0,1,0,1,0,0,Cairo,Old Cairo,Maadi,2nd,Yes,under_construction,4314168.37
98.4,1.0,1,0,1,1,1,Giza,New Giza,New Giza,1st,No,off_plan,4188406.85
133.9,2.0,2,0,1,1,1,Cairo,Old Cairo,Zamalek,1st,Semi,completed,9107777.01
96.4,3.0,2,0,1,0,1,Giza,West Giza,Mohandessin,2nd,No,under_construction,2350633.66
88.0,3.0,2,0,0,1,1,Cairo,Old Cairo,Maadi,2nd,Yes,completed,3797722.05
145.5,4.0,3,0,0,1,1,Cairo,New Cairo,Nasr City,1st,No,completed,4335877.04
99.5,2.0,1,0,1,1,0,Cairo,Old Cairo,Maadi,2nd,No,completed,3273972.18
130.1,4.0,4,0,1,1,1,Cairo,New Cairo,Madinaty,2nd,No,completed,6308909.12
116.5,1.0,1,0,1,0,1,Cairo,Old Cairo,Zamalek,1st,Semi,completed,7254591.19
79.9,5.0,4,0,1,1,1,Cairo,Old Cairo,Maadi,1st,Semi,completed,2908189.51
87.8,1.0,1,0,1,1,1,Giza,West Giza,Haram,1st,Semi,under_construction,1550514.79
106.1,2.0,2,0,1,1,1,Cairo,Old Cairo,Maadi,3rd,No,under_construction,2988760.65
141.0,3.0,2,0,1,1,1,Cairo,Old Cairo,Zamalek,1st,No,completed,9052990.62
50.6,3.0,2,0,1,1,1,Cairo,Old Cairo,Downtown,2nd,No,completed,1486299.91
109.0,4.0,3,0,1,1,1,Cairo,Old Cairo,Downtown,2nd,No,off_plan,2527647.02
104.3,3.0,3,0,1,0,1,Cairo,New Cairo,Madinaty,3rd,Semi,completed,5059964.3
167.7,,4,1,1,1,1,Giza,West Giza,Mohandessin,1st,No,completed,5495426.83
90.8,2.0,2,0,1,1,1,Giza,New Giza,New Giza,2nd,No,completed,4312063.56
131.8,3.0,3,0,1,0,1,Giza,West Giza,6th of October,2nd,Yes,completed,5046024.42
120.1,2.0,1,0,1,1,1,Alexandria,West,Borg El Arab,2nd,Yes,completed,2222402.02
96.9,3.0,3,0,1,0,1,Giza,New Giza,New Giza,1st,No,completed,6498228.83
160.4,2.0,1,0,1,1,1,Mansoura,Central,El Mashaya,1st,No,completed,2322559.56
131.6,2.0,2,0,1,0,1,Alexandria,East,Sidi Bishr,2nd,No,completed,2482289.99
235.6,,1,1,1,1,1,Alexandria,West,Borg El Arab,2nd,No,off_plan,2793801.5
90.6,3.0,3,0,1,1,0,Cairo,Old Cairo,Downtown,2nd,No,completed,2880641.43
117.0,2.0,2,0,1,0,1,Giza,West Giza,Haram,3rd,Yes,completed,2740017.47
78.1,5.0,4,0,1,1,1,Cairo,Old Cairo,Maadi,1st,No,completed,2862207.87
84.2,4.0,3,0,1,0,1,Cairo,New Cairo,Madinaty,4th,Yes,under_construction,3330428.95
98.7,1.0,1,0,1,1,0,Giza,New Giza,New Giza,1st,Yes,under_construction,4204432.68
120.9,4.0,3,0,1,1,1,Mansoura,Central,Toriel,1st,No,completed,1923331.66
184.5,4.0,3,0,0,1,1,Giza,New Giza,New Giza,1st,Yes,completed,11422374.95
165.7,4.0,4,0,1,0,1,Alexandria,East,Sidi Bishr,2nd,No,completed,4106777.89
116.4,,3,1,1,0,1,Giza,New Giza,New Giza,1st,Semi,under_construction,5606821.56
114.8,3.0,3,0,0,1,0,Cairo,New Cairo,First Settlement,2nd,Yes,under_construction,4004189.82
121.6,4.0,3,0,1,1,1,Giza,New Giza,New Giza,2nd,Yes,completed,7415511.6
181.7,,3,1,1,1,1,Alexandria,West,Borg El Arab,2nd,Yes,completed,3480247.58
96.8,3.0,3,0,1,1,1,Alexandria,West,Borg El Arab,2nd,Semi,under_construction,1472966.34
147.6,2.0,1,0,1,1,1,Alexandria,West,Borg El Arab,1st,Yes,under_construction,2417006.53
143.7,1.0,1,0,0,1,1,Giza,New Giza,New Giza,1st,Yes,completed,8625766.96
150.1,,3,1,1,1,1,Mansoura,Central,El Mashaya,1st,No,off_plan,1887728.16
125.3,2.0,2,0,1,0,1,Cairo,New Cairo,Nasr City,1st,No,completed,3621484.85
109.9,3.0,2,0,1,1,1,Cairo,New Cairo,Fifth Settlement,2nd,No,under_construction,4898621.81
138.6,3.0,3,0,1,0,1,Alexandria,East,Smouha,1st,No,under_construction,2945405.68
131.7,1.0,1,0,1,0,1,Cairo,New Cairo,First Settlement,2nd,Semi,under_construction,4878057.99
111.1,,2,1,1,1,1,Giza,New Giza,New Giza,1st,No,under_construction,5549563.09
111.8,2.0,2,0,1,1,1,Cairo,Old Cairo,Downtown,2nd,No,completed,3636952.81
137.6,3.0,2,0,1,0,1,Cairo,Old Cairo,Zamalek,1st,No,completed,9284106.54
218.1,3.0,3,0,0,1,0,Mansoura,Central,Toriel,1st,Semi,under_construction,2675545.83
159.0,4.0,3,0,1,0,1,Cairo,New Cairo,First Settlement,3rd,No,off_plan,5364331.35
112.0,3.0,2,0,1,1,1,Giza,West Giza,Sheikh Zayed,3rd,Yes,completed,6266390.5
95.1,5.0,4,0,1,1,1,Cairo,Old Cairo,Maadi,3rd,Semi,under_construction,3481938.82
169.7,3.0,3,0,1,1,1,Giza,New Giza,New Giza,1st,No,completed,9646189.99
122.8,2.0,1,0,1,1,1,Giza,New Giza,New Giza,2nd,Yes,completed,8078392.88
122.7,5.0,4,0,1,1,1,Giza,West Giza,6th of October,1st,No,under_construction,3588487.48
135.2,4.0,3,0,1,0,1,Cairo,Old Cairo,Maadi,2nd,No,under_construction,4572910.56
90.4,,2,1,0,0,1,Giza,New Giza,New Giza,1st,Semi,completed,5122825.73
199.7,4.0,3,0,1,1,1,Giza,West Giza,Sheikh Zayed,3rd,No,under_construction,7583188.88
122.1,,2,1,1,0,1,Giza,New Giza,New Giza,1st,Yes,under_construction,5958619.57
168.0,2.0,1,0,1,0,1,Cairo,New Cairo,Nasr City,3rd,Semi,completed,4656920.99
157.8,1.0,1,0,1,1,1,Giza,West Giza,Haram,1st,No,under_construction,2246648.04
154.2,2.0,1,0,1,1,1,Cairo,Old Cairo,Maadi,1st,No,completed,6081364.22
196.1,,2,1,1,1,1,Cairo,New Cairo,Rehab,2nd,No,under_construction,6479340.11
204.2,3.0,2,0,1,1,0,Giza,New Giza,New Giza,1st,No,completed,11044859.07
80.6,2.0,1,0,1,1,1,Cairo,Old Cairo,Maadi,1st,Yes,completed,3323530.24
175.6,4.0,4,0,0,0,1,Giza,West Giza,Mohandessin,2nd,No,completed,5627749.24
177.8,4.0,4,0,1,0,1,Giza,West Giza,Sheikh Zayed,3rd,Yes,completed,10232753.29
151.7,3.0,3,0,1,1,1,Giza,New Giza,New Giza,2nd,No,under_construction,7251526.11
123.8,3.0,2,0,1,1,0,Cairo,Old Cairo,Zamalek,2nd,No,completed,9762875.61
102.8,2.0,1,0,1,1,1,Giza,West Giza,Mohandessin,2nd,No,completed,3296861.57
96.4,2.0,2,0,0,1,1,Mansoura,Central,Toriel,1st,Yes,completed,1523894.13
96.0,2.0,1,0,0,0,1,Giza,New Giza,New Giza,1st,Yes,completed,5965599.2
105.1,2.0,2,0,1,1,0,Cairo,New Cairo,Madinaty,4th,Semi,completed,5071130.3
136.9,2.0,1,0,1,1,1,Cairo,Old Cairo,Zamalek,1st,No,completed,7651587.01
80.2,4.0,4,0,1,1,1,Giza,New Giza,New Giza,1st,No,completed,4968465.91
68.1,3.0,2,0,1,1,1,Giza,New Giza,New Giza,1st,Yes,completed,5208780.17
73.3,1.0,1,0,0,1,1,Giza,West Giza,Dokki,2nd,Semi,completed,2489197.63
152.4,3.0,2,0,1,0,1,Giza,New Giza,New Giza,2nd,Semi,completed,8210962.64
224.2,3.0,3,0,0,0,1,Giza,West Giza,6th of October,3rd,Yes,completed,8557050.52
86.4,2.0,1,0,0,1,1,Cairo,New Cairo,Heliopolis,1st,No,completed,2545588.67
199.5,3.0,2,0,1,1,1,Cairo,Old Cairo,Maadi,3rd,No,off_plan,5608878.54
172.4,3.0,2,0,1,1,1,Cairo,Old Cairo,Zamalek,1st,No,completed,10601637.82
122.6,1.0,1,0,1,1,1,Alexandria,West,Agami,1st,Yes,under_construction,1894408.1
164.0,4.0,3,0,1,1,1,Cairo,Old Cairo,Zamalek,1st,Yes,off_plan,9209650.76
126.3,2.0,1,0,1,1,1,Giza,New Giza,New Giza,2nd,No,completed,7256721.18
129.2,2.0,1,0,1,1,1,Mansoura,Central,Toriel,1st,Semi,under_construction,2011868.61
84.5,,2,1,1,1,1,Cairo,New Cairo,Nasr City,4th,No,under_construction,2182003.53
94.8,2.0,2,0,1,1,1,Cairo,New Cairo,Fifth Settlement,3rd,No,completed,4419200.64
205.3,4.0,3,0,1,1,1,Cairo,Old Cairo,Downtown,1st,No,completed,6328307.11
87.9,2.0,2,0,0,1,1,Cairo,New Cairo,Nasr City,4th,Yes,completed,2848951.59
140.7,3.0,2,0,1,1,1,Cairo,New Cairo,Heliopolis,1st,No,under_construction,4303027.13
107.7,2.0,1,0,1,1,1,Giza,New Giza,New Giza,2nd,Semi,completed,6216931.59
88.8,1.0,1,0,1,0,1,Giza,New Giza,New Giza,1st,No,under_construction,3925040.63
118.7,1.0,1,0,1,1,1,Giza,New Giza,New Giza,1st,No,completed,6331021.79
152.6,3.0,3,0,1,0,1,Mansoura,Central,Toriel,1st,No,completed,2071574.76
180.2,1.0,1,0,1,1,1,Alexandria,East,Smouha,3rd,No,under_construction,4137614.71
159.9,3.0,2,0,1,1,1,Cairo,New Cairo,Madinaty,1st,No,under_construction,6202517.55
139.7,3.0,2,0,1,0,1,Cairo,New Cairo,Fifth Settlement,2nd,Yes,completed,8403996.04
91.4,3.0,2,0,1,1,1,Giza,West Giza,Dokki,2nd,No,under_construction,2446168.11
87.2,3.0,3,0,1,1,1,Alexandria,West,Agami,1st,Yes,under_construction,1874427.67
153.7,5.0,4,0,1,1,0,Giza,New Giza,New Giza,1st,Yes,completed,9859383.76
286.4,2.0,2,0,1,1,1,Cairo,New Cairo,Madinaty,4th,Semi,under_construction,9408753.71
151.1,4.0,4,0,1,0,1,Cairo,Old Cairo,Maadi,3rd,No,completed,6271912.53
165.6,2.0,1,0,1,1,1,Giza,West Giza,Haram,3rd,Semi,completed,3760344.79
179.7,3.0,2,0,1,1,1,Giza,West Giza,Mohandessin,2nd,No,under_construction,5282996.83
173.1,2.0,2,0,1,1,1,Cairo,New Cairo,First Settlement,3rd,No,completed,7490828.96
114.1,3.0,2,0,0,1,1,Alexandria,West,Borg El Arab,2nd,No,off_plan,1325972.38
104.9,3.0,2,0,1,1,1,Giza,New Giza,New Giza,2nd,Yes,off_plan,5092000.66
185.8,4.0,4,0,1,1,1,Giza,New Giza,New Giza,1st,Yes,under_construction,9367312.29
137.0,5.0,5,0,1,1,1,Alexandria,West,Borg El Arab,2nd,Yes,completed,2784676.43
136.6,,2,1,1,1,1,Cairo,Old Cairo,Downtown,1st,Yes,completed,4872300.79
103.6,2.0,1,0,1,1,1,Alexandria,West,Agami,2nd,No,under_construction,1794017.43
132.0,3.0,3,0,1,1,1,Cairo,Old Cairo,Maadi,2nd,No,completed,4476503.12
81.4,2.0,1,0,1,1,1,Alexandria,West,Agami,2nd,No,completed,1628117.58
119.4,3.0,2,0,0,1,1,Alexandria,West,Borg El Arab,2nd,Semi,completed,1906004.88
236.6,3.0,2,0,1,1,1,Giza,West Giza,Haram,1st,No,completed,5342964.78
49.4,4.0,3,0,1,1,1,Cairo,Old Cairo,Downtown,2nd,No,completed,1653436.12
139.8,2.0,1,0,1,1,1,Alexandria,West,Agami,1st,Yes,under_construction,2684503.14
76.6,2.0,1,0,0,0,1,Alexandria,West,Agami,2nd,No,completed,1521735.77
157.6,3.0,2,0,1,0,1,Mansoura,Central,El Mashaya,1st,No,off_plan,2163365.09
127.2,2.0,1,0,1,1,1,Giza,New Giza,New Giza,1st,No,completed,6997304.09
152.5,2.0,2,0,1,0,1,Mansoura,Central,El Mashaya,1st,No,off_plan,2018922.86
125.8,3.0,3,0,0,1,1,Giza,New Giza,New Giza,2nd,Semi,under_construction,5894413.48
95.0,1.0,1,0,1,1,1,Giza,West Giza,Sheikh Zayed,1st,Semi,completed,4190039.38
56.4,4.0,4,0,1,1,1,Alexandria,East,Sidi Gaber,1st,No,completed,1521167.6
91.2,4.0,3,0,1,1,1,Cairo,Old Cairo,Downtown,2nd,No,off_plan,2039189.57
119.2,3.0,3,0,1,1,1,Giza,New Giza,New Giza,1st,No,under_construction,5954092.34
113.5,4.0,4,0,1,1,1,Alexandria,West,Agami,2nd,Semi,completed,2800631.48
101.0,3.0,2,0,1,1,1,Cairo,Old Cairo,Zamalek,2nd,No,completed,5962912.05
167.2,2.0,1,0,1,1,1,Giza,New Giza,New Giza,1st,Semi,under_construction,8028856.92
114.1,4.0,4,0,1,1,1,Cairo,New Cairo,Rehab,1st,No,completed,5032401.28
140.9,2.0,2,0,1,0,1,Alexandria,West,Borg El Arab,1st,No,off_plan,2061083.28
104.5,1.0,1,0,1,1,1,Tanta,Central,El Geish,2nd,Yes,completed,1787864.73
127.7,2.0,2,0,1,0,1,Alexandria,East,Smouha,2nd,Yes,under_construction,3214714.97
105.2,3.0,3,0,1,1,1,Cairo,Old Cairo,Zamalek,1st,Yes,off_plan,6015204.76
142.4,5.0,4,0,1,1,1,Giza,New Giza,New Giza,2nd,Yes,completed,8657212.65
157.3,5.0,5,0,0,1,1,Giza,West Giza,Dokki,1st,No,under_construction,3677082.05
88.6,,1,1,1,1,1,Giza,New Giza,New Giza,2nd,Semi,completed,5071585.88
89.4,4.0,4,0,1,1,1,Cairo,Old Cairo,Downtown,1st,No,completed,2739217.77
159.4,2.0,1,0,1,0,1,Cairo,New Cairo,Nasr City,3rd,Semi,completed,4812326.67
144.7,2.0,1,0,1,1,1,Alexandria,West,Borg El Arab,2nd,Semi,under_construction,2038952.57
83.5,2.0,1,0,1,1,1,Cairo,Old Cairo,Maadi,2nd,No,off_plan,2253306.44
113.4,3.0,2,0,1,0,1,Cairo,New Cairo,Fifth Settlement,3rd,Yes,completed,7047152.39
103.4,1.0,1,0,1,1,1,Giza,New Giza,New Giza,1st,Semi,completed,5532142.26
125.1,2.0,2,0,1,1,1,Cairo,Old Cairo,Maadi,3rd,Yes,under_construction,3968272.94
124.0,3.0,2,0,1,1,1,Cairo,New Cairo,Heliopolis,2nd,No,completed,4075013.01
73.4,2.0,2,0,1,1,1,Cairo,New Cairo,Rehab,1st,Semi,under_construction,2945664.11
150.3,2.0,2,0,1,1,1,Giza,West Giza,6th of October,1st,No,completed,5013298.7
77.3,2.0,2,0,1,1,1,Cairo,New Cairo,Fifth Settlement,1st,No,under_construction,3003626.25
92.5,3.0,3,0,0,0,1,Cairo,New Cairo,Rehab,3rd,Semi,completed,4712661.52
106.9,3.0,2,0,1,1,1,Giza,West Giza,Haram,1st,No,completed,2520696.3
153.3,2.0,1,0,1,0,1,Cairo,New Cairo,Rehab,3rd,Yes,off_plan,5021904.88
157.2,3.0,3,0,1,1,1,Giza,West Giza,6th of October,1st,Yes,under_construction,5240191.9
107.1,3.0,3,0,1,1,1,Cairo,New Cairo,Heliopolis,2nd,Yes,completed,4043475.14
83.5,3.0,3,0,1,0,1,Giza,West Giza,6th of October,3rd,No,off_plan,2352130.57
67.8,4.0,3,0,1,1,1,Giza,New Giza,New Giza,1st,No,completed,4455090.5
191.8,2.0,1,0,1,1,1,Alexandria,East,Sidi Gaber,2nd,Semi,completed,5524735.21
61.0,2.0,2,0,1,1,1,Giza,West Giza,Haram,3rd,Semi,completed,1394781.57
81.2,1.0,1,0,1,0,1,Alexandria,East,Sidi Bishr,1st,Semi,under_construction,1589828.06
108.3,2.0,2,0,1,0,0,Giza,West Giza,Mohandessin,1st,Semi,completed,3769450.91
91.3,3.0,2,0,1,1,1,Giza,West Giza,6th of October,1st,Yes,completed,2877492.66
225.1,,3,1,1,0,1,Giza,West Giza,Mohandessin,1st,No,completed,7532471.84
297.1,3.0,3,0,1,1,1,Cairo,Old Cairo,Maadi,3rd,Yes,completed,10737444.22
96.0,3.0,2,0,1,0,1,Alexandria,West,Borg El Arab,1st,Semi,completed,1529896.23
149.8,3.0,3,0,1,0,1,Mansoura,Central,Toriel,1st,Yes,completed,2282285.83
110.0,3.0,2,0,0,1,1,Cairo,Old Cairo,Downtown,2nd,Yes,completed,4462249.72
121.5,2.0,2,0,0,1,1,Cairo,Old Cairo,Maadi,2nd,Semi,completed,4300999.34
86.5,3.0,2,0,1,1,1,Giza,New Giza,New Giza,2nd,Yes,completed,4603436.77
82.2,3.0,3,0,0,1,1,Alexandria,East,Sidi Gaber,2nd,No,completed,2074763.35
165.4,2.0,2,0,1,1,1,Alexandria,West,Borg El Arab,1st,No,under_construction,2606597.42
269.1,4.0,3,0,0,0,1,Cairo,Old Cairo,Downtown,1st,Semi,completed,8389297.74
141.5,3.0,2,0,0,1,0,Giza,New Giza,New Giza,2nd,No,under_construction,5377884.13
61.8,3.0,3,0,1,0,1,Cairo,New Cairo,Nasr City,1st,Yes,completed,2164244.47
136.2,2.0,1,0,1,1,1,Alexandria,East,Smouha,3rd,Semi,completed,4184227.65
109.5,,1,1,1,1,1,Tanta,Central,Saeed,1st,Semi,under_construction,1183581.73
141.3,2.0,1,0,0,1,1,Giza,New Giza,New Giza,1st,Semi,off_plan,5773646.22
127.0,3.0,2,0,1,1,1,Giza,West Giza,Haram,3rd,Semi,completed,2572093.57
167.2,3.0,2,0,1,1,1,Giza,West Giza,Mohandessin,1st,Semi,under_construction,4198453.06
171.1,1.0,1,0,1,1,1,Cairo,Old Cairo,Downtown,1st,No,completed,4360974.67
146.2,2.0,1,0,1,1,1,Cairo,Old Cairo,Zamalek,2nd,Yes,completed,10029068.45
88.8,4.0,3,0,1,1,1,Cairo,Old Cairo,Downtown,1st,Semi,under_construction,2275468.59
98.6,3.0,2,0,0,1,1,Tanta,Central,El Geish,2nd,Semi,under_construction,1497362.57
181.0,1.0,1,0,1,1,1,Cairo,New Cairo,Heliopolis,1st,Semi,completed,7059167.45
196.1,3.0,2,0,1,1,1,Cairo,New Cairo,First Settlement,2nd,No,completed,7023094.02
185.2,3.0,3,0,1,1,1,Giza,New Giza,New Giza,2nd,No,under_construction,8240106.69
128.7,2.0,2,0,1,1,1,Cairo,New Cairo,Heliopolis,1st,Semi,completed,4386512.85
131.8,3.0,2,0,1,0,1,Cairo,New Cairo,Madinaty,1st,Semi,completed,5909332.87
141.8,2.0,2,0,1,1,1,Alexandria,West,Agami,1st,Yes,completed,3484716.02
94.3,1.0,1,0,1,0,1,Giza,West Giza,6th of October,2nd,Yes,completed,3330393.6
84.7,2.0,1,0,0,0,1,Giza,West Giza,Haram,1st,No,under_construction,1350621.04
110.3,2.0,2,0,1,0,1,Giza,West Giza,Sheikh Zayed,3rd,No,under_construction,4539484.55
123.0,5.0,5,0,0,1,1,Cairo,Old Cairo,Downtown,1st,No,under_construction,3470065.44
197.6,2.0,2,0,1,1,1,Giza,West Giza,6th of October,3rd,No,completed,6513639.81
111.9,4.0,3,0,1,1,1,Mansoura,Central,Toriel,1st,Yes,off_plan,1492344.85
91.5,4.0,3,0,1,1,1,Giza,New Giza,New Giza,1st,Semi,under_construction,4256541.85
121.8,3.0,2,0,0,1,0,Mansoura,Central,El Mashaya,2nd,No,under_construction,1462248.59
169.3,4.0,3,0,1,1,1,Cairo,Old Cairo,Downtown,2nd,Yes,completed,5727336.54
107.5,2.0,1,0,1,1,1,Alexandria,East,Sidi Bishr,2nd,Yes,under_construction,2427341.46
115.3,3.0,2,0,1,1,1,Alexandria,West,Agami,2nd,Yes,completed,2803996.79
176.4,2.0,2,0,1,1,1,Cairo,New Cairo,Heliopolis,1st,No,under_construction,5441324.57
129.8,2.0,2,0,1,1,1,Giza,West Giza,6th of October,2nd,Yes,completed,3933642.47
68.5,4.0,4,0,1,1,1,Giza,West Giza,Sheikh Zayed,2nd,No,completed,2986733.02
160.4,2.0,2,0,1,0,1,Giza,New Giza,New Giza,2nd,No,completed,8913049.36
149.6,3.0,3,0,1,0,1,Giza,West Giza,Haram,2nd,No,completed,3188437.56
111.0,4.0,4,0,1,1,1,Cairo,New Cairo,Rehab,2nd,Yes,completed,5360139.09
133.9,3.0,2,0,0,0,1,Alexandria,West,Agami,2nd,Yes,completed,3063068.82
153.3,,1,1,1,1,1,Giza,New Giza,New Giza,1st,No,completed,8413720.49
88.7,5.0,4,0,1,0,0,Giza,West Giza,Mohandessin,1st,No,under_construction,2261932.05
106.2,3.0,3,0,1,1,1,Cairo,New Cairo,First Settlement,3rd,Semi,completed,4583367.31
113.2,4.0,4,0,0,0,1,Tanta,Central,El Geish,1st,No,off_plan,1418825.19
107.9,3.0,2,0,1,1,1,Cairo,New Cairo,Rehab,3rd,No,under_construction,4461409.25
78.1,1.0,1,0,1,1,1,Cairo,Old Cairo,Maadi,3rd,Semi,completed,2504233.68
105.6,5.0,5,0,1,1,1,Mansoura,Central,El Mashaya,2nd,No,completed,1969648.07
183.8,1.0,1,0,1,1,1,Mansoura,Central,El Mashaya,2nd,No,completed,3118093.88
124.6,3.0,2,0,1,1,1,Cairo,New Cairo,First Settlement,2nd,No,under_construction,4256872.21
108.3,3.0,3,0,1,1,1,Giza,West Giza,Mohandessin,2nd,No,completed,4042115.84
121.2,2.0,2,0,1,0,1,Cairo,Old Cairo,Maadi,1st,Yes,off_plan,3532713.0
138.3,2.0,1,0,1,1,1,Alexandria,West,Borg El Arab,1st,Semi,completed,2536904.52
121.1,2.0,1,0,1,1,1,Giza,New Giza,New Giza,1st,No,under_construction,4794991.87
206.4,4.0,4,0,1,0,1,Cairo,New Cairo,Fifth Settlement,3rd,Semi,completed,11317769.76
108.2,1.0,1,0,1,1,1,Giza,New Giza,New Giza,2nd,No,under_construction,5455330.45
105.6,1.0,1,0,1,0,1,Giza,West Giza,6th of October,2nd,No,completed,3993221.73
207.8,3.0,2,0,1,1,1,Tanta,Central,El Geish,1st,Yes,completed,3883750.81
206.8,4.0,3,0,1,0,1,Cairo,Old Cairo,Downtown,2nd,No,completed,6987445.17
84.9,3.0,2,0,1,1,1,Cairo,New Cairo,Heliopolis,2nd,Semi,completed,2952350.66
261.0,,2,1,0,1,1,Alexandria,East,Sidi Bishr,1st,No,completed,5998282.45
87.2,1.0,1,0,1,1,1,Tanta,Central,Saeed,1st,Yes,under_construction,1128241.75
137.2,3.0,2,0,1,1,1,Cairo,Old Cairo,Maadi,1st,No,completed,5110008.63
132.3,2.0,1,0,1,1,1,Giza,New Giza,New Giza,2nd,Yes,completed,6883045.59
59.0,3.0,3,0,1,1,1,Giza,New Giza,New Giza,2nd,No,off_plan,2604689.38
122.3,3.0,3,0,1,0,1,Giza,New Giza,New Giza,2nd,No,completed,7379005.8
128.7,3.0,2,0,1,1,1,Cairo,Old Cairo,Zamalek,2nd,No,completed,8182218.43
118.9,3.0,2,0,1,1,1,Cairo,New Cairo,First Settlement,1st,No,completed,4631270.28
155.6,2.0,1,0,1,1,1,Tanta,Central,Saeed,1st,No,completed,2561309.63
165.0,3.0,2,0,1,1,1,Cairo,Old Cairo,Zamalek,1st,No,under_construction,8548679.52
140.9,1.0,1,0,1,0,1,Cairo,Old Cairo,Maadi,1st,No,completed,5309158.51
88.2,4.0,3,0,1,1,1,Giza,West Giza,6th of October,1st,No,completed,2698087.76
117.6,3.0,3,0,1,0,1,Cairo,Old Cairo,Maadi,1st,Yes,completed,4727290.4
49.7,3.0,2,0,1,1,1,Giza,West Giza,6th of October,1st,Semi,completed,1733881.79
147.9,,3,1,1,1,1,Cairo,Old Cairo,Zamalek,1st,Yes,completed,9266113.6
116.0,3.0,3,0,1,1,1,Tanta,Central,El Geish,2nd,No,under_construction,1517172.76
106.3,2.0,1,0,1,1,0,Cairo,Old Cairo,Zamalek,1st,No,completed,6413322.64
135.3,3.0,2,0,1,1,1,Alexandria,West,Borg El Arab,2nd,No,completed,2141896.92
166.0,3.0,2,0,1,1,0,Cairo,New Cairo,Madinaty,3rd,Semi,completed,7817387.91
119.0,1.0,1,0,1,1,1,Giza,New Giza,New Giza,2nd,Semi,completed,7467762.7
110.6,4.0,4,0,1,1,1,Tanta,Central,El Geish,1st,Yes,completed,1731252.59
60.8,1.0,1,0,1,1,0,Cairo,Old Cairo,Downtown,2nd,No,under_construction,1543443.36
153.9,3.0,3,0,1,0,0,Giza,New Giza,New Giza,1st,Yes,completed,9615857.1
109.2,3.0,2,0,1,0,1,Cairo,New Cairo,Heliopolis,1st,No,completed,4053899.25
95.9,5.0,5,0,1,1,1,Giza,New Giza,New Giza,1st,Yes,completed,5634531.43
230.0,2.0,2,0,0,1,1,Cairo,New Cairo,Fifth Settlement,1st,No,completed,11076293.04
232.7,3.0,2,0,1,1,0,Giza,West Giza,Mohandessin,1st,No,completed,7463399.09
118.3,2.0,2,0,0,0,1,Alexandria,West,Borg El Arab,2nd,No,completed,2001318.98
118.0,4.0,3,0,1,1,1,Alexandria,West,Borg El Arab,1st,Semi,completed,2427525.21
186.1,1.0,1,0,1,0,1,Cairo,Old Cairo,Downtown,2nd,Semi,completed,5860958.66
172.3,2.0,1,0,0,0,1,Cairo,Old Cairo,Maadi,3rd,Yes,completed,6618814.81
99.4,2.0,2,0,1,0,1,Cairo,New Cairo,Heliopolis,2nd,Yes,under_construction,3027828.12
126.8,3.0,2,0,1,1,1,Cairo,Old Cairo,Downtown,2nd,Yes,under_construction,4198965.61
145.2,1.0,1,0,0,1,1,Giza,West Giza,6th of October,3rd,Yes,completed,4776453.78
85.9,,3,1,0,0,1,Cairo,New Cairo,Nasr City,4th,No,completed,2722214.76
123.4,4.0,3,0,1,1,1,Cairo,New Cairo,Heliopolis,1st,No,under_construction,3119094.33
114.7,2.0,1,0,0,1,1,Cairo,Old Cairo,Maadi,3rd,Semi,off_plan,3470248.21
76.8,3.0,3,0,1,1,1,Giza,West Giza,6th of October,1st,No,under_construction,1772158.86
61.1,2.0,1,0,1,0,1,Cairo,New Cairo,Madinaty,1st,No,completed,2833426.33
86.6,1.0,1,0,1,0,1,Giza,West Giza,6th of October,2nd,No,under_construction,2634457.3
82.9,3.0,2,0,0,1,1,Alexandria,East,Sidi Bishr,2nd,Yes,completed,2176981.27
138.8,3.0,3,0,0,1,1,Cairo,New Cairo,Rehab,1st,Yes,completed,6389796.96
97.7,3.0,3,0,1,1,1,Alexandria,East,Sidi Bishr,2nd,No,off_plan,1741548.39
103.3,2.0,2,0,1,1,1,Cairo,Old Cairo,Downtown,1st,No,under_construction,2437591.2
114.7,1.0,1,0,1,0,1,Alexandria,East,Smouha,3rd,Semi,completed,3144695.79
118.6,3.0,3,0,1,1,1,Cairo,New Cairo,First Settlement,3rd,No,under_construction,4066482.88
65.1,1.0,1,0,1,0,1,Giza,West Giza,Haram,3rd,Yes,completed,1208814.41
147.4,1.0,1,0,1,0,1,Giza,New Giza,New Giza,2nd,No,completed,8588176.78
148.6,2.0,2,0,0,1,1,Cairo,Old Cairo,Zamalek,2nd,Yes,completed,10034918.92
68.7,4.0,3,0,1,1,1,Tanta,Central,El Geish,2nd,Semi,under_construction,959168.55
81.3,2.0,1,0,1,0,1,Alexandria,East,Sidi Gaber,1st,No,under_construction,1774698.96
119.5,1.0,1,0,1,1,1,Giza,West Giza,Mohandessin,1st,No,under_construction,3219840.19
96.0,4.0,4,0,1,1,1,Giza,New Giza,New Giza,1st,No,completed,5457242.47
114.9,2.0,1,0,1,1,1,Mansoura,Central,El Mashaya,2nd,Semi,completed,2232003.95
47.7,1.0,1,0,1,1,1,Giza,New Giza,New Giza,2nd,No,completed,3136007.65
194.7,3.0,2,0,1,1,1,Giza,West Giza,Mohandessin,1st,No,completed,5931425.41
240.0,2.0,2,0,0,0,1,Giza,West Giza,Sheikh Zayed,1st,No,completed,10648530.7
127.4,1.0,1,0,1,1,1,Giza,New Giza,New Giza,1st,Semi,completed,6854797.25
86.9,3.0,3,0,1,1,1,Cairo,New Cairo,Nasr City,2nd,No,completed,2740307.8
160.3,5.0,5,0,0,1,1,Cairo,Old Cairo,Maadi,2nd,No,off_plan,4309728.31
124.7,3.0,3,0,1,1,1,Cairo,New Cairo,Nasr City,1st,Yes,completed,3939675.88
107.9,1.0,1,0,1,1,1,Giza,West Giza,Haram,3rd,Semi,completed,2214779.02
98.0,2.0,1,0,1,0,1,Giza,West Giza,Sheikh Zayed,2nd,No,under_construction,3973112.4
80.9,,2,1,1,0,1,Alexandria,East,Smouha,3rd,Semi,completed,2709699.74
201.3,,2,1,1,1,1,Giza,West Giza,Sheikh Zayed,3rd,No,completed,9132919.75
81.1,2.0,1,0,1,1,1,Giza,West Giza,Haram,3rd,No,completed,1633747.27
72.8,5.0,4,0,1,1,1,Cairo,Old Cairo,Maadi,1st,No,off_plan,2346263.51
114.8,2.0,1,0,1,1,1,Giza,New Giza,New Giza,2nd,Semi,completed,6013949.76
76.5,2.0,2,0,0,1,1,Cairo,Old Cairo,Zamalek,1st,Semi,off_plan,3665219.06
152.7,2.0,1,0,1,0,1,Cairo,New Cairo,Heliopolis,1st,No,completed,4484160.02
112.1,2.0,1,0,1,1,1,Giza,New Giza,New Giza,2nd,No,under_construction,5053083.41
91.8,3.0,3,0,1,0,1,Cairo,Old Cairo,Zamalek,1st,Semi,under_construction,4946169.82
135.5,4.0,3,0,1,1,1,Giza,New Giza,New Giza,1st,Yes,under_construction,6748726.54
81.4,4.0,4,0,0,1,1,Cairo,New Cairo,Madinaty,4th,Semi,completed,3835584.18
156.5,,2,1,1,1,1,Cairo,New Cairo,First Settlement,3rd,No,completed,6338939.74
80.1,3.0,3,0,0,1,1,Giza,New Giza,New Giza,2nd,No,completed,4715634.06
134.5,5.0,5,0,1,0,1,Giza,West Giza,Sheikh Zayed,3rd,Semi,completed,6497409.81
149.1,2.0,1,0,1,1,1,Cairo,Old Cairo,Downtown,1st,No,completed,4567290.33
85.8,3.0,3,0,1,0,1,Cairo,New Cairo,Fifth Settlement,2nd,No,completed,4645091.9
289.4,4.0,4,0,1,1,1,Giza,West Giza,6th of October,2nd,No,completed,9592522.05
118.7,2.0,2,0,1,1,1,Giza,West Giza,Dokki,2nd,Semi,completed,4049467.85
103.3,2.0,1,0,1,1,1,Cairo,Old Cairo,Downtown,2nd,No,completed,3258989.3
200.2,2.0,1,0,0,1,1,Cairo,New Cairo,Nasr City,2nd,No,completed,5341901.33
98.4,2.0,1,0,1,0,1,Cairo,Old Cairo,Downtown,2nd,Yes,completed,3246829.56
172.8,5.0,5,0,1,0,1,Cairo,Old Cairo,Maadi,1st,Yes,completed,7947767.5
131.1,3.0,3,0,1,1,1,Alexandria,West,Borg El Arab,1st,Yes,completed,2316438.71
56.7,2.0,1,0,1,1,1,Cairo,New Cairo,Fifth Settlement,3rd,Yes,completed,3142160.77
164.8,2.0,1,0,1,1,1,Giza,New Giza,New Giza,1st,No,completed,9932221.79
76.1,3.0,3,0,1,0,1,Cairo,New Cairo,Madinaty,1st,Yes,under_construction,3540269.43
85.7,,2,1,1,1,1,Cairo,New Cairo,Nasr City,1st,No,completed,2526784.71
90.2,2.0,1,0,1,0,1,Cairo,Old Cairo,Downtown,1st,Yes,under_construction,2749049.45
85.2,1.0,1,0,1,0,1,Cairo,New Cairo,Fifth Settlement,3rd,No,completed,3756313.94
98.3,3.0,2,0,0,1,1,Cairo,New Cairo,Fifth Settlement,1st,Yes,completed,6272644.08
121.5,2.0,1,0,1,1,1,Giza,New Giza,New Giza,2nd,No,completed,6825797.64
149.2,2.0,1,0,1,1,1,Cairo,New Cairo,Fifth Settlement,1st,Yes,completed,9267972.19
132.3,5.0,4,0,1,0,1,Cairo,New Cairo,Madinaty,3rd,No,completed,6673144.05
149.2,1.0,1,0,1,0,1,Alexandria,East,Sidi Gaber,1st,No,completed,3565298.29
88.1,3.0,2,0,1,1,0,Alexandria,East,Sidi Bishr,1st,Semi,completed,2253370.31
173.0,,3,1,1,1,1,Cairo,Old Cairo,Maadi,1st,No,completed,5696886.61
187.0,4.0,3,0,1,1,1,Giza,New Giza,New Giza,2nd,No,completed,9361290.91
130.0,3.0,3,0,1,1,1,Cairo,New Cairo,Fifth Settlement,2nd,Yes,off_plan,6568621.25
100.6,1.0,1,0,1,1,1,Cairo,New Cairo,Heliopolis,2nd,No,off_plan,2190340.59
114.4,5.0,4,0,1,1,1,Giza,West Giza,Mohandessin,2nd,Yes,completed,4459760.32
85.2,4.0,3,0,1,1,1,Tanta,Central,Saeed,1st,No,completed,1165550.62
141.2,3.0,2,0,1,1,1,Cairo,Old Cairo,Zamalek,1st,No,off_plan,5967437.53
261.1,3.0,2,0,1,0,1,Giza,West Giza,Dokki,1st,No,completed,7050122.74
182.1,3.0,2,0,1,0,1,Tanta,Central,Saeed,1st,No,under_construction,2082630.13
67.7,3.0,3,0,1,0,1,Giza,New Giza,New Giza,2nd,Yes,completed,4168780.14
105.9,3.0,3,0,1,1,1,Giza,West Giza,6th of October,3rd,No,under_construction,2666835.6
136.6,3.0,3,0,1,0,1,Cairo,New Cairo,Rehab,1st,No,completed,6711058.05
120.8,1.0,1,0,1,0,1,Giza,New Giza,New Giza,2nd,Semi,completed,7229153.54
155.5,5.0,4,0,1,0,1,Giza,West Giza,Dokki,2nd,Semi,completed,5109247.14
122.9,2.0,1,0,1,1,1,Cairo,New Cairo,Heliopolis,2nd,No,completed,4470990.24
78.9,3.0,2,0,0,1,1,Giza,New Giza,New Giza,2nd,No,completed,3957128.64
125.9,,4,1,1,1,1,Cairo,New Cairo,Fifth Settlement,1st,No,completed,6808790.33
145.8,4.0,3,0,0,1,1,Mansoura,Central,Toriel,1st,Semi,under_construction,1959514.51
151.6,3.0,2,0,1,1,1,Cairo,Old Cairo,Zamalek,2nd,No,under_construction,8088863.48
94.3,3.0,2,0,1,0,1,Cairo,New Cairo,Madinaty,2nd,No,completed,4434260.82
164.1,2.0,1,0,1,1,1,Giza,New Giza,New Giza,2nd,No,completed,9809547.08
85.9,3.0,3,0,1,1,1,Cairo,Old Cairo,Zamalek,1st,No,completed,5325645.12
114.8,4.0,3,0,1,1,1,Cairo,Old Cairo,Zamalek,1st,Semi,under_construction,6095629.09
112.2,2.0,2,0,1,1,1,Giza,West Giza,6th of October,1st,No,completed,4007821.63
49.1,2.0,1,0,1,1,1,Giza,West Giza,Haram,1st,No,completed,1207199.12
170.2,3.0,3,0,1,0,0,Giza,New Giza,New Giza,2nd,No,under_construction,9135012.48
228.8,3.0,3,0,1,0,1,Cairo,Old Cairo,Downtown,2nd,No,completed,7424061.3
145.4,3.0,3,0,1,0,1,Cairo,Old Cairo,Maadi,2nd,No,under_construction,3940962.73
235.1,3.0,3,0,1,0,1,Cairo,Old Cairo,Zamalek,2nd,No,completed,12563459.58
96.5,2.0,2,0,1,0,1,Alexandria,East,Sidi Bishr,2nd,Yes,completed,2534235.55
79.8,4.0,4,0,1,1,1,Cairo,Old Cairo,Maadi,2nd,Yes,completed,3576834.54
85.9,3.0,2,0,1,1,1,Alexandria,West,Borg El Arab,1st,No,completed,1399140.98
245.9,4.0,4,0,0,1,1,Cairo,Old Cairo,Maadi,2nd,No,under_construction,7662187.79
110.5,3.0,3,0,1,1,1,Cairo,New Cairo,Nasr City,4th,Yes,off_plan,2882706.43
142.0,3.0,3,0,1,0,1,Mansoura,Central,Toriel,1st,No,completed,1970245.66
101.4,5.0,4,0,1,1,1,Alexandria,West,Agami,2nd,No,completed,2264150.9
94.3,3.0,2,0,1,1,1,Alexandria,East,Smouha,3rd,Semi,completed,2727840.81
188.2,2.0,2,0,1,1,1,Cairo,Old Cairo,Zamalek,2nd,No,completed,11874379.35
128.9,4.0,4,0,1,0,1,Cairo,Old Cairo,Maadi,3rd,No,completed,5332900.63
232.8,2.0,1,0,1,1,1,Cairo,New Cairo,Fifth Settlement,1st,Semi,off_plan,9496830.65
116.9,2.0,2,0,1,1,0,Cairo,New Cairo,First Settlement,3rd,Semi,under_construction,4433949.97
83.7,5.0,5,0,0,1,1,Tanta,Central,Saeed,1st,No,completed,1238050.98
107.3,3.0,2,0,0,0,1,Cairo,New Cairo,Nasr City,3rd,Yes,off_plan,2285748.88
132.1,1.0,1,0,1,1,1,Cairo,New Cairo,Heliopolis,1st,Yes,completed,5131382.41
90.2,3.0,3,0,1,0,1,Giza,New Giza,New Giza,1st,No,completed,5313226.2
182.3,1.0,1,0,1,1,1,Alexandria,East,Smouha,3rd,Semi,completed,4956642.38
73.0,2.0,2,0,1,0,1,Alexandria,West,Borg El Arab,1st,No,completed,1229170.29
78.9,4.0,3,0,0,1,1,Giza,West Giza,Mohandessin,1st,Yes,under_construction,2910929.06
220.7,3.0,2,0,1,0,1,Alexandria,East,Sidi Gaber,1st,Yes,completed,5439291.79
91.9,,2,1,0,1,1,Cairo,New Cairo,Fifth Settlement,2nd,Yes,completed,5805692.43
114.5,3.0,3,0,1,0,0,Tanta,Central,Saeed,1st,No,completed,1812372.38
75.1,2.0,1,0,1,1,1,Giza,West Giza,Dokki,2nd,No,completed,2441896.26
155.4,4.0,4,0,1,0,1,Cairo,Old Cairo,Downtown,1st,No,off_plan,3924915.79
137.1,2.0,1,0,1,0,1,Cairo,New Cairo,Heliopolis,2nd,Semi,completed,4954325.93
145.0,2.0,2,0,1,1,1,Cairo,New Cairo,Madinaty,3rd,Yes,completed,7565759.21
111.9,3.0,3,0,1,0,1,Cairo,Old Cairo,Downtown,1st,No,completed,3758323.75
158.4,3.0,2,0,0,1,1,Cairo,New Cairo,First Settlement,2nd,Semi,completed,5843205.08
131.7,4.0,3,0,1,1,1,Giza,West Giza,6th of October,2nd,No,under_construction,3451127.75
260.0,,2,1,1,1,1,Giza,New Giza,New Giza,1st,No,completed,12297408.79
102.8,3.0,2,0,1,1,1,Cairo,Old Cairo,Downtown,2nd,No,completed,3069727.48
63.7,1.0,1,0,0,1,1,Giza,West Giza,Mohandessin,1st,No,completed,2118931.04
182.4,1.0,1,0,0,1,1,Giza,West Giza,Mohandessin,2nd,Yes,completed,6726877.18
144.5,3.0,3,0,1,1,1,Cairo,Old Cairo,Zamalek,2nd,No,completed,9181369.84
174.8,3.0,2,0,0,1,1,Cairo,New Cairo,Rehab,3rd,No,completed,7619347.9
136.3,3.0,3,0,1,0,1,Giza,West Giza,6th of October,3rd,Yes,under_construction,4315547.46
112.3,3.0,3,0,1,1,1,Alexandria,West,Borg El Arab,1st,Semi,completed,1946198.42
226.0,3.0,2,0,1,1,1,Cairo,Old Cairo,Maadi,2nd,Semi,completed,7494032.89
93.0,5.0,4,0,0,1,1,Alexandria,East,Sidi Gaber,1st,No,completed,2447790.43
109.7,2.0,1,0,1,0,1,Giza,West Giza,Dokki,1st,No,under_construction,2640632.19
160.0,4.0,4,0,1,0,1,Cairo,New Cairo,Heliopolis,2nd,No,completed,6215471.79
100.7,3.0,3,0,0,0,1,Mansoura,Central,Toriel,1st,No,under_construction,1191325.62
127.9,3.0,3,0,1,0,1,Cairo,New Cairo,Rehab,1st,Yes,under_construction,5586917.86
92.7,4.0,3,0,1,1,1,Cairo,Old Cairo,Downtown,2nd,No,completed,3587498.87
112.6,4.0,4,0,1,1,1,Cairo,Old Cairo,Zamalek,1st,Yes,completed,8359702.19
182.8,1.0,1,0,1,1,1,Cairo,Old Cairo,Maadi,1st,No,under_construction,4917069.67
99.4,4.0,3,0,1,1,1,Cairo,Old Cairo,Maadi,1st,Yes,completed,4093083.44
106.2,2.0,1,0,1,1,1,Giza,New Giza,New Giza,1st,Semi,completed,6373387.13
170.4,1.0,1,0,1,0,1,Cairo,Old Cairo,Maadi,1st,No,completed,5647710.57
147.5,3.0,3,0,1,1,1,Giza,West Giza,Sheikh Zayed,2nd,No,under_construction,5242349.19
56.6,2.0,2,0,0,1,1,Giza,West Giza,Haram,3rd,No,completed,1217147.55
134.6,3.0,2,0,1,0,1,Giza,West Giza,Dokki,2nd,No,completed,3750420.98
134.7,3.0,2,0,1,1,1,Giza,West Giza,Haram,2nd,Semi,completed,2834444.58
62.7,3.0,3,0,1,1,1,Cairo,Old Cairo,Downtown,2nd,Yes,completed,2331382.25
133.6,3.0,3,0,1,1,1,Giza,New Giza,New Giza,2nd,Yes,completed,9295372.12
159.5,2.0,2,0,1,1,1,Giza,New Giza,New Giza,2nd,No,completed,9379511.0
73.0,3.0,3,0,1,1,1,Giza,West Giza,Mohandessin,1st,No,completed,2983578.82
88.5,3.0,2,0,1,1,1,Giza,New Giza,New Giza,1st,Yes,completed,6456741.76
138.8,,2,1,1,1,1,Giza,West Giza,6th of October,3rd,Yes,off_plan,3753094.96
144.1,2.0,1,0,1,1,1,Tanta,Central,Saeed,1st,No,completed,2229619.8
137.2,1.0,1,0,1,1,1,Tanta,Central,Saeed,1st,Semi,under_construction,1688523.08
160.6,,1,1,1,1,1,Cairo,New Cairo,First Settlement,2nd,Yes,completed,7333811.65
125.9,4.0,4,0,0,1,1,Cairo,Old Cairo,Zamalek,2nd,No,completed,8508810.32
129.0,5.0,5,0,1,0,1,Alexandria,West,Agami,2nd,Yes,under_construction,2021791.46
183.7,2.0,2,0,1,1,1,Cairo,Old Cairo,Zamalek,1st,Yes,completed,12755111.72
156.9,3.0,3,0,1,1,1,Cairo,New Cairo,Fifth Settlement,1st,Semi,completed,8021485.57
78.8,1.0,1,0,1,1,1,Cairo,Old Cairo,Maadi,1st,Yes,completed,3041932.38
182.8,3.0,3,0,1,0,1,Giza,West Giza,6th of October,2nd,No,completed,5809819.98
171.0,4.0,4,0,1,1,1,Giza,West Giza,Sheikh Zayed,3rd,Yes,completed,9189647.74
142.4,3.0,2,0,1,1,1,Cairo,Old Cairo,Downtown,2nd,Yes,completed,5153516.23
153.1,1.0,1,0,1,1,1,Giza,West Giza,Sheikh Zayed,1st,Semi,under_construction,5992789.86
164.4,2.0,1,0,1,1,1,Cairo,New Cairo,Fifth Settlement,2nd,No,completed,8403233.63
99.8,3.0,3,0,1,1,1,Mansoura,Central,Toriel,1st,Semi,completed,1563470.63
166.8,4.0,3,0,1,1,1,Cairo,Old Cairo,Maadi,1st,No,off_plan,4547185.37
115.9,2.0,1,0,1,0,1,Giza,West Giza,Dokki,2nd,Yes,completed,3658903.59
161.9,3.0,2,0,1,0,1,Alexandria,East,Sidi Gaber,2nd,No,completed,4343117.36
158.6,3.0,2,0,0,1,1,Cairo,New Cairo,Madinaty,4th,No,off_plan,5594523.61
273.8,3.0,3,0,1,0,1,Giza,West Giza,Haram,1st,No,completed,5647072.25
85.3,3.0,2,0,1,1,1,Alexandria,East,Sidi Bishr,2nd,No,under_construction,1692382.08
208.9,,2,1,1,1,0,Giza,West Giza,Mohandessin,1st,No,completed,7217527.48
102.0,3.0,3,0,1,1,1,Cairo,Old Cairo,Maadi,1st,No,off_plan,2863218.35
70.2,4.0,3,0,1,1,1,Giza,New Giza,New Giza,2nd,No,completed,3862228.31
98.6,1.0,1,0,0,1,1,Alexandria,East,Smouha,1st,No,under_construction,2189738.82
116.7,3.0,3,0,1,1,1,Giza,West Giza,Haram,2nd,No,under_construction,2046053.77
85.5,,2,1,0,1,1,Cairo,New Cairo,Heliopolis,2nd,No,under_construction,2666542.59
120.8,,1,1,1,1,1,Cairo,New Cairo,Rehab,3rd,No,completed,5632568.28
141.3,2.0,2,0,1,1,0,Giza,West Giza,Mohandessin,2nd,No,under_construction,4228285.03
102.7,3.0,2,0,1,1,1,Cairo,Old Cairo,Downtown,1st,No,completed,2972137.69
226.9,3.0,2,0,1,1,1,Giza,New Giza,New Giza,1st,Yes,completed,14288052.97
115.0,3.0,2,0,1,1,1,Alexandria,West,Borg El Arab,1st,Semi,completed,1871284.66
77.7,4.0,3,0,1,0,1,Alexandria,West,Borg El Arab,1st,No,completed,1490537.73
72.5,5.0,5,0,1,1,1,Cairo,Old Cairo,Zamalek,2nd,No,completed,5319097.23
119.8,2.0,2,0,1,1,1,Alexandria,West,Agami,2nd,No,completed,2400889.79
88.9,2.0,1,0,1,0,1,Giza,West Giza,Dokki,2nd,No,completed,2318196.1
177.8,,3,1,1,1,1,Cairo,Old Cairo,Downtown,2nd,No,completed,5354886.95
160.3,2.0,2,0,1,1,1,Giza,West Giza,Dokki,1st,No,under_construction,3518381.23
92.8,1.0,1,0,1,1,1,Cairo,New Cairo,Fifth Settlement,3rd,Semi,completed,4952138.3
125.1,3.0,3,0,0,0,1,Tanta,Central,El Geish,2nd,Semi,off_plan,1474221.35
173.1,4.0,3,0,1,1,1,Cairo,New Cairo,Fifth Settlement,3rd,Semi,completed,9836399.92
105.5,2.0,2,0,1,1,1,Tanta,Central,Saeed,1st,Semi,off_plan,1113025.88
110.1,2.0,1,0,1,1,1,Giza,West Giza,Sheikh Zayed,1st,No,completed,5272521.51
140.4,4.0,3,0,1,1,1,Alexandria,East,Smouha,1st,Semi,completed,3825047.36
113.0,1.0,1,0,1,0,1,Giza,New Giza,New Giza,2nd,No,completed,5889296.9
169.2,2.0,1,0,1,1,1,Giza,New Giza,New Giza,1st,Yes,completed,9889452.09
197.8,2.0,1,0,1,1,1,Cairo,Old Cairo,Zamalek,1st,Yes,under_construction,11025319.67
154.4,4.0,4,0,1,0,1,Cairo,Old Cairo,Downtown,1st,Semi,completed,5186250.47
104.4,2.0,2,0,1,0,1,Cairo,New Cairo,Rehab,3rd,No,completed,5016117.54
58.7,3.0,2,0,1,0,1,Tanta,Central,El Geish,2nd,No,under_construction,793990.43
187.3,3.0,2,0,0,1,1,Giza,West Giza,6th of October,3rd,No,completed,5647989.91
122.8,4.0,4,0,1,0,1,Cairo,Old Cairo,Maadi,1st,No,completed,4820361.96
120.5,3.0,2,0,1,1,1,Cairo,Old Cairo,Downtown,2nd,No,off_plan,2571585.83
126.6,2.0,1,0,1,1,1,Giza,New Giza,New Giza,1st,No,completed,6460112.7
224.9,3.0,2,0,1,1,1,Alexandria,East,Smouha,1st,No,completed,6951471.68
144.4,1.0,1,0,1,0,1,Cairo,New Cairo,Madinaty,2nd,No,completed,6320450.18
121.3,4.0,4,0,1,0,1,Mansoura,Central,Toriel,1st,No,completed,2152400.64
97.5,2.0,1,0,1,1,1,Cairo,Old Cairo,Downtown,1st,No,completed,3601041.83
92.9,2.0,1,0,1,1,1,Giza,West Giza,Sheikh Zayed,3rd,No,under_construction,3578435.2
152.0,3.0,3,0,1,1,1,Cairo,Old Cairo,Zamalek,1st,Yes,completed,12090099.56
58.9,3.0,2,0,0,1,1,Giza,West Giza,6th of October,3rd,No,under_construction,1752872.67
138.5,,3,1,1,1,1,Alexandria,East,Smouha,3rd,No,completed,3859864.34
84.8,,2,1,1,1,1,Cairo,Old Cairo,Zamalek,2nd,No,completed,5671416.23
150.0,3.0,3,0,1,1,1,Mansoura,Central,Toriel,1st,Semi,completed,2416629.96
79.2,3.0,2,0,1,1,1,Cairo,Old Cairo,Downtown,1st,Yes,completed,3213480.0
80.3,2.0,2,0,1,0,1,Giza,West Giza,Sheikh Zayed,1st,Semi,under_construction,3430912.91
115.7,3.0,2,0,1,1,1,Alexandria,East,Smouha,2nd,Semi,under_construction,2775988.88
131.6,4.0,3,0,0,1,1,Giza,New Giza,New Giza,1st,No,completed,7155532.27
157.4,3.0,2,0,1,1,1,Mansoura,Central,Toriel,1st,Yes,under_construction,2062757.12
166.1,2.0,2,0,1,1,1,Alexandria,West,Borg El Arab,2nd,Yes,completed,3100674.1
131.2,2.0,1,0,1,1,1,Cairo,New Cairo,First Settlement,2nd,No,under_construction,4751422.98
74.9,2.0,2,0,1,1,1,Alexandria,East,Sidi Gaber,2nd,Yes,completed,2141326.72
132.5,4.0,3,0,1,1,1,Giza,West Giza,Mohandessin,2nd,No,under_construction,3903570.33
65.5,3.0,3,0,1,0,1,Cairo,New Cairo,Madinaty,4th,Semi,completed,3655119.44
63.3,2.0,1,0,1,1,1,Giza,West Giza,Haram,2nd,No,under_construction,1186931.62
52.9,3.0,2,0,1,0,1,Alexandria,East,Sidi Gaber,2nd,No,completed,1411780.57
91.1,1.0,1,0,1,1,1,Alexandria,East,Sidi Gaber,2nd,Yes,off_plan,1731325.01
108.8,1.0,1,0,1,1,1,Giza,New Giza,New Giza,1st,No,completed,5325493.72
153.0,2.0,1,0,1,1,0,Giza,New Giza,New Giza,2nd,Semi,completed,9639294.13
130.4,3.0,2,0,0,1,1,Cairo,New Cairo,Nasr City,3rd,No,completed,4262063.74
139.1,1.0,1,0,1,0,1,Cairo,Old Cairo,Zamalek,2nd,Semi,completed,9228624.0
122.8,2.0,2,0,0,1,0,Giza,New Giza,New Giza,1st,Yes,completed,7142255.56
101.4,3.0,3,0,1,1,1,Tanta,Central,El Geish,1st,Semi,completed,1587299.92
145.8,3.0,2,0,0,1,1,Mansoura,Central,El Mashaya,1st,No,off_plan,1701259.51
111.4,3.0,3,0,1,0,1,Giza,New Giza,New Giza,1st,No,under_construction,4873259.83
109.1,2.0,1,0,1,0,1,Giza,West Giza,Haram,1st,No,under_construction,1808804.16
99.5,2.0,1,0,1,1,1,Cairo,Old Cairo,Downtown,2nd,No,completed,3155247.89
96.2,1.0,1,0,1,1,1,Tanta,Central,El Geish,2nd,Yes,off_plan,1327990.94
87.0,2.0,2,0,1,1,1,Cairo,Old Cairo,Zamalek,2nd,No,under_construction,4756437.33
62.3,2.0,1,0,0,1,1,Alexandria,East,Sidi Gaber,1st,No,completed,1647483.28
156.3,2.0,1,0,1,0,1,Cairo,New Cairo,Fifth Settlement,1st,No,completed,8176271.51
111.3,5.0,4,0,0,1,1,Mansoura,Central,El Mashaya,2nd,Yes,completed,2164651.3
99.4,2.0,1,0,1,0,1,Alexandria,West,Borg El Arab,2nd,Yes,under_construction,1696861.17
208.2,4.0,3,0,1,1,1,Giza,West Giza,6th of October,3rd,No,completed,7519084.27
106.5,2.0,1,0,1,1,1,Giza,New Giza,New Giza,1st,No,completed,5468351.84
143.8,1.0,1,0,1,1,1,Cairo,Old Cairo,Downtown,1st,No,completed,4090055.79
102.5,3.0,3,0,1,1,1,Giza,West Giza,Mohandessin,1st,No,completed,3736482.91
122.0,3.0,2,0,0,0,1,Giza,New Giza,New Giza,2nd,No,completed,6919034.03
122.5,1.0,1,0,1,0,1,Cairo,Old Cairo,Zamalek,1st,No,under_construction,7053841.61
182.1,3.0,2,0,1,1,1,Giza,West Giza,Mohandessin,1st,No,under_construction,5554425.66
45.9,2.0,1,0,1,0,1,Cairo,Old Cairo,Zamalek,1st,Yes,completed,2990484.89
158.8,3.0,2,0,1,1,1,Giza,New Giza,New Giza,1st,No,under_construction,7495930.08
100.8,4.0,4,0,1,1,1,Giza,New Giza,New Giza,2nd,No,completed,6186281.82
100.1,3.0,2,0,1,1,1,Mansoura,Central,El Mashaya,1st,Yes,completed,1935537.39
83.0,3.0,2,0,1,1,1,Cairo,New Cairo,Nasr City,1st,No,under_construction,2438692.42
79.0,4.0,3,0,1,1,1,Cairo,Old Cairo,Maadi,3rd,Yes,completed,3338723.2
174.3,1.0,1,0,1,1,1,Giza,New Giza,New Giza,2nd,No,completed,10770957.74
106.8,3.0,3,0,1,0,1,Cairo,Old Cairo,Maadi,2nd,No,completed,4222861.49
309.0,4.0,4,0,0,1,1,Mansoura,Central,El Mashaya,2nd,Semi,completed,5284560.42
123.3,3.0,3,0,1,1,1,Mansoura,Central,Toriel,1st,No,off_plan,1297989.64
136.0,1.0,1,0,1,0,1,Giza,West Giza,6th of October,2nd,No,completed,4566536.83
81.9,2.0,1,0,1,1,1,Giza,West Giza,Dokki,2nd,Yes,completed,2389060.82
105.5,2.0,1,0,1,0,1,Giza,West Giza,Mohandessin,2nd,No,completed,3277834.98
155.7,3.0,2,0,0,0,1,Cairo,Old Cairo,Zamalek,2nd,No,completed,10436275.33
111.4,5.0,4,0,1,1,1,Alexandria,West,Borg El Arab,2nd,Yes,under_construction,1878152.6
179.2,2.0,2,0,1,1,1,Giza,New Giza,New Giza,1st,No,completed,10215816.51
107.8,4.0,4,0,1,1,1,Cairo,Old Cairo,Zamalek,2nd,Semi,off_plan,5077566.37
77.9,3.0,2,0,1,1,1,Cairo,Old Cairo,Downtown,2nd,Semi,completed,2412938.26
75.7,3.0,2,0,1,1,1,Giza,West Giza,Sheikh Zayed,1st,No,completed,3806105.1
157.0,,2,1,0,0,1,Giza,West Giza,Mohandessin,1st,No,completed,5943419.74
63.0,3.0,3,0,0,1,1,Cairo,New Cairo,Nasr City,4th,Yes,off_plan,1497612.23
52.7,2.0,2,0,1,0,1,Cairo,Old Cairo,Maadi,1st,Semi,completed,2161640.47
126.0,2.0,1,0,1,1,1,Alexandria,West,Agami,2nd,No,completed,2519095.15
192.5,2.0,1,0,1,0,1,Tanta,Central,El Geish,1st,No,completed,2759022.38
64.4,3.0,2,0,0,1,1,Cairo,Old Cairo,Zamalek,2nd,No,off_plan,2704504.4
94.6,2.0,1,0,1,1,1,Alexandria,West,Agami,1st,No,completed,1852647.11
104.4,3.0,3,0,1,1,1,Giza,West Giza,Dokki,1st,Semi,under_construction,2848084.52
153.0,3.0,2,0,1,1,1,Giza,New Giza,New Giza,2nd,Semi,under_construction,7944691.68
106.0,1.0,1,0,1,0,1,Cairo,Old Cairo,Downtown,1st,No,under_construction,2905843.22
109.8,2.0,1,0,1,1,1,Cairo,New Cairo,Nasr City,1st,Yes,completed,2679102.06
118.1,3.0,2,0,1,0,0,Giza,West Giza,Mohandessin,1st,Semi,completed,4587256.65
81.6,3.0,2,0,0,1,1,Cairo,New Cairo,Rehab,3rd,No,completed,3904449.07
133.7,1.0,1,0,1,1,1,Cairo,New Cairo,Heliopolis,1st,Yes,completed,3848230.74
84.5,4.0,3,0,1,0,1,Giza,West Giza,Haram,1st,No,off_plan,1535952.04
103.4,4.0,3,0,0,1,1,Cairo,New Cairo,Rehab,3rd,No,completed,4672182.11
184.3,,2,1,0,1,1,Cairo,New Cairo,Heliopolis,2nd,Semi,under_construction,5778762.62
127.9,2.0,1,0,0,1,1,Alexandria,West,Borg El Arab,1st,Semi,completed,2476389.33
139.1,4.0,3,0,1,1,1,Cairo,New Cairo,Heliopolis,2nd,No,completed,5450884.91
164.9,2.0,1,0,1,0,1,Alexandria,East,Smouha,2nd,No,under_construction,4373453.1
138.6,2.0,2,0,1,1,1,Cairo,Old Cairo,Downtown,2nd,Yes,under_construction,3659699.17
97.6,1.0,1,0,1,1,1,Cairo,New Cairo,Heliopolis,1st,No,under_construction,2512944.44
107.3,2.0,2,0,0,1,1,Alexandria,West,Borg El Arab,1st,No,completed,2063456.61
123.1,2.0,1,0,1,0,1,Giza,West Giza,Haram,1st,No,under_construction,2105417.09
266.5,4.0,3,0,1,1,1,Giza,New Giza,New Giza,2nd,No,completed,14211586.19
91.3,1.0,1,0,1,1,1,Giza,New Giza,New Giza,2nd,No,under_construction,3840062.96
88.2,4.0,4,0,0,1,1,Giza,West Giza,Sheikh Zayed,2nd,No,completed,4497722.61
97.9,4.0,3,0,1,1,1,Cairo,New Cairo,Heliopolis,1st,No,under_construction,2647231.46
84.4,3.0,2,0,1,0,1,Tanta,Central,Saeed,1st,No,completed,1319626.59
151.6,2.0,1,0,1,1,1,Cairo,New Cairo,Madinaty,2nd,No,completed,6538509.16
382.5,4.0,3,0,1,0,1,Giza,West Giza,Mohandessin,2nd,No,completed,12735804.32
101.8,4.0,3,0,1,0,1,Cairo,New Cairo,Madinaty,2nd,No,completed,4918296.6
120.7,3.0,3,0,1,1,1,Giza,West Giza,Sheikh Zayed,2nd,No,completed,5781172.93
92.2,3.0,3,0,1,0,1,Cairo,New Cairo,Rehab,1st,No,under_construction,3455656.16
263.2,3.0,2,0,1,0,1,Alexandria,East,Sidi Gaber,2nd,No,under_construction,5800534.06
222.9,2.0,2,0,1,0,1,Cairo,New Cairo,First Settlement,3rd,No,under_construction,7430235.46
133.7,2.0,1,0,1,1,0,Giza,New Giza,New Giza,2nd,Yes,under_construction,7004089.24
117.5,4.0,3,0,1,1,1,Cairo,Old Cairo,Zamalek,2nd,Semi,completed,9004299.81
107.1,2.0,2,0,0,1,1,Alexandria,East,Smouha,3rd,No,under_construction,2555331.64
74.5,3.0,3,0,1,1,1,Cairo,Old Cairo,Zamalek,2nd,No,completed,5220359.91
158.2,2.0,1,0,1,1,1,Giza,West Giza,6th of October,2nd,No,completed,5015522.06
95.0,3.0,3,0,0,0,1,Cairo,New Cairo,First Settlement,1st,No,completed,3667255.17
173.4,3.0,2,0,1,1,1,Cairo,New Cairo,Rehab,2nd,No,completed,7264411.28
116.7,3.0,2,0,1,1,1,Cairo,Old Cairo,Maadi,2nd,Yes,under_construction,3796121.28
204.9,4.0,3,0,1,1,1,Cairo,New Cairo,Fifth Settlement,2nd,Yes,under_construction,9640945.22
89.7,1.0,1,0,1,1,1,Alexandria,East,Sidi Bishr,1st,No,under_construction,1646959.81
94.7,3.0,2,0,1,0,1,Cairo,Old Cairo,Downtown,1st,No,completed,3084350.46
79.5,2.0,2,0,1,0,1,Cairo,Old Cairo,Maadi,1st,Yes,completed,3051398.05
165.9,2.0,1,0,1,0,1,Giza,New Giza,New Giza,1st,Semi,under_construction,8572384.04
163.0,2.0,1,0,0,0,1,Cairo,New Cairo,Heliopolis,1st,No,completed,5456746.48
111.9,4.0,3,0,1,1,1,Giza,New Giza,New Giza,1st,Semi,under_construction,5866201.85
184.2,5.0,5,0,1,1,1,Giza,New Giza,New Giza,1st,No,off_plan,7838326.42
178.7,3.0,3,0,1,1,1,Cairo,New Cairo,Rehab,3rd,Yes,completed,8825715.35
243.0,3.0,2,0,1,1,1,Giza,West Giza,Dokki,1st,Yes,completed,7793992.41
119.6,,3,1,1,1,1,Giza,New Giza,New Giza,1st,No,completed,7264581.14
196.4,4.0,4,0,1,1,1,Cairo,New Cairo,Rehab,3rd,Semi,completed,8950171.81
151.1,3.0,3,0,1,1,1,Cairo,New Cairo,Heliopolis,2nd,Yes,under_construction,4284021.21
94.7,2.0,1,0,1,0,1,Cairo,Old Cairo,Maadi,1st,Yes,completed,3684781.73
278.0,2.0,1,0,1,1,1,Alexandria,East,Smouha,3rd,No,completed,7245682.48
113.5,2.0,1,0,1,0,1,Giza,West Giza,Haram,1st,Yes,completed,2681996.64
165.5,3.0,3,0,1,1,1,Giza,West Giza,Dokki,1st,Yes,under_construction,4922534.17
114.4,3.0,2,0,1,1,1,Cairo,New Cairo,Madinaty,4th,No,completed,5951416.02
105.5,,1,1,1,0,1,Giza,New Giza,New Giza,1st,No,completed,6175115.81
62.5,3.0,3,0,1,1,1,Cairo,Old Cairo,Zamalek,2nd,No,completed,3984148.99
160.6,3.0,3,0,1,1,1,Cairo,Old Cairo,Maadi,1st,No,under_construction,5496740.06
67.9,1.0,1,0,1,1,1,Alexandria,West,Borg El Arab,2nd,No,off_plan,772572.74
97.2,3.0,2,0,1,0,1,Cairo,Old Cairo,Downtown,1st,No,completed,3284944.56
58.4,2.0,1,0,0,0,1,Giza,West Giza,Haram,2nd,No,under_construction,997219.86
100.3,3.0,3,0,1,1,1,Cairo,New Cairo,Nasr City,1st,No,completed,2744399.38
148.7,1.0,1,0,1,0,1,Giza,West Giza,6th of October,2nd,Semi,completed,4669511.43
73.6,4.0,3,0,0,1,0,Alexandria,West,Borg El Arab,2nd,No,completed,1374601.43
152.1,1.0,1,0,1,1,1,Mansoura,Central,Toriel,1st,Semi,completed,2197965.37
152.4,1.0,1,0,1,1,1,Cairo,New Cairo,First Settlement,1st,Semi,under_construction,5931300.33
94.4,4.0,3,0,1,1,1,Cairo,New Cairo,Fifth Settlement,2nd,Yes,under_construction,4705503.61
157.7,3.0,3,0,1,0,1,Cairo,Old Cairo,Maadi,2nd,No,completed,5841179.32
98.4,3.0,2,0,1,1,1,Tanta,Central,Saeed,1st,No,completed,1686822.23
122.7,4.0,3,0,1,1,1,Tanta,Central,Saeed,1st,No,completed,1752867.94
62.6,2.0,2,0,1,0,1,Cairo,New Cairo,Madinaty,2nd,No,completed,3067782.26
70.0,3.0,2,0,0,1,1,Alexandria,West,Agami,2nd,Semi,under_construction,1230930.24
159.3,3.0,3,0,1,0,1,Cairo,Old Cairo,Zamalek,1st,No,completed,11328551.34
84.0,3.0,3,0,1,0,0,Giza,West Giza,Mohandessin,2nd,No,off_plan,2368596.85
124.0,5.0,5,0,1,1,1,Cairo,New Cairo,First Settlement,2nd,No,completed,5710078.06
113.7,3.0,2,0,1,1,1,Giza,West Giza,Haram,3rd,No,completed,2550052.72
140.3,3.0,2,0,1,1,1,Giza,New Giza,New Giza,1st,Semi,off_plan,5701127.19
110.5,1.0,1,0,1,1,1,Tanta,Central,El Geish,1st,No,under_construction,1273813.95
92.5,2.0,2,0,1,1,1,Giza,New Giza,New Giza,2nd,Semi,under_construction,4803934.16
129.6,2.0,1,0,1,1,1,Cairo,New Cairo,Fifth Settlement,3rd,No,completed,6650046.89
132.1,,1,1,1,1,1,Cairo,New Cairo,Madinaty,1st,Yes,under_construction,5187252.1
215.6,5.0,5,0,1,1,1,Giza,New Giza,New Giza,2nd,No,completed,13466557.62
120.1,4.0,4,0,1,0,1,Giza,New Giza,New Giza,1st,No,under_construction,5651181.3
40.0,3.0,3,0,1,0,1,Alexandria,East,Sidi Gaber,2nd,No,completed,901163.58
112.5,2.0,1,0,1,1,1,Cairo,Old Cairo,Downtown,2nd,No,completed,3312693.12
50.3,3.0,2,0,1,1,1,Cairo,Old Cairo,Downtown,2nd,No,under_construction,1248684.86
73.4,1.0,1,0,1,1,1,Cairo,New Cairo,First Settlement,1st,Semi,under_construction,2675370.79
88.4,2.0,1,0,0,1,1,Giza,West Giza,Mohandessin,1st,Yes,completed,3240283.72
77.9,3.0,3,0,0,1,1,Giza,West Giza,Haram,2nd,Yes,under_construction,1508616.23
64.4,2.0,1,0,1,1,1,Giza,New Giza,New Giza,1st,No,off_plan,2492408.48
116.2,2.0,2,0,0,1,1,Cairo,New Cairo,Rehab,2nd,Yes,under_construction,4038846.73
131.6,2.0,1,0,1,1,1,Cairo,New Cairo,Rehab,2nd,Yes,completed,6534037.22
120.0,2.0,2,0,0,1,1,Mansoura,Central,Toriel,1st,No,completed,1696050.41
103.8,3.0,2,0,1,1,1,Giza,New Giza,New Giza,1st,Semi,under_construction,5612018.11
129.1,4.0,3,0,1,1,1,Cairo,Old Cairo,Maadi,2nd,Semi,under_construction,3996566.45
143.1,2.0,1,0,0,1,1,Giza,West Giza,Dokki,2nd,Semi,completed,4419954.11
156.8,2.0,1,0,1,1,1,Giza,New Giza,New Giza,2nd,Semi,completed,8364932.56
161.8,,2,1,0,0,1,Cairo,New Cairo,Rehab,1st,Yes,off_plan,5028908.37
141.5,4.0,3,0,1,1,1,Cairo,Old Cairo,Maadi,1st,Semi,completed,5154683.66
173.0,3.0,2,0,1,0,1,Cairo,Old Cairo,Zamalek,2nd,No,completed,9536641.88
189.1,3.0,3,0,0,1,1,Cairo,Old Cairo,Zamalek,2nd,No,completed,10206372.09
154.3,3.0,3,0,1,0,1,Giza,New Giza,New Giza,1st,Semi,completed,9600271.98
116.1,5.0,4,0,1,1,0,Alexandria,East,Sidi Bishr,1st,No,completed,3123971.84
150.5,3.0,3,0,1,0,1,Giza,West Giza,Dokki,1st,No,completed,3937771.65
204.4,2.0,1,0,1,1,1,Giza,New Giza,New Giza,1st,No,under_construction,7783210.33
131.7,3.0,2,0,1,1,1,Cairo,New Cairo,Rehab,3rd,No,completed,5484846.18
102.9,2.0,1,0,1,1,1,Alexandria,West,Borg El Arab,2nd,Yes,completed,1840411.71
94.9,1.0,1,0,0,1,1,Cairo,Old Cairo,Maadi,2nd,No,off_plan,2259198.92
245.5,4.0,3,0,1,1,0,Cairo,New Cairo,Madinaty,2nd,No,off_plan,7505009.8
93.4,,1,1,1,1,1,Giza,West Giza,Dokki,1st,Semi,completed,3128107.11
125.5,3.0,2,0,1,1,1,Cairo,New Cairo,Madinaty,2nd,No,completed,4929034.56
231.5,2.0,2,0,1,1,1,Alexandria,East,Sidi Gaber,2nd,No,completed,5602174.7
135.3,3.0,2,0,1,1,1,Giza,New Giza,New Giza,1st,No,under_construction,7418149.72
109.1,2.0,1,0,1,0,1,Cairo,New Cairo,Rehab,2nd,Yes,off_plan,4189795.77
113.8,5.0,4,0,1,1,1,Cairo,New Cairo,Rehab,1st,Yes,completed,6159688.94
114.9,1.0,1,0,1,1,1,Giza,New Giza,New Giza,1st,No,off_plan,4661169.68
107.9,5.0,4,0,1,0,1,Cairo,Old Cairo,Zamalek,2nd,No,completed,7918413.11
71.7,4.0,3,0,1,1,1,Cairo,Old Cairo,Downtown,1st,No,completed,2320503.97
115.4,5.0,5,0,1,0,1,Giza,West Giza,6th of October,3rd,No,under_construction,3431894.35
112.2,,1,1,1,1,1,Alexandria,East,Smouha,1st,No,completed,3143259.95
164.8,3.0,2,0,1,1,1,Giza,West Giza,Haram,1st,No,completed,3515222.52
109.1,3.0,2,0,0,1,1,Giza,New Giza,New Giza,2nd,No,completed,7367411.91
158.3,3.0,2,0,1,1,1,Cairo,New Cairo,Fifth Settlement,2nd,No,completed,8507232.0
108.5,2.0,1,0,0,1,1,Cairo,New Cairo,First Settlement,3rd,No,completed,4411009.69
65.2,3.0,3,0,1,0,1,Cairo,Old Cairo,Maadi,1st,Yes,under_construction,2158121.7
114.3,2.0,1,0,1,1,1,Alexandria,East,Sidi Bishr,2nd,No,completed,2593193.17
141.9,3.0,3,0,0,1,1,Cairo,New Cairo,Fifth Settlement,2nd,No,completed,7281857.28
123.2,1.0,1,0,1,0,1,Cairo,New Cairo,First Settlement,3rd,No,under_construction,4089426.95
131.6,1.0,1,0,1,1,1,Giza,West Giza,Dokki,2nd,No,completed,3618096.83
148.4,,1,1,1,0,1,Cairo,New Cairo,Heliopolis,2nd,No,under_construction,3987157.0
95.5,3.0,2,0,1,0,1,Giza,West Giza,6th of October,2nd,Yes,completed,4128994.48
132.1,3.0,3,0,1,0,1,Cairo,New Cairo,Fifth Settlement,1st,Yes,under_construction,6496541.75
149.4,2.0,2,0,1,0,1,Alexandria,East,Sidi Gaber,1st,No,completed,3395373.63
190.1,3.0,2,0,1,1,1,Giza,West Giza,Mohandessin,1st,Yes,under_construction,5587023.14
111.9,1.0,1,0,1,0,1,Giza,New Giza,New Giza,2nd,No,completed,4871723.8
108.8,2.0,1,0,1,1,1,Giza,New Giza,New Giza,1st,No,under_construction,4786823.6
95.1,4.0,3,0,1,1,1,Giza,New Giza,New Giza,1st,Semi,completed,5686632.08
132.6,3.0,2,0,1,1,1,Alexandria,West,Agami,1st,No,completed,2680797.73
55.2,1.0,1,0,1,1,1,Cairo,Old Cairo,Zamalek,2nd,No,off_plan,2659979.14
224.0,3.0,3,0,1,0,1,Cairo,Old Cairo,Zamalek,1st,No,completed,11540223.82
189.7,2.0,2,0,1,1,1,Cairo,Old Cairo,Maadi,3rd,Yes,completed,6470424.4
93.8,3.0,2,0,1,0,1,Giza,New Giza,New Giza,2nd,Yes,under_construction,4011243.95
131.5,3.0,2,0,1,1,1,Cairo,Old Cairo,Maadi,3rd,Yes,completed,5078128.22
107.9,2.0,1,0,1,1,1,Alexandria,East,Sidi Bishr,2nd,Yes,off_plan,2165244.14
82.3,2.0,1,0,0,1,1,Giza,New Giza,New Giza,1st,Semi,completed,4447757.52
108.8,4.0,3,0,0,1,1,Cairo,Old Cairo,Zamalek,1st,No,under_construction,5350217.9
83.0,2.0,1,0,1,0,1,Mansoura,Central,Toriel,1st,No,under_construction,1077802.33
160.6,4.0,4,0,1,0,1,Giza,New Giza,New Giza,2nd,Yes,completed,11690589.3
178.0,2.0,1,0,1,1,1,Giza,West Giza,Sheikh Zayed,3rd,No,completed,8292339.19
113.4,4.0,4,0,1,0,1,Cairo,New Cairo,Madinaty,3rd,Semi,completed,5422445.84
120.0,3.0,2,0,1,1,1,Alexandria,East,Sidi Bishr,2nd,No,under_construction,2474545.33
127.6,2.0,1,0,0,0,1,Cairo,Old Cairo,Maadi,1st,No,under_construction,4011640.22
74.3,2.0,2,0,0,1,1,Giza,New Giza,New Giza,1st,No,under_construction,3077043.47
170.1,1.0,1,0,1,1,1,Mansoura,Central,El Mashaya,2nd,Yes,completed,3275500.86
112.0,1.0,1,0,1,0,0,Giza,New Giza,New Giza,1st,No,completed,6641572.14
93.4,4.0,3,0,1,1,1,Cairo,Old Cairo,Zamalek,1st,No,off_plan,5108486.87
147.1,5.0,5,0,1,1,1,Giza,West Giza,Mohandessin,2nd,No,completed,5609921.69
188.3,2.0,2,0,0,1,1,Giza,New Giza,New Giza,2nd,No,under_construction,9581419.58
200.8,1.0,1,0,1,1,1,Cairo,Old Cairo,Zamalek,1st,No,off_plan,7915974.01
115.0,3.0,3,0,1,1,1,Giza,New Giza,New Giza,2nd,No,under_construction,5800116.87
150.8,2.0,1,0,1,0,1,Cairo,New Cairo,First Settlement,2nd,Yes,completed,6832290.85
91.3,4.0,3,0,1,1,1,Tanta,Central,Saeed,1st,No,completed,1193914.99
157.3,3.0,3,0,1,1,1,Alexandria,West,Agami,1st,No,completed,2746300.49
81.7,3.0,2,0,1,1,1,Giza,New Giza,New Giza,2nd,No,under_construction,3746921.9
115.6,5.0,5,0,0,0,1,Cairo,New Cairo,Rehab,1st,No,under_construction,3676929.2
141.5,3.0,3,0,1,1,1,Cairo,New Cairo,Rehab,2nd,Yes,completed,6420171.57
238.9,2.0,2,0,1,1,1,Cairo,Old Cairo,Maadi,2nd,Yes,completed,9094074.86
365.9,4.0,3,0,1,1,1,Alexandria,East,Sidi Bishr,1st,Yes,under_construction,7756962.36
77.0,3.0,2,0,0,1,1,Alexandria,East,Sidi Gaber,1st,No,completed,1798222.5
87.6,3.0,2,0,1,0,1,Alexandria,West,Agami,2nd,Semi,under_construction,1445295.25
147.5,3.0,3,0,1,1,1,Cairo,Old Cairo,Downtown,2nd,No,completed,4608129.28
127.7,1.0,1,0,1,0,1,Giza,New Giza,New Giza,2nd,Semi,completed,7002655.66
82.1,3.0,3,0,1,0,1,Cairo,New Cairo,First Settlement,3rd,Yes,completed,3925722.03
129.1,3.0,2,0,0,1,1,Giza,West Giza,Haram,2nd,No,under_construction,2193518.52
86.0,4.0,4,0,1,1,1,Cairo,Old Cairo,Maadi,3rd,Yes,under_construction,2973024.96
136.2,4.0,3,0,1,1,1,Cairo,New Cairo,Fifth Settlement,3rd,Semi,completed,7559018.67
191.1,2.0,2,0,1,1,1,Giza,West Giza,Sheikh Zayed,2nd,No,completed,9197128.36
126.7,2.0,2,0,1,1,1,Cairo,New Cairo,Madinaty,3rd,No,completed,5374657.32
95.8,3.0,2,0,1,1,1,Cairo,New Cairo,Nasr City,4th,No,completed,2675708.01
182.8,4.0,4,0,1,1,1,Tanta,Central,El Geish,2nd,No,completed,3339025.24
138.9,3.0,2,0,1,0,1,Alexandria,West,Agami,2nd,No,under_construction,2581203.26
69.2,2.0,1,0,1,1,1,Cairo,New Cairo,First Settlement,3rd,No,under_construction,2463145.89
144.2,5.0,4,0,0,0,1,Giza,West Giza,Haram,2nd,No,completed,2817865.89
126.6,3.0,2,0,1,1,1,Cairo,New Cairo,Nasr City,2nd,No,completed,3791786.25
77.4,2.0,1,0,1,1,1,Giza,New Giza,New Giza,2nd,Yes,completed,5493119.25
160.6,4.0,3,0,1,1,1,Mansoura,Central,El Mashaya,1st,Yes,under_construction,2289612.8
167.8,3.0,3,0,1,1,1,Tanta,Central,Saeed,1st,No,completed,2203391.9
106.3,2.0,1,0,1,0,1,Alexandria,East,Smouha,1st,Yes,completed,3298666.0
120.8,,2,1,1,1,1,Giza,West Giza,6th of October,2nd,Semi,completed,4265706.94
141.6,1.0,1,0,1,0,1,Alexandria,East,Sidi Bishr,1st,No,under_construction,2764625.64
110.3,4.0,3,0,1,1,1,Giza,New Giza,New Giza,2nd,No,under_construction,5010325.62
102.8,2.0,1,0,1,0,1,Giza,West Giza,Mohandessin,2nd,No,under_construction,2952969.38
71.3,4.0,3,0,1,1,1,Cairo,New Cairo,Nasr City,4th,No,completed,2065005.86
168.8,2.0,1,0,1,1,1,Cairo,New Cairo,First Settlement,3rd,No,under_construction,5147953.38
93.0,4.0,3,0,1,0,1,Giza,West Giza,6th of October,3rd,Semi,completed,2912931.99
151.6,2.0,1,0,1,1,1,Cairo,Old Cairo,Zamalek,2nd,Semi,completed,8781807.31
131.8,4.0,4,0,1,1,1,Cairo,New Cairo,Madinaty,2nd,Semi,completed,6543592.01
117.8,2.0,1,0,0,1,1,Alexandria,East,Sidi Bishr,2nd,Semi,under_construction,2583129.66
50.9,5.0,4,0,1,1,1,Giza,New Giza,New Giza,2nd,No,completed,3048474.12
122.3,5.0,4,0,1,0,1,Cairo,New Cairo,First Settlement,2nd,Yes,completed,4601519.97
118.6,3.0,2,0,1,0,1,Giza,New Giza,New Giza,1st,Yes,under_construction,6193549.91
153.4,2.0,2,0,0,1,1,Cairo,Old Cairo,Downtown,1st,No,completed,5716584.1
146.6,4.0,3,0,0,0,1,Giza,West Giza,Mohandessin,2nd,No,completed,4475235.72
87.4,3.0,2,0,0,1,1,Cairo,New Cairo,Heliopolis,2nd,No,completed,2988652.59
88.9,3.0,2,0,1,1,0,Cairo,New Cairo,Nasr City,1st,No,under_construction,2227291.2
98.1,3.0,2,0,1,0,1,Cairo,New Cairo,Madinaty,2nd,Semi,under_construction,3797491.07
144.0,,1,1,1,0,1,Mansoura,Central,El Mashaya,1st,Yes,under_construction,2520466.77
154.1,4.0,4,0,1,0,1,Cairo,Old Cairo,Zamalek,1st,Semi,completed,10329077.35
150.4,5.0,4,0,1,0,1,Giza,West Giza,Dokki,1st,Semi,completed,4939918.47
80.4,3.0,2,0,0,1,1,Cairo,New Cairo,Fifth Settlement,2nd,No,under_construction,3823999.39
184.8,3.0,2,0,0,0,1,Giza,West Giza,Sheikh Zayed,1st,Yes,under_construction,8558338.5
165.9,2.0,1,0,1,1,1,Cairo,Old Cairo,Zamalek,2nd,Semi,completed,12655960.14
138.7,1.0,1,0,1,1,1,Alexandria,East,Sidi Gaber,1st,Semi,completed,3893855.19
197.8,4.0,3,0,1,1,1,Cairo,Old Cairo,Downtown,1st,Yes,completed,6890543.05
168.3,,1,1,0,1,1,Cairo,Old Cairo,Zamalek,2nd,Semi,off_plan,6397449.59
85.4,3.0,3,0,1,0,1,Tanta,Central,Saeed,1st,No,off_plan,905615.02
155.2,3.0,2,0,1,1,1,Alexandria,West,Agami,2nd,No,completed,3431788.11
120.2,,2,1,1,1,1,Alexandria,West,Agami,2nd,No,completed,2752093.59
111.6,3.0,2,0,1,1,1,Cairo,New Cairo,Madinaty,4th,No,under_construction,3758699.74
89.1,2.0,1,0,1,1,1,Tanta,Central,El Geish,2nd,No,under_construction,1260997.09
136.8,2.0,2,0,1,1,1,Cairo,New Cairo,Rehab,3rd,No,under_construction,5004577.09
148.2,3.0,3,0,0,0,1,Cairo,New Cairo,First Settlement,1st,No,under_construction,5310223.19
79.2,3.0,2,0,1,0,1,Cairo,New Cairo,Nasr City,2nd,Yes,completed,2391676.59
164.7,5.0,4,0,1,0,1,Giza,New Giza,New Giza,1st,Yes,completed,10790169.47
159.8,2.0,1,0,1,0,1,Cairo,Old Cairo,Zamalek,1st,No,completed,10163144.42
111.7,3.0,3,0,1,1,0,Cairo,New Cairo,Rehab,3rd,No,off_plan,3407605.95
93.2,3.0,2,0,1,1,1,Cairo,Old Cairo,Downtown,2nd,No,completed,3090643.97
117.5,4.0,3,0,1,1,1,Giza,West Giza,Dokki,1st,No,completed,3705296.18
119.3,1.0,1,0,1,1,1,Cairo,Old Cairo,Downtown,1st,No,completed,3858516.19
154.6,2.0,2,0,1,1,1,Giza,West Giza,Dokki,2nd,No,under_construction,3968293.97
106.5,3.0,2,0,1,1,1,Tanta,Central,El Geish,1st,No,completed,1708628.2
138.2,3.0,2,0,0,1,1,Cairo,Old Cairo,Maadi,2nd,No,off_plan,4189293.79
171.2,,1,1,1,1,1,Cairo,New Cairo,Madinaty,1st,No,completed,7652465.11
117.2,2.0,1,0,1,0,1,Cairo,New Cairo,Rehab,3rd,No,completed,4782855.07
85.4,2.0,1,0,1,1,1,Cairo,New Cairo,Rehab,2nd,No,under_construction,3526732.51
129.3,4.0,4,0,1,0,1,Cairo,Old Cairo,Maadi,3rd,No,completed,5038290.48
147.6,2.0,1,0,1,1,1,Alexandria,East,Sidi Bishr,1st,No,completed,3269749.14
91.0,3.0,2,0,1,0,1,Cairo,New Cairo,Madinaty,2nd,Yes,completed,4803473.8
158.7,1.0,1,0,1,0,1,Giza,New Giza,New Giza,1st,No,completed,8633207.24
95.4,3.0,2,0,1,0,1,Cairo,New Cairo,Madinaty,2nd,No,completed,4056610.37
109.3,2.0,1,0,1,1,1,Tanta,Central,Saeed,1st,No,under_construction,1114332.83
131.1,3.0,2,0,1,1,1,Alexandria,East,Sidi Gaber,1st,Semi,completed,4108122.02
121.6,2.0,1,0,0,0,1,Cairo,Old Cairo,Zamalek,2nd,Semi,under_construction,6746622.52
180.6,,3,1,1,1,1,Giza,West Giza,6th of October,3rd,No,completed,5775018.07
58.3,1.0,1,0,1,1,1,Cairo,Old Cairo,Downtown,1st,No,off_plan,1360476.82
148.4,4.0,4,0,1,0,1,Tanta,Central,Saeed,1st,Yes,under_construction,2248887.11
122.7,4.0,3,0,1,1,1,Cairo,New Cairo,First Settlement,3rd,No,completed,5124139.64
106.4,3.0,2,0,1,1,1,Alexandria,West,Agami,1st,Yes,under_construction,1784562.99
141.7,5.0,4,0,0,1,1,Alexandria,East,Sidi Bishr,1st,No,completed,3721010.03
120.1,3.0,2,0,1,1,1,Alexandria,West,Borg El Arab,2nd,No,under_construction,1701587.17
82.5,3.0,2,0,1,1,1,Cairo,Old Cairo,Downtown,2nd,No,completed,2508113.7
84.2,,3,1,0,1,1,Alexandria,West,Borg El Arab,2nd,Semi,completed,1618675.18
142.5,5.0,4,0,1,1,1,Cairo,Old Cairo,Maadi,3rd,No,completed,4932521.84
189.5,3.0,2,0,1,1,1,Cairo,New Cairo,Nasr City,3rd,No,completed,4827920.39
50.9,3.0,2,0,1,1,1,Cairo,Old Cairo,Maadi,3rd,No,completed,1935382.66
108.3,4.0,3,0,1,0,1,Giza,New Giza,New Giza,2nd,Semi,completed,7336769.73
109.6,3.0,2,0,1,1,0,Alexandria,West,Agami,1st,No,completed,2422363.88
137.4,2.0,2,0,1,1,1,Cairo,Old Cairo,Downtown,1st,No,completed,4162541.9
162.1,2.0,1,0,1,0,1,Giza,West Giza,6th of October,2nd,Yes,completed,5749726.06
116.7,3.0,2,0,1,0,1,Tanta,Central,El Geish,1st,No,completed,1723698.75
84.1,2.0,1,0,1,1,1,Alexandria,West,Agami,1st,No,completed,1548226.32
156.9,4.0,4,0,1,1,1,Cairo,Old Cairo,Zamalek,1st,No,completed,9794636.35
147.8,4.0,3,0,1,1,1,Cairo,New Cairo,Madinaty,1st,No,completed,7585135.66
82.5,2.0,2,0,0,1,1,Cairo,New Cairo,Fifth Settlement,1st,Yes,under_construction,4321484.1
97.2,2.0,1,0,1,1,0,Giza,New Giza,New Giza,2nd,Yes,completed,6075273.45
139.6,1.0,1,0,1,0,1,Giza,West Giza,Mohandessin,1st,No,off_plan,3552458.19
87.8,2.0,1,0,1,0,1,Alexandria,West,Agami,2nd,Yes,under_construction,1519648.18
93.9,5.0,5,0,1,1,1,Giza,West Giza,Haram,3rd,No,completed,1876697.46
206.6,2.0,1,0,1,0,1,Cairo,New Cairo,Madinaty,1st,No,completed,10126470.69
170.6,3.0,2,0,1,1,1,Giza,West Giza,Haram,3rd,No,completed,3105110.42
147.0,2.0,1,0,1,1,1,Giza,New Giza,New Giza,2nd,No,completed,8099878.78
128.7,4.0,4,0,0,0,1,Cairo,Old Cairo,Downtown,2nd,Yes,under_construction,3956026.67
99.6,3.0,2,0,1,0,1,Giza,West Giza,6th of October,2nd,No,completed,3743311.27
100.8,2.0,2,0,1,0,1,Giza,West Giza,Mohandessin,2nd,No,off_plan,2656001.79
97.4,2.0,2,0,1,1,1,Alexandria,West,Borg El Arab,2nd,No,under_construction,1278618.76
155.3,4.0,3,0,1,0,1,Giza,New Giza,New Giza,1st,No,under_construction,6967458.41
149.6,,3,1,1,0,1,Cairo,Old Cairo,Maadi,2nd,Yes,off_plan,4324039.54
153.2,3.0,2,0,1,1,1,Giza,West Giza,Mohandessin,2nd,No,under_construction,3837813.92
171.4,3.0,2,0,1,1,1,Cairo,Old Cairo,Downtown,2nd,Semi,completed,5489694.33
131.1,2.0,1,0,1,0,1,Alexandria,West,Agami,1st,No,under_construction,2329537.7
120.0,2.0,1,0,1,0,1,Giza,New Giza,New Giza,1st,Yes,under_construction,5656175.73
88.9,1.0,1,0,1,0,1,Cairo,Old Cairo,Downtown,2nd,Yes,completed,3586764.39
223.4,2.0,2,0,1,1,0,Cairo,Old Cairo,Zamalek,1st,Yes,completed,14849634.84
124.1,4.0,4,0,1,1,1,Mansoura,Central,El Mashaya,2nd,No,completed,2126040.36
164.5,3.0,2,0,1,1,1,Alexandria,East,Sidi Bishr,1st,No,completed,3962872.21
89.8,2.0,1,0,1,1,1,Cairo,Old Cairo,Downtown,2nd,No,under_construction,2187492.03
104.1,,1,1,1,1,1,Giza,New Giza,New Giza,1st,Yes,completed,6509459.19
112.5,2.0,1,0,1,1,1,Giza,New Giza,New Giza,2nd,No,completed,7731406.2
135.4,4.0,4,0,1,1,1,Giza,New Giza,New Giza,2nd,No,completed,7262335.26
120.2,2.0,1,0,0,0,1,Tanta,Central,El Geish,1st,Yes,completed,2131391.23
130.5,3.0,2,0,1,1,1,Cairo,Old Cairo,Maadi,3rd,No,off_plan,3381428.47
66.3,5.0,4,0,1,0,1,Alexandria,West,Agami,1st,No,completed,1428691.99
96.8,3.0,2,0,1,0,1,Cairo,New Cairo,Heliopolis,1st,Semi,under_construction,2819713.32
187.7,4.0,4,0,1,1,1,Giza,West Giza,Dokki,1st,Semi,completed,6255569.59
97.5,2.0,2,0,1,1,1,Cairo,Old Cairo,Maadi,2nd,No,off_plan,3272154.16
174.3,2.0,2,0,1,0,1,Cairo,Old Cairo,Downtown,2nd,Yes,under_construction,4867659.53
134.6,3.0,2,0,1,1,1,Alexandria,West,Agami,2nd,Yes,under_construction,2591056.53
194.5,4.0,4,0,1,1,1,Cairo,New Cairo,Nasr City,3rd,No,completed,6016862.74
188.0,3.0,2,0,1,1,1,Alexandria,East,Sidi Bishr,2nd,Yes,completed,4206503.78
72.1,4.0,4,0,1,1,1,Alexandria,East,Sidi Gaber,1st,Semi,completed,1999293.86
184.3,,2,1,1,1,1,Tanta,Central,Saeed,1st,Yes,completed,3301976.09
198.1,2.0,1,0,1,1,1,Tanta,Central,El Geish,1st,No,off_plan,2418654.35
104.3,4.0,3,0,0,1,1,Alexandria,East,Smouha,3rd,Yes,completed,3280271.42
189.9,4.0,4,0,1,0,1,Cairo,Old Cairo,Zamalek,1st,Semi,under_construction,10676693.35
172.5,3.0,2,0,0,1,1,Cairo,New Cairo,Rehab,2nd,No,under_construction,6368931.61
99.0,2.0,2,0,1,1,1,Cairo,Old Cairo,Maadi,2nd,Yes,completed,3766664.45
141.0,2.0,2,0,1,1,1,Giza,West Giza,Mohandessin,1st,Yes,under_construction,4360962.51
125.8,2.0,2,0,1,1,0,Mansoura,Central,Toriel,1st,No,under_construction,1473047.28
112.7,3.0,3,0,1,1,0,Cairo,Old Cairo,Downtown,1st,Semi,off_plan,2635274.84
119.9,2.0,1,0,1,0,1,Cairo,New Cairo,Heliopolis,2nd,Yes,completed,4539673.0
110.3,4.0,4,0,1,0,1,Cairo,Old Cairo,Maadi,2nd,Yes,completed,4711745.1
159.7,5.0,5,0,1,1,1,Cairo,New Cairo,Fifth Settlement,1st,No,completed,8414177.91
149.7,1.0,1,0,1,1,1,Cairo,Old Cairo,Maadi,3rd,Yes,completed,5291611.27
172.3,2.0,1,0,1,0,1,Cairo,Old Cairo,Maadi,2nd,No,completed,6739238.01
105.8,3.0,2,0,1,1,1,Giza,New Giza,New Giza,2nd,No,completed,5668249.24
196.2,2.0,1,0,1,0,1,Giza,New Giza,New Giza,2nd,No,under_construction,9653437.44
171.8,3.0,2,0,1,0,1,Giza,New Giza,New Giza,2nd,No,completed,10165055.94
113.0,1.0,1,0,1,1,1,Cairo,New Cairo,First Settlement,2nd,Semi,completed,4761898.69
121.6,,2,1,1,1,1,Alexandria,East,Sidi Gaber,2nd,No,completed,3155712.76
122.1,3.0,3,0,1,1,1,Giza,New Giza,New Giza,1st,Semi,completed,7304304.46
146.1,2.0,2,0,1,1,1,Alexandria,East,Sidi Gaber,2nd,No,completed,3144796.57
127.9,3.0,3,0,1,1,1,Giza,West Giza,Haram,2nd,No,completed,2687627.3
78.0,2.0,2,0,1,0,1,Cairo,New Cairo,Rehab,3rd,No,completed,3164547.01
161.5,2.0,1,0,0,1,1,Giza,West Giza,Mohandessin,1st,No,completed,4954149.97
94.6,4.0,3,0,1,0,1,Alexandria,East,Smouha,2nd,No,completed,3100905.27
152.8,4.0,3,0,1,0,1,Cairo,New Cairo,First Settlement,2nd,No,off_plan,4601308.17
92.6,3.0,3,0,1,0,1,Giza,West Giza,Sheikh Zayed,1st,Yes,completed,4683488.33
114.3,3.0,2,0,1,1,1,Cairo,Old Cairo,Downtown,2nd,No,off_plan,2530123.04
240.4,3.0,3,0,1,0,1,Cairo,New Cairo,Fifth Settlement,2nd,Semi,off_plan,8805962.05
178.4,3.0,2,0,1,0,1,Cairo,New Cairo,Heliopolis,2nd,Yes,completed,6065834.66
139.2,2.0,1,0,1,0,1,Alexandria,West,Agami,1st,Yes,completed,2917118.09
137.6,3.0,2,0,1,1,1,Alexandria,West,Agami,2nd,Yes,completed,3247688.38
113.2,2.0,1,0,1,1,1,Tanta,Central,El Geish,1st,No,completed,1830951.67
185.5,5.0,4,0,1,1,1,Cairo,Old Cairo,Downtown,1st,No,completed,5071550.74
273.9,3.0,2,0,1,0,1,Giza,New Giza,New Giza,1st,No,off_plan,9786333.79
136.7,5.0,5,0,1,1,1,Cairo,New Cairo,Fifth Settlement,1st,No,under_construction,6354471.03
122.1,2.0,1,0,1,0,1,Cairo,New Cairo,Fifth Settlement,2nd,No,completed,6255945.56
92.2,4.0,4,0,1,1,1,Giza,West Giza,Dokki,1st,Semi,completed,3138098.76
139.1,3.0,3,0,1,1,1,Cairo,New Cairo,Fifth Settlement,3rd,Yes,completed,9113222.65
80.4,3.0,3,0,1,1,1,Cairo,Old Cairo,Zamalek,2nd,No,completed,5144394.4
87.4,2.0,2,0,1,1,1,Alexandria,West,Agami,2nd,No,off_plan,1364033.81
200.7,2.0,1,0,0,1,1,Alexandria,West,Agami,1st,Yes,completed,4076489.8
108.1,2.0,2,0,0,0,1,Cairo,Old Cairo,Maadi,2nd,Yes,off_plan,3322932.83
178.7,4.0,4,0,1,1,1,Mansoura,Central,Toriel,1st,Yes,off_plan,2221263.36
70.3,2.0,2,0,1,0,1,Giza,West Giza,Sheikh Zayed,2nd,Yes,off_plan,2469523.85
110.0,3.0,2,0,1,0,1,Cairo,New Cairo,Madinaty,2nd,Semi,completed,4980470.7
183.5,3.0,2,0,0,0,1,Giza,New Giza,New Giza,1st,Yes,completed,9918303.04
191.2,3.0,3,0,0,1,1,Cairo,New Cairo,Madinaty,3rd,No,completed,9534677.39
92.9,3.0,2,0,1,1,1,Tanta,Central,Saeed,1st,No,completed,1231401.62
86.7,4.0,4,0,1,1,1,Mansoura,Central,Toriel,1st,Semi,completed,1415729.25
120.1,3.0,3,0,1,1,1,Cairo,New Cairo,Madinaty,2nd,Yes,completed,5601830.84
204.4,1.0,1,0,1,1,1,Giza,West Giza,6th of October,3rd,No,completed,5171524.04
187.4,3.0,2,0,1,1,1,Giza,West Giza,Dokki,2nd,No,completed,6216360.04
78.5,2.0,2,0,1,1,1,Giza,New Giza,New Giza,2nd,Yes,completed,4351907.5
163.5,5.0,4,0,1,1,1,Cairo,New Cairo,First Settlement,1st,No,completed,7244794.08
130.2,3.0,2,0,1,0,1,Alexandria,West,Agami,1st,No,off_plan,2040108.83
86.1,3.0,2,0,1,0,1,Cairo,Old Cairo,Downtown,2nd,No,under_construction,2829736.86
146.1,5.0,4,0,1,1,1,Giza,New Giza,New Giza,1st,Yes,under_construction,7750728.98
99.8,3.0,2,0,0,0,1,Cairo,New Cairo,Madinaty,4th,Yes,off_plan,3731065.69
126.1,2.0,2,0,1,1,1,Cairo,Old Cairo,Zamalek,2nd,No,completed,8379088.57
94.9,2.0,1,0,1,1,1,Alexandria,East,Sidi Gaber,1st,No,completed,2456497.25
121.0,4.0,3,0,1,0,1,Cairo,Old Cairo,Maadi,3rd,Yes,completed,4681143.69
191.4,4.0,3,0,1,0,1,Cairo,Old Cairo,Downtown,1st,Semi,completed,6511320.68
89.9,4.0,3,0,1,1,1,Tanta,Central,Saeed,1st,No,off_plan,878409.67
134.3,2.0,2,0,0,1,1,Mansoura,Central,El Mashaya,2nd,Semi,completed,2174867.13
71.6,2.0,2,0,1,1,1,Giza,West Giza,6th of October,3rd,Yes,completed,2422251.84
211.2,5.0,5,0,1,0,1,Cairo,Old Cairo,Downtown,1st,No,completed,6193850.82
93.8,2.0,2,0,0,0,1,Alexandria,East,Sidi Gaber,1st,Yes,completed,3003400.65
98.1,3.0,2,0,1,1,1,Cairo,New Cairo,Nasr City,2nd,Yes,completed,3317010.44
167.5,4.0,4,0,1,1,1,Alexandria,East,Smouha,3rd,No,under_construction,4242597.01
111.5,2.0,1,0,1,0,1,Cairo,New Cairo,Rehab,1st,No,under_construction,4141639.55
69.4,3.0,2,0,1,1,1,Giza,West Giza,6th of October,2nd,No,completed,2235226.4
177.9,3.0,3,0,1,0,1,Cairo,New Cairo,Madinaty,2nd,Yes,under_construction,7577966.38
217.6,4.0,3,0,1,1,1,Giza,New Giza,New Giza,1st,No,completed,12239626.63
136.2,2.0,1,0,1,1,1,Giza,New Giza,New Giza,1st,Semi,completed,8698646.0
195.8,3.0,3,0,0,0,1,Cairo,Old Cairo,Zamalek,1st,No,completed,10911009.68
103.5,3.0,2,0,0,1,1,Cairo,New Cairo,Nasr City,4th,No,completed,3085628.56
73.3,3.0,2,0,1,1,1,Giza,New Giza,New Giza,1st,No,completed,4378657.25
233.3,3.0,2,0,1,1,1,Cairo,Old Cairo,Downtown,2nd,No,completed,7547234.26
73.5,2.0,1,0,1,1,1,Cairo,New Cairo,Rehab,1st,No,completed,3312742.33
126.7,3.0,3,0,0,1,1,Tanta,Central,El Geish,1st,No,completed,2094685.07
140.7,,1,1,1,0,1,Giza,West Giza,Haram,3rd,Yes,completed,2858878.62
174.7,2.0,2,0,1,0,1,Cairo,Old Cairo,Zamalek,2nd,No,completed,10951789.97
209.6,3.0,3,0,1,0,1,Mansoura,Central,Toriel,1st,No,under_construction,2316069.64
214.5,4.0,3,0,1,1,1,Tanta,Central,El Geish,1st,No,completed,3385723.27
99.1,2.0,2,0,1,0,1,Mansoura,Central,Toriel,1st,No,completed,1605463.41
149.2,2.0,1,0,1,0,1,Cairo,Old Cairo,Zamalek,1st,No,under_construction,7674610.0
108.2,,1,1,1,1,1,Alexandria,West,Agami,2nd,No,completed,2334828.95
86.9,2.0,2,0,1,1,1,Cairo,Old Cairo,Maadi,2nd,Yes,under_construction,2643610.76
95.3,,3,1,1,0,1,Giza,New Giza,New Giza,1st,No,completed,5753055.25
141.5,2.0,1,0,0,1,1,Cairo,Old Cairo,Maadi,2nd,No,completed,5799684.57
94.1,4.0,3,0,1,1,1,Cairo,New Cairo,Fifth Settlement,1st,No,under_construction,4562606.06
158.8,2.0,2,0,1,0,1,Alexandria,West,Agami,1st,Yes,under_construction,2825881.45
134.1,2.0,1,0,0,0,1,Cairo,Old Cairo,Zamalek,2nd,No,completed,8405301.29
101.5,3.0,2,0,1,1,0,Cairo,Old Cairo,Maadi,3rd,No,completed,3887143.02
110.0,2.0,2,0,1,0,1,Cairo,Old Cairo,Maadi,3rd,Yes,completed,4773181.2
110.9,1.0,1,0,0,0,0,Giza,West Giza,Sheikh Zayed,3rd,No,completed,5226573.82
73.1,5.0,4,0,1,1,1,Mansoura,Central,Toriel,1st,Yes,completed,1271258.98
150.0,2.0,2,0,1,1,1,Cairo,New Cairo,Fifth Settlement,1st,No,under_construction,6306682.72
136.6,,1,1,1,1,1,Giza,West Giza,Dokki,1st,No,under_construction,3301556.14
91.7,5.0,5,0,1,1,0,Giza,West Giza,Dokki,2nd,No,under_construction,2264625.86
155.9,1.0,1,0,1,1,1,Giza,West Giza,Dokki,1st,Yes,completed,5139144.64
101.1,2.0,2,0,1,0,1,Giza,New Giza,New Giza,1st,No,completed,5548935.0
183.5,5.0,4,0,1,1,1,Cairo,Old Cairo,Maadi,1st,No,completed,7945473.84
147.9,3.0,3,0,0,0,1,Cairo,New Cairo,First Settlement,3rd,Semi,completed,6436010.66
99.1,4.0,3,0,1,0,1,Giza,New Giza,New Giza,2nd,No,completed,6709835.02
138.9,3.0,2,0,1,1,0,Giza,New Giza,New Giza,1st,No,under_construction,7242018.14
140.4,2.0,2,0,1,1,1,Mansoura,Central,El Mashaya,2nd,No,completed,2301977.66
145.1,,2,1,1,1,1,Cairo,Old Cairo,Zamalek,1st,Semi,completed,10305213.47
118.2,1.0,1,0,1,0,1,Mansoura,Central,El Mashaya,2nd,Yes,completed,2090599.78
76.0,3.0,2,0,1,0,1,Giza,New Giza,New Giza,1st,No,off_plan,3468876.03
193.5,3.0,3,0,0,1,1,Giza,New Giza,New Giza,2nd,Yes,off_plan,8469584.74
111.2,2.0,2,0,1,1,1,Mansoura,Central,Toriel,1st,Semi,completed,1535621.64
360.0,5.0,4,0,1,1,1,Tanta,Central,Saeed,1st,No,off_plan,3431837.08
138.0,4.0,4,0,1,1,1,Cairo,Old Cairo,Maadi,1st,No,completed,5627831.11
90.7,,1,1,1,1,1,Cairo,Old Cairo,Downtown,1st,No,completed,2824525.22
78.5,2.0,1,0,1,0,1,Cairo,Old Cairo,Zamalek,2nd,No,off_plan,3497393.48
170.8,,3,1,1,1,1,Cairo,New Cairo,First Settlement,3rd,Semi,completed,6394021.43
87.8,2.0,1,0,1,0,1,Cairo,Old Cairo,Maadi,1st,No,completed,3532422.13
151.6,3.0,3,0,1,1,1,Cairo,New Cairo,Heliopolis,1st,No,off_plan,4249931.88
285.6,3.0,2,0,0,1,1,Alexandria,West,Borg El Arab,1st,Yes,under_construction,4440410.67
108.4,3.0,3,0,1,0,1,Giza,New Giza,New Giza,1st,Semi,completed,6585995.71
141.3,3.0,3,0,1,1,1,Alexandria,West,Agami,2nd,Yes,completed,3305742.32
199.3,2.0,1,0,1,0,1,Cairo,Old Cairo,Downtown,1st,No,completed,5962748.32
112.8,2.0,2,0,1,1,1,Giza,West Giza,Mohandessin,2nd,Semi,completed,3680138.16
91.7,4.0,3,0,1,1,1,Cairo,Old Cairo,Downtown,1st,No,under_construction,2859206.19
90.6,3.0,3,0,1,1,1,Giza,West Giza,Dokki,2nd,Semi,completed,2952157.41
127.6,2.0,1,0,1,1,1,Giza,New Giza,New Giza,1st,Yes,under_construction,5543710.71
133.8,4.0,3,0,1,1,1,Alexandria,West,Borg El Arab,1st,No,completed,2542667.0
141.3,2.0,1,0,1,1,1,Giza,New Giza,New Giza,1st,No,completed,8315017.94
129.6,2.0,2,0,0,1,1,Giza,New Giza,New Giza,2nd,No,completed,7216528.58
100.7,2.0,1,0,1,0,1,Giza,New Giza,New Giza,2nd,No,under_construction,4959188.51
96.6,4.0,4,0,1,1,1,Cairo,Old Cairo,Maadi,1st,No,completed,3592031.31
125.6,4.0,3,0,1,0,1,Cairo,New Cairo,Fifth Settlement,3rd,Semi,completed,7074573.51
135.2,4.0,3,0,0,1,1,Cairo,New Cairo,Fifth Settlement,2nd,Semi,off_plan,5385120.15
63.0,3.0,2,0,0,0,1,Giza,West Giza,Haram,3rd,Semi,off_plan,961693.4
205.0,3.0,2,0,0,1,1,Giza,West Giza,Sheikh Zayed,3rd,Yes,completed,10370258.72
138.2,2.0,2,0,1,0,1,Mansoura,Central,El Mashaya,1st,Semi,completed,2411630.04
125.3,2.0,2,0,1,1,1,Cairo,New Cairo,First Settlement,3rd,Semi,under_construction,4359507.49
78.6,3.0,3,0,1,1,1,Giza,New Giza,New Giza,1st,No,off_plan,3328953.67
65.6,4.0,3,0,1,1,1,Alexandria,West,Borg El Arab,2nd,No,completed,1239411.74
121.1,4.0,3,0,1,1,1,Cairo,Old Cairo,Maadi,3rd,Semi,completed,4160764.09
196.7,3.0,2,0,1,1,1,Cairo,New Cairo,First Settlement,2nd,No,under_construction,6461544.36
213.5,4.0,4,0,1,0,1,Cairo,Old Cairo,Downtown,2nd,No,completed,6329181.79
244.9,3.0,2,0,1,0,1,Alexandria,East,Smouha,1st,No,completed,6525582.23
76.8,3.0,3,0,1,0,1,Giza,West Giza,Dokki,1st,No,completed,2298663.57
106.8,5.0,4,0,1,1,1,Cairo,Old Cairo,Zamalek,1st,Semi,completed,7249900.82
79.1,1.0,1,0,1,0,1,Cairo,Old Cairo,Zamalek,2nd,Yes,completed,5491671.04
135.0,3.0,2,0,1,0,1,Giza,New Giza,New Giza,2nd,Yes,under_construction,6156189.55
172.8,2.0,1,0,1,1,1,Giza,West Giza,Haram,3rd,Yes,completed,4758420.6
84.0,2.0,2,0,0,0,1,Cairo,New Cairo,Madinaty,2nd,Semi,under_construction,3670413.41
140.1,2.0,1,0,1,1,1,Giza,West Giza,Haram,2nd,Semi,under_construction,2330597.13
82.6,3.0,2,0,0,0,1,Alexandria,East,Sidi Bishr,2nd,Semi,completed,2065236.77
73.9,3.0,2,0,1,0,1,Cairo,Old Cairo,Maadi,2nd,No,off_plan,2106897.92
72.3,2.0,1,0,1,1,1,Alexandria,East,Sidi Bishr,2nd,Yes,completed,1915072.68
214.3,3.0,3,0,1,0,1,Giza,West Giza,Mohandessin,2nd,Semi,under_construction,5938467.89
234.2,2.0,1,0,1,1,1,Cairo,Old Cairo,Zamalek,2nd,Semi,completed,14569605.16
114.3,3.0,2,0,1,1,1,Cairo,Old Cairo,Maadi,3rd,Semi,completed,4667093.72
149.1,1.0,1,0,1,1,1,Tanta,Central,El Geish,1st,No,completed,2128028.11
119.4,,4,1,1,1,1,Giza,New Giza,New Giza,2nd,Yes,completed,7345721.76
108.2,,4,1,1,1,1,Alexandria,East,Smouha,1st,No,completed,3055771.29
133.5,2.0,2,0,1,1,1,Cairo,Old Cairo,Maadi,2nd,No,completed,4447726.94
120.1,1.0,1,0,1,1,1,Giza,New Giza,New Giza,1st,Semi,under_construction,5500047.96
43.4,2.0,1,0,1,1,1,Cairo,Old Cairo,Maadi,2nd,Semi,completed,1489008.87
98.1,3.0,2,0,0,0,1,Cairo,Old Cairo,Maadi,2nd,No,completed,3439635.17
67.9,5.0,4,0,1,1,1,Alexandria,East,Smouha,1st,Yes,off_plan,1522186.75
137.0,4.0,3,0,1,1,1,Cairo,New Cairo,Fifth Settlement,2nd,No,under_construction,5694120.64
89.6,2.0,1,0,1,1,0,Cairo,New Cairo,Heliopolis,2nd,No,under_construction,2808738.87
112.4,4.0,3,0,1,1,1,Giza,West Giza,6th of October,3rd,Yes,completed,3988367.79
133.2,5.0,5,0,1,0,1,Cairo,New Cairo,Nasr City,2nd,Yes,completed,3898777.2
76.3,3.0,2,0,1,0,1,Cairo,Old Cairo,Maadi,2nd,No,completed,2824822.34
99.6,2.0,2,0,1,0,1,Alexandria,East,Smouha,1st,Semi,completed,2965950.97
105.4,4.0,3,0,1,1,1,Tanta,Central,Saeed,1st,No,off_plan,1031587.04
197.3,4.0,3,0,0,1,1,Cairo,New Cairo,Heliopolis,1st,Yes,under_construction,5987281.79
139.5,3.0,3,0,1,1,1,Cairo,New Cairo,Nasr City,1st,No,completed,4057657.15
161.8,3.0,3,0,1,1,1,Mansoura,Central,El Mashaya,2nd,Semi,completed,3012331.72
117.4,3.0,2,0,0,1,1,Cairo,New Cairo,Fifth Settlement,1st,Semi,under_construction,5576113.1
160.3,1.0,1,0,1,0,1,Giza,West Giza,6th of October,3rd,Semi,completed,4649221.79
90.2,1.0,1,0,1,1,1,Cairo,Old Cairo,Zamalek,2nd,Yes,completed,6415866.98
123.1,2.0,2,0,0,1,1,Giza,West Giza,Mohandessin,1st,No,completed,4079346.95
91.6,3.0,3,0,1,1,1,Alexandria,West,Agami,2nd,Yes,under_construction,1755082.61
131.8,2.0,1,0,1,1,1,Cairo,Old Cairo,Downtown,1st,No,completed,3996471.72
132.5,4.0,4,0,1,1,1,Giza,New Giza,New Giza,1st,Yes,under_construction,7131759.69
144.3,4.0,4,0,1,0,1,Cairo,New Cairo,First Settlement,1st,No,completed,6300370.36
138.9,2.0,2,0,1,0,1,Cairo,Old Cairo,Maadi,1st,No,completed,5943088.87
106.3,5.0,5,0,1,0,1,Cairo,New Cairo,First Settlement,2nd,No,completed,4684718.64
109.8,1.0,1,0,1,1,1,Alexandria,West,Borg El Arab,2nd,No,under_construction,1434224.17
160.9,5.0,4,0,1,1,1,Giza,West Giza,Mohandessin,2nd,No,completed,5060347.59
222.0,4.0,4,0,1,1,0,Cairo,Old Cairo,Maadi,2nd,Semi,off_plan,6514178.37
96.1,2.0,1,0,0,0,1,Giza,New Giza,New Giza,2nd,No,completed,5274723.93
159.7,4.0,3,0,1,0,1,Tanta,Central,El Geish,2nd,No,completed,2656549.9
112.8,,1,1,1,0,1,Cairo,New Cairo,First Settlement,2nd,Yes,completed,4755204.67
186.3,3.0,3,0,1,1,1,Giza,West Giza,Sheikh Zayed,2nd,Semi,off_plan,6516926.06
200.7,4.0,4,0,1,1,1,Giza,West Giza,6th of October,1st,No,completed,6609164.63
172.7,3.0,3,0,1,1,1,Alexandria,East,Smouha,3rd,No,completed,4574816.52
142.4,2.0,1,0,1,1,1,Mansoura,Central,El Mashaya,1st,No,completed,2363166.49
173.3,2.0,2,0,1,0,1,Giza,West Giza,Sheikh Zayed,1st,No,off_plan,6400447.77
71.7,4.0,4,0,1,1,1,Cairo,New Cairo,Rehab,1st,Yes,completed,3668068.44
102.9,3.0,2,0,0,1,1,Alexandria,East,Sidi Gaber,1st,No,under_construction,2115201.96
87.8,,2,1,1,1,1,Giza,New Giza,New Giza,1st,No,completed,4896654.28
235.5,3.0,2,0,1,0,1,Cairo,Old Cairo,Zamalek,1st,Yes,completed,16888392.57
168.0,3.0,2,0,1,1,1,Giza,West Giza,Mohandessin,1st,No,completed,6342273.48
110.4,2.0,1,0,1,1,0,Cairo,Old Cairo,Maadi,3rd,Semi,completed,4739481.04
124.0,1.0,1,0,0,1,1,Giza,New Giza,New Giza,1st,No,completed,6685800.03
102.6,2.0,2,0,1,1,1,Mansoura,Central,El Mashaya,1st,No,completed,1839044.9
72.4,2.0,1,0,1,1,1,Tanta,Central,El Geish,1st,No,under_construction,901388.1
220.5,3.0,3,0,0,1,1,Cairo,New Cairo,Rehab,3rd,No,completed,8542511.84
102.0,3.0,2,0,1,1,1,Giza,West Giza,Haram,3rd,No,under_construction,1663270.7
62.3,,1,1,1,1,1,Cairo,Old Cairo,Downtown,2nd,Yes,completed,2277209.07
138.2,1.0,1,0,1,1,1,Giza,West Giza,Mohandessin,1st,Semi,under_construction,4706669.2
226.9,2.0,2,0,1,1,1,Giza,West Giza,Sheikh Zayed,3rd,No,off_plan,7592316.9
62.2,3.0,2,0,1,1,1,Cairo,Old Cairo,Downtown,2nd,No,under_construction,1517002.77
87.0,4.0,3,0,1,1,1,Cairo,New Cairo,Rehab,3rd,No,completed,3485619.45
111.7,3.0,2,0,1,1,1,Giza,New Giza,New Giza,2nd,No,completed,6378655.75
131.7,1.0,1,0,1,1,1,Tanta,Central,El Geish,1st,No,completed,2160847.1
74.4,4.0,4,0,1,1,1,Cairo,Old Cairo,Maadi,3rd,No,under_construction,2339947.04
100.8,3.0,2,0,1,0,1,Cairo,Old Cairo,Maadi,2nd,No,under_construction,2894063.07
135.4,3.0,3,0,1,1,1,Mansoura,Central,Toriel,1st,No,completed,2099333.01
153.8,3.0,3,0,1,1,1,Cairo,New Cairo,Nasr City,4th,No,completed,4529456.75
167.6,2.0,1,0,0,1,1,Cairo,New Cairo,Madinaty,3rd,No,completed,7949864.18
143.0,2.0,1,0,0,1,1,Alexandria,West,Agami,2nd,Yes,completed,3152616.51
125.5,3.0,2,0,1,1,1,Cairo,New Cairo,Heliopolis,2nd,Yes,completed,4699985.53
148.0,2.0,1,0,1,1,1,Giza,New Giza,New Giza,1st,No,off_plan,5813894.53
155.4,1.0,1,0,1,1,1,Giza,West Giza,Haram,2nd,Yes,completed,3477539.55
91.3,,4,1,1,1,1,Mansoura,Central,Toriel,1st,No,completed,1307056.23
104.4,1.0,1,0,1,1,1,Cairo,Old Cairo,Zamalek,2nd,Semi,completed,5853179.95
178.4,3.0,2,0,1,1,1,Alexandria,East,Sidi Gaber,1st,No,completed,3750290.51
104.6,2.0,1,0,0,0,1,Cairo,Old Cairo,Zamalek,2nd,Yes,completed,6851581.22
80.9,3.0,2,0,1,0,1,Cairo,Old Cairo,Maadi,1st,No,under_construction,2811774.82
106.9,3.0,2,0,1,0,1,Giza,West Giza,Haram,2nd,No,completed,2188516.5
71.2,5.0,4,0,1,0,1,Giza,New Giza,New Giza,2nd,Yes,completed,5433002.61
132.1,2.0,2,0,0,1,1,Cairo,New Cairo,Rehab,3rd,No,completed,6499693.92
134.6,4.0,3,0,1,1,1,Cairo,Old Cairo,Maadi,1st,No,under_construction,4208400.06
90.2,4.0,3,0,1,1,1,Giza,New Giza,New Giza,1st,Semi,completed,5958525.17
80.3,3.0,3,0,1,0,1,Alexandria,West,Borg El Arab,2nd,No,completed,1448247.33
143.4,2.0,1,0,1,1,1,Cairo,Old Cairo,Zamalek,2nd,Yes,completed,10286743.7
119.1,3.0,3,0,0,1,1,Cairo,New Cairo,Fifth Settlement,3rd,Yes,completed,6920287.22
125.8,2.0,2,0,1,0,1,Giza,West Giza,Dokki,1st,No,under_construction,2890944.48
132.5,3.0,3,0,1,1,1,Mansoura,Central,Toriel,1st,No,completed,2028608.19
79.3,3.0,2,0,1,1,1,Giza,New Giza,New Giza,2nd,No,under_construction,3953089.99
54.6,4.0,4,0,1,0,1,Giza,New Giza,New Giza,1st,Semi,under_construction,2698561.43
226.7,2.0,2,0,1,1,1,Giza,New Giza,New Giza,2nd,No,off_plan,9372759.59
117.8,,1,1,0,1,1,Cairo,Old Cairo,Zamalek,2nd,Yes,under_construction,7113649.26
243.1,2.0,1,0,1,1,1,Tanta,Central,Saeed,1st,No,completed,3606919.99
76.8,4.0,3,0,1,1,1,Giza,New Giza,New Giza,2nd,No,completed,3945766.47
148.6,3.0,2,0,1,1,1,Mansoura,Central,El Mashaya,2nd,Semi,off_plan,1692774.15
182.4,3.0,3,0,1,0,1,Giza,West Giza,6th of October,2nd,No,off_plan,4751655.37
106.0,2.0,1,0,1,1,1,Giza,West Giza,Dokki,1st,No,completed,3318251.76
126.1,2.0,1,0,1,1,1,Giza,New Giza,New Giza,2nd,No,completed,6903974.09
108.1,1.0,1,0,1,0,1,Cairo,Old Cairo,Maadi,2nd,No,completed,3979458.51
69.7,2.0,1,0,1,1,1,Giza,New Giza,New Giza,2nd,No,under_construction,3573843.52
198.5,1.0,1,0,1,1,1,Cairo,Old Cairo,Zamalek,1st,No,completed,10868288.06
173.6,1.0,1,0,0,1,1,Giza,New Giza,New Giza,2nd,No,completed,7975022.44
142.7,2.0,1,0,1,0,1,Cairo,New Cairo,Madinaty,3rd,No,completed,5883877.0
148.8,4.0,4,0,1,1,1,Cairo,New Cairo,Heliopolis,2nd,Yes,completed,6121264.36
184.9,3.0,3,0,1,0,1,Giza,West Giza,Mohandessin,1st,No,completed,5570371.52
112.0,3.0,3,0,1,0,1,Cairo,Old Cairo,Maadi,1st,No,completed,4153925.86
144.8,4.0,4,0,1,1,1,Alexandria,East,Smouha,2nd,No,under_construction,2895287.46
135.3,2.0,2,0,1,1,0,Cairo,New Cairo,Rehab,3rd,Yes,completed,5317190.97
126.8,2.0,1,0,1,1,1,Giza,New Giza,New Giza,2nd,No,under_construction,5652746.46
96.7,3.0,2,0,1,1,1,Giza,New Giza,New Giza,2nd,No,completed,5633351.52
152.2,3.0,2,0,1,1,1,Giza,West Giza,6th of October,2nd,Yes,under_construction,5313491.74
114.1,,1,1,0,1,1,Cairo,New Cairo,Heliopolis,1st,No,completed,4256656.88
180.7,3.0,2,0,1,0,1,Cairo,New Cairo,Heliopolis,1st,No,off_plan,4068892.23
161.9,3.0,2,0,1,1,1,Giza,New Giza,New Giza,1st,No,completed,8542889.91
155.8,3.0,2,0,1,0,1,Alexandria,West,Agami,2nd,No,completed,3231684.68
103.5,4.0,4,0,1,0,1,Cairo,New Cairo,Rehab,2nd,No,under_construction,3571469.87
146.0,2.0,2,0,1,1,1,Cairo,Old Cairo,Downtown,1st,Yes,under_construction,3898520.19
168.2,3.0,2,0,1,1,1,Cairo,Old Cairo,Maadi,2nd,No,completed,6235992.44
129.8,5.0,5,0,1,1,1,Cairo,New Cairo,Rehab,3rd,Semi,under_construction,4784165.6
78.4,2.0,2,0,1,0,1,Cairo,New Cairo,Madinaty,2nd,No,completed,4195750.85
81.3,4.0,3,0,1,1,1,Giza,West Giza,Dokki,1st,Yes,under_construction,2833545.29
95.1,5.0,4,0,1,1,1,Giza,New Giza,New Giza,2nd,No,completed,5961691.75
71.6,2.0,1,0,1,1,1,Cairo,New Cairo,Rehab,2nd,No,under_construction,2519545.51
184.3,3.0,2,0,1,1,1,Cairo,New Cairo,First Settlement,2nd,Yes,under_construction,5905475.78
103.0,2.0,2,0,1,0,1,Mansoura,Central,Toriel,1st,Yes,completed,1614369.72
111.6,2.0,2,0,1,1,1,Cairo,New Cairo,First Settlement,2nd,No,under_construction,3766546.53
84.3,1.0,1,0,1,1,1,Cairo,New Cairo,Nasr City,3rd,Yes,completed,2841918.43
137.7,2.0,2,0,1,1,0,Cairo,Old Cairo,Downtown,2nd,No,completed,3623036.35
119.9,3.0,2,0,1,1,1,Giza,West Giza,Dokki,1st,No,completed,3896510.57
175.7,3.0,3,0,0,0,1,Cairo,New Cairo,Rehab,2nd,No,completed,7298537.73
126.1,3.0,2,0,1,1,1,Cairo,Old Cairo,Zamalek,1st,Yes,under_construction,7705935.33
78.8,2.0,1,0,1,1,0,Alexandria,West,Borg El Arab,1st,No,completed,1441905.55
95.6,4.0,3,0,1,1,1,Giza,West Giza,6th of October,2nd,No,completed,3343454.68
168.1,2.0,2,0,1,0,1,Giza,New Giza,New Giza,2nd,Yes,completed,11874221.4
72.8,3.0,2,0,1,0,1,Cairo,New Cairo,Rehab,1st,No,completed,3298362.03
118.1,2.0,1,0,1,1,1,Giza,New Giza,New Giza,1st,Semi,completed,7373969.36
286.7,1.0,1,0,1,1,1,Cairo,Old Cairo,Maadi,2nd,Semi,off_plan,7894775.63
124.6,4.0,4,0,1,1,1,Giza,New Giza,New Giza,1st,Semi,completed,7663718.96
79.5,2.0,1,0,1,1,1,Giza,West Giza,Dokki,2nd,No,completed,2388062.21
160.0,3.0,2,0,1,1,1,Cairo,New Cairo,Fifth Settlement,1st,No,under_construction,6384325.44
117.5,2.0,1,0,1,1,1,Mansoura,Central,Toriel,1st,No,completed,1806561.38
85.7,2.0,2,0,1,1,1,Alexandria,West,Agami,2nd,Yes,off_plan,1595158.2
102.9,2.0,1,0,1,1,1,Alexandria,West,Agami,1st,No,under_construction,1897325.8
89.7,4.0,3,0,1,0,1,Cairo,Old Cairo,Downtown,2nd,No,completed,2970044.02
130.6,4.0,4,0,1,0,1,Mansoura,Central,El Mashaya,2nd,Yes,completed,2608616.47
156.9,3.0,2,0,0,1,1,Mansoura,Central,Toriel,1st,No,completed,2590263.12
168.0,2.0,1,0,0,0,1,Tanta,Central,Saeed,1st,Yes,completed,2444440.23
86.5,3.0,2,0,1,1,1,Alexandria,West,Agami,2nd,Yes,under_construction,1576534.29
140.7,4.0,4,0,0,1,1,Cairo,Old Cairo,Zamalek,1st,No,under_construction,8427623.07
172.6,1.0,1,0,1,1,1,Alexandria,East,Smouha,1st,Semi,completed,5140402.86
99.9,4.0,4,0,1,1,1,Giza,New Giza,New Giza,1st,No,off_plan,4355480.63
145.3,2.0,1,0,1,1,1,Giza,West Giza,Haram,3rd,No,off_plan,2361095.35
171.3,3.0,3,0,1,1,0,Alexandria,West,Agami,1st,Yes,completed,3597566.14
113.7,4.0,3,0,1,1,0,Cairo,New Cairo,Rehab,2nd,No,off_plan,3752864.2
104.5,4.0,3,0,1,0,1,Tanta,Central,El Geish,2nd,No,under_construction,1387259.28
114.0,2.0,1,0,1,1,1,Giza,New Giza,New Giza,2nd,Semi,completed,7612731.61
147.2,4.0,4,0,1,0,1,Cairo,Old Cairo,Maadi,2nd,Yes,completed,5473607.39
189.5,2.0,1,0,0,0,1,Cairo,New Cairo,Rehab,2nd,Semi,completed,8888661.54
88.3,2.0,1,0,1,1,1,Cairo,New Cairo,Fifth Settlement,3rd,Yes,under_construction,4256226.81
96.5,4.0,3,0,1,1,1,Giza,New Giza,New Giza,2nd,No,completed,6262106.37
124.2,3.0,2,0,1,1,1,Giza,New Giza,New Giza,2nd,No,completed,7411181.74
90.3,2.0,2,0,0,0,1,Giza,New Giza,New Giza,2nd,Yes,completed,5800236.22
122.8,5.0,5,0,1,0,1,Cairo,New Cairo,Heliopolis,1st,Yes,completed,4826529.78
128.6,2.0,1,0,1,1,1,Giza,New Giza,New Giza,1st,Semi,completed,8316069.29
127.6,2.0,1,0,1,1,1,Cairo,New Cairo,Rehab,1st,No,completed,5537954.23
126.8,3.0,2,0,1,1,1,Alexandria,East,Sidi Bishr,2nd,Semi,under_construction,2463900.42
111.8,3.0,3,0,1,1,1,Giza,New Giza,New Giza,1st,No,completed,6279700.03
180.9,2.0,2,0,1,1,1,Cairo,New Cairo,Madinaty,4th,Yes,off_plan,6655854.35
126.1,3.0,2,0,1,1,1,Cairo,Old Cairo,Downtown,2nd,No,completed,4262725.11
89.6,2.0,2,0,1,1,0,Giza,West Giza,Dokki,2nd,Yes,completed,3289619.34
133.3,2.0,1,0,1,1,1,Giza,New Giza,New Giza,2nd,No,off_plan,5035368.76
152.1,5.0,4,0,1,1,0,Alexandria,East,Sidi Gaber,1st,No,completed,4160366.53
98.3,2.0,1,0,1,1,1,Cairo,New Cairo,Nasr City,1st,No,completed,2354886.69
225.4,3.0,2,0,1,1,1,Cairo,Old Cairo,Downtown,2nd,No,completed,8673682.73
70.7,2.0,2,0,1,1,1,Cairo,Old Cairo,Downtown,2nd,Semi,completed,2307627.5
187.4,4.0,3,0,1,0,1,Giza,New Giza,New Giza,1st,Yes,completed,11521525.23
105.4,3.0,2,0,0,1,1,Giza,New Giza,New Giza,1st,No,completed,5932884.37
201.0,1.0,1,0,1,0,1,Cairo,Old Cairo,Downtown,2nd,No,under_construction,5162487.9
113.7,5.0,5,0,1,1,1,Alexandria,East,Sidi Bishr,1st,Semi,completed,2723318.67
99.8,2.0,2,0,1,1,1,Cairo,New Cairo,Nasr City,1st,No,completed,2570478.2
98.7,4.0,3,0,1,0,1,Giza,New Giza,New Giza,2nd,Semi,under_construction,5315555.84
112.5,4.0,4,0,0,1,1,Giza,West Giza,6th of October,2nd,No,under_construction,3073329.86
163.5,,3,1,1,0,1,Giza,West Giza,Sheikh Zayed,2nd,No,completed,7999622.69
74.9,2.0,1,0,1,1,1,Cairo,Old Cairo,Downtown,2nd,No,under_construction,2004623.77
96.1,3.0,2,0,1,0,1,Giza,West Giza,Dokki,2nd,No,completed,3124138.2
95.6,2.0,2,0,1,0,1,Giza,New Giza,New Giza,1st,No,completed,4848646.54
88.6,2.0,1,0,1,1,1,Alexandria,West,Agami,2nd,Semi,completed,2023504.89
126.9,2.0,1,0,1,1,1,Cairo,Old Cairo,Downtown,2nd,No,completed,3851850.91
81.2,3.0,3,0,1,1,1,Cairo,Old Cairo,Downtown,1st,No,off_plan,1978770.93
85.7,3.0,3,0,1,0,1,Giza,West Giza,Haram,2nd,Yes,completed,1997348.99
113.2,2.0,2,0,0,1,1,Cairo,New Cairo,Heliopolis,2nd,No,off_plan,2857936.94
248.6,4.0,3,0,1,1,1,Cairo,Old Cairo,Maadi,3rd,No,under_construction,7311481.83
88.0,2.0,1,0,1,1,1,Cairo,New Cairo,Nasr City,4th,No,completed,2559977.6
272.5,3.0,3,0,1,1,1,Giza,New Giza,New Giza,2nd,No,under_construction,11577139.95
136.5,2.0,1,0,0,1,1,Cairo,Old Cairo,Downtown,2nd,No,completed,4565759.12
126.3,3.0,2,0,1,0,1,Giza,West Giza,Sheikh Zayed,2nd,Semi,completed,5462102.38
239.9,2.0,1,0,1,1,1,Giza,New Giza,New Giza,2nd,No,completed,13090059.11
109.3,3.0,3,0,1,0,0,Giza,West Giza,Dokki,1st,No,under_construction,2519596.85
86.5,3.0,2,0,0,1,1,Mansoura,Central,El Mashaya,2nd,No,under_construction,1342647.62
91.1,3.0,2,0,1,1,1,Giza,New Giza,New Giza,2nd,Yes,completed,5975722.1
93.5,2.0,1,0,1,1,1,Cairo,New Cairo,Fifth Settlement,1st,No,completed,4350312.56
149.3,4.0,3,0,1,1,1,Giza,West Giza,Mohandessin,1st,No,completed,5677293.65
129.3,3.0,2,0,0,0,1,Giza,West Giza,6th of October,3rd,Yes,off_plan,3460161.24
155.6,2.0,2,0,1,1,1,Alexandria,West,Agami,1st,No,completed,3391119.22
135.2,3.0,2,0,1,1,1,Cairo,Old Cairo,Zamalek,1st,No,completed,8582544.01
125.5,5.0,4,0,1,1,1,Cairo,New Cairo,Fifth Settlement,2nd,No,completed,6602509.52
257.7,,2,1,1,1,1,Giza,New Giza,New Giza,1st,Yes,completed,14865086.61
171.4,2.0,2,0,1,1,1,Cairo,New Cairo,Nasr City,2nd,Semi,completed,4552198.55
89.7,3.0,2,0,1,0,1,Mansoura,Central,Toriel,1st,No,completed,1411705.85
99.3,3.0,3,0,1,1,0,Giza,New Giza,New Giza,1st,No,under_construction,4909879.5
113.8,1.0,1,0,0,0,1,Cairo,New Cairo,First Settlement,1st,Semi,completed,4536880.78
79.0,2.0,1,0,1,1,1,Giza,New Giza,New Giza,2nd,Yes,completed,5058432.05
117.0,3.0,3,0,1,1,1,Tanta,Central,El Geish,1st,Semi,completed,2160780.73
183.8,3.0,3,0,1,1,1,Cairo,New Cairo,Nasr City,3rd,No,completed,5232743.25
194.7,3.0,2,0,0,0,1,Giza,New Giza,New Giza,2nd,Yes,completed,12393389.11
131.1,4.0,4,0,1,1,1,Giza,New Giza,New Giza,2nd,No,completed,7758778.63
177.8,,2,1,1,0,1,Alexandria,East,Sidi Gaber,1st,No,completed,3837476.23
194.7,2.0,1,0,1,0,1,Cairo,New Cairo,Rehab,1st,No,under_construction,6897072.61
76.6,2.0,1,0,0,1,1,Alexandria,West,Borg El Arab,2nd,No,under_construction,1160401.31
73.4,3.0,3,0,1,1,1,Giza,New Giza,New Giza,1st,Semi,completed,4407102.57
104.4,4.0,4,0,1,1,1,Cairo,New Cairo,First Settlement,2nd,No,completed,4559724.66
120.8,3.0,3,0,1,0,1,Cairo,New Cairo,Madinaty,4th,No,under_construction,4543292.85
127.3,3.0,2,0,1,0,1,Tanta,Central,Saeed,1st,Yes,completed,1865616.06
88.9,5.0,4,0,1,0,1,Giza,New Giza,New Giza,2nd,Semi,completed,5606604.41
86.5,,3,1,1,1,1,Giza,New Giza,New Giza,1st,Yes,completed,6340499.9
257.3,2.0,1,0,1,1,1,Alexandria,West,Borg El Arab,2nd,No,under_construction,3368380.74
141.9,2.0,1,0,1,0,1,Mansoura,Central,El Mashaya,2nd,No,completed,2239997.91
114.5,2.0,2,0,1,0,1,Giza,West Giza,Haram,2nd,No,completed,2423898.86
79.7,,4,1,1,1,1,Cairo,New Cairo,First Settlement,1st,No,under_construction,3039314.23
179.9,3.0,2,0,1,0,1,Cairo,Old Cairo,Downtown,1st,No,completed,6060215.79
69.3,4.0,3,0,1,1,1,Giza,West Giza,Sheikh Zayed,1st,No,under_construction,2797679.74
89.3,1.0,1,0,0,1,1,Cairo,New Cairo,Fifth Settlement,1st,Yes,completed,4713256.72
134.3,2.0,1,0,1,1,1,Cairo,New Cairo,Heliopolis,1st,No,under_construction,4289116.68
98.2,2.0,1,0,1,0,1,Cairo,New Cairo,Madinaty,2nd,No,under_construction,3653219.65
122.0,5.0,5,0,1,1,1,Cairo,Old Cairo,Maadi,1st,No,completed,4683398.52
124.6,4.0,4,0,1,0,1,Giza,West Giza,Haram,2nd,No,completed,2882924.93
226.9,3.0,2,0,1,1,1,Alexandria,East,Sidi Gaber,2nd,No,completed,5919975.31
149.4,2.0,1,0,1,0,1,Giza,New Giza,New Giza,2nd,Semi,completed,8257989.61
86.4,4.0,3,0,1,1,1,Mansoura,Central,El Mashaya,2nd,Yes,completed,1708106.98
162.2,2.0,1,0,1,0,1,Cairo,Old Cairo,Maadi,1st,No,completed,6130711.44
128.4,2.0,1,0,1,1,1,Cairo,New Cairo,Nasr City,2nd,Semi,under_construction,3006380.98
119.4,4.0,3,0,1,1,1,Cairo,Old Cairo,Zamalek,2nd,No,completed,7931875.5
116.6,3.0,3,0,1,1,1,Cairo,Old Cairo,Downtown,2nd,No,completed,3668140.87
114.8,4.0,3,0,1,1,1,Giza,New Giza,New Giza,2nd,Semi,off_plan,4837788.89
225.2,3.0,2,0,1,0,1,Cairo,New Cairo,Fifth Settlement,1st,No,completed,11070857.59
92.8,4.0,3,0,1,1,1,Cairo,Old Cairo,Downtown,2nd,No,under_construction,2507520.21
138.1,3.0,2,0,1,0,0,Cairo,New Cairo,Heliopolis,2nd,Yes,under_construction,4590163.31
112.1,2.0,1,0,1,1,1,Cairo,New Cairo,Rehab,1st,Semi,completed,5190604.3
65.0,2.0,1,0,1,1,1,Cairo,New Cairo,Nasr City,3rd,No,off_plan,1614673.57
133.4,,4,1,1,1,1,Cairo,Old Cairo,Downtown,2nd,No,completed,4619110.03
226.0,2.0,1,0,1,1,1,Cairo,Old Cairo,Maadi,2nd,Yes,under_construction,7577083.23
83.5,2.0,2,0,1,1,1,Alexandria,West,Agami,1st,No,off_plan,1431949.92
104.0,,3,1,1,1,1,Cairo,Old Cairo,Zamalek,2nd,Yes,completed,6870230.74
100.6,3.0,2,0,1,0,1,Cairo,Old Cairo,Downtown,1st,No,under_construction,2902659.15
151.2,3.0,3,0,1,0,1,Cairo,New Cairo,Heliopolis,1st,Yes,completed,6256343.91
161.7,5.0,5,0,1,1,1,Giza,West Giza,Dokki,1st,Yes,completed,5122211.43
117.6,2.0,1,0,0,1,1,Giza,West Giza,Mohandessin,2nd,No,completed,4286230.01
127.7,3.0,2,0,1,1,1,Giza,New Giza,New Giza,2nd,No,completed,7333695.1
90.0,2.0,1,0,1,1,1,Giza,New Giza,New Giza,2nd,Yes,completed,5937298.26
160.2,3.0,2,0,1,1,1,Cairo,New Cairo,First Settlement,1st,No,off_plan,3944803.46
147.5,2.0,2,0,1,1,1,Giza,New Giza,New Giza,1st,No,under_construction,6762275.94
85.7,3.0,3,0,1,1,1,Cairo,Old Cairo,Maadi,3rd,Yes,completed,3660403.75
93.0,1.0,1,0,1,0,1,Cairo,Old Cairo,Downtown,1st,Yes,completed,3357608.89
123.3,2.0,1,0,1,1,0,Giza,West Giza,Haram,3rd,Yes,under_construction,2399149.94
89.7,3.0,2,0,1,0,1,Cairo,Old Cairo,Maadi,3rd,No,completed,3084795.82
92.5,4.0,3,0,1,1,1,Giza,West Giza,Dokki,2nd,Yes,completed,3218436.84
89.5,3.0,3,0,1,1,1,Giza,West Giza,Mohandessin,1st,Yes,completed,3439273.05
106.2,2.0,1,0,1,1,1,Cairo,New Cairo,Rehab,2nd,No,completed,5159314.91
152.4,1.0,1,0,1,0,1,Cairo,Old Cairo,Maadi,1st,Semi,completed,5878934.71
146.6,5.0,5,0,1,1,1,Tanta,Central,El Geish,1st,No,off_plan,1782629.15
153.3,3.0,3,0,1,1,1,Cairo,New Cairo,Heliopolis,1st,Semi,under_construction,3966466.89
91.3,3.0,3,0,1,1,1,Cairo,Old Cairo,Maadi,1st,No,off_plan,2408572.05
103.8,5.0,5,0,1,1,1,Giza,New Giza,New Giza,1st,Yes,completed,6201581.63
74.8,2.0,2,0,1,0,1,Cairo,Old Cairo,Maadi,1st,No,off_plan,1964619.38
109.9,5.0,5,0,1,1,1,Cairo,Old Cairo,Downtown,2nd,Semi,off_plan,2602864.11
129.9,3.0,3,0,1,1,1,Cairo,Old Cairo,Zamalek,2nd,Yes,completed,9037836.83
137.3,3.0,2,0,1,1,1,Mansoura,Central,El Mashaya,2nd,No,under_construction,1931712.72
90.2,3.0,3,0,1,1,1,Alexandria,East,Sidi Gaber,2nd,No,completed,2262087.95
120.3,2.0,2,0,0,1,1,Giza,West Giza,Mohandessin,1st,Yes,completed,4290552.46
83.5,2.0,1,0,1,0,1,Giza,West Giza,Mohandessin,2nd,No,completed,3122227.16
209.8,3.0,3,0,1,0,1,Mansoura,Central,Toriel,1st,No,under_construction,2617454.71
97.8,5.0,4,0,1,0,1,Cairo,Old Cairo,Zamalek,2nd,Yes,off_plan,4135829.31
142.0,3.0,2,0,1,1,1,Giza,New Giza,New Giza,2nd,Semi,under_construction,5965532.06
78.1,4.0,3,0,1,1,1,Alexandria,West,Borg El Arab,1st,No,under_construction,1111409.44
185.4,,3,1,1,1,1,Cairo,New Cairo,Madinaty,4th,No,completed,8506834.02
105.7,3.0,2,0,1,0,1,Alexandria,East,Smouha,3rd,No,under_construction,2549764.73
168.8,,4,1,1,1,1,Cairo,New Cairo,Madinaty,3rd,No,under_construction,5918244.1
172.3,,1,1,1,0,1,Giza,West Giza,6th of October,1st,No,completed,5321158.9
140.7,5.0,5,0,1,1,1,Alexandria,West,Borg El Arab,1st,No,completed,2508077.63
116.2,3.0,2,0,1,0,1,Giza,West Giza,Dokki,2nd,No,off_plan,2564376.09
214.3,4.0,3,0,1,1,1,Cairo,New Cairo,Nasr City,1st,No,off_plan,4454439.68
94.1,4.0,4,0,1,1,1,Cairo,Old Cairo,Zamalek,2nd,No,completed,6003813.88
99.2,4.0,3,0,1,1,1,Cairo,Old Cairo,Downtown,1st,Semi,completed,3127028.96
145.3,3.0,3,0,1,0,1,Cairo,Old Cairo,Downtown,1st,Semi,completed,4952263.92
83.5,1.0,1,0,1,1,1,Tanta,Central,Saeed,1st,No,completed,1127857.46
142.0,5.0,5,0,1,1,1,Alexandria,West,Agami,1st,No,completed,3354035.26
41.0,2.0,1,0,1,1,1,Cairo,Old Cairo,Zamalek,2nd,No,completed,2724121.77
166.3,1.0,1,0,0,0,1,Giza,West Giza,Sheikh Zayed,1st,Yes,off_plan,6274083.28
149.9,5.0,4,0,1,1,1,Giza,New Giza,New Giza,1st,Yes,completed,10864013.9
123.9,1.0,1,0,1,1,1,Cairo,New Cairo,Rehab,2nd,No,completed,5525387.91
192.5,1.0,1,0,1,1,1,Cairo,Old Cairo,Maadi,3rd,Yes,off_plan,4994969.18
153.0,2.0,2,0,1,0,1,Cairo,Old Cairo,Zamalek,2nd,No,completed,8942610.08
93.5,4.0,3,0,1,1,1,Giza,New Giza,New Giza,2nd,No,under_construction,5321951.74
99.4,3.0,2,0,1,1,1,Mansoura,Central,El Mashaya,2nd,No,under_construction,1527963.99
93.5,3.0,3,0,1,1,1,Cairo,Old Cairo,Downtown,1st,No,under_construction,2528200.78
70.0,4.0,3,0,0,1,1,Cairo,Old Cairo,Zamalek,2nd,Semi,off_plan,3319120.17
125.8,3.0,2,0,1,1,1,Cairo,Old Cairo,Downtown,1st,Yes,under_construction,3656942.26
108.1,4.0,3,0,1,1,1,Cairo,Old Cairo,Maadi,2nd,No,completed,4393483.74
161.3,3.0,3,0,1,1,1,Cairo,New Cairo,Madinaty,4th,No,under_construction,5562954.84
100.8,3.0,3,0,1,1,1,Alexandria,East,Smouha,3rd,Yes,completed,2750487.05
93.5,2.0,1,0,1,0,1,Alexandria,East,Sidi Bishr,2nd,Yes,completed,2210121.07
141.9,3.0,3,0,1,1,1,Giza,West Giza,Haram,3rd,Yes,completed,2954481.09
118.0,5.0,5,0,1,0,1,Giza,New Giza,New Giza,1st,No,completed,7084995.38
78.5,5.0,4,0,1,0,1,Giza,West Giza,Haram,3rd,No,under_construction,1364767.34
168.5,5.0,5,0,1,1,1,Tanta,Central,El Geish,2nd,No,completed,2567512.21
130.9,2.0,1,0,1,0,1,Giza,West Giza,Mohandessin,2nd,No,under_construction,4315596.39
166.6,2.0,1,0,1,0,1,Cairo,Old Cairo,Zamalek,1st,No,off_plan,8361309.88
106.1,2.0,1,0,1,1,1,Cairo,New Cairo,Nasr City,3rd,No,completed,3119567.41
56.7,5.0,4,0,1,1,1,Cairo,Old Cairo,Zamalek,2nd,Yes,off_plan,3157194.54
91.4,3.0,2,0,0,0,1,Giza,West Giza,6th of October,2nd,Yes,completed,3162167.18
94.0,2.0,1,0,1,1,1,Mansoura,Central,Toriel,1st,No,off_plan,850058.19
150.0,2.0,2,0,0,1,1,Cairo,New Cairo,Heliopolis,2nd,Semi,completed,6001723.59
88.4,2.0,2,0,1,1,1,Cairo,New Cairo,Madinaty,2nd,No,completed,3742477.1
143.2,1.0,1,0,1,1,1,Alexandria,West,Borg El Arab,1st,No,under_construction,1987085.64
111.4,3.0,2,0,1,1,1,Cairo,Old Cairo,Downtown,1st,No,completed,3889152.4
142.7,3.0,3,0,1,0,1,Giza,New Giza,New Giza,2nd,Semi,completed,9180616.92
119.8,5.0,5,0,1,1,1,Alexandria,West,Agami,2nd,No,completed,2663537.7
102.4,2.0,1,0,1,0,1,Cairo,Old Cairo,Zamalek,2nd,Yes,completed,7057793.57
178.4,3.0,2,0,1,0,1,Alexandria,East,Smouha,2nd,No,completed,4719494.08
187.9,3.0,3,0,0,1,1,Giza,West Giza,Haram,1st,Yes,completed,4370839.07
132.9,3.0,3,0,1,1,0,Cairo,Old Cairo,Downtown,1st,Yes,completed,5489662.74
83.9,,3,1,0,1,1,Cairo,New Cairo,Nasr City,4th,No,completed,2043871.57
144.2,3.0,2,0,0,1,1,Giza,West Giza,Mohandessin,2nd,Semi,under_construction,4125980.94
143.7,3.0,2,0,1,1,1,Giza,New Giza,New Giza,1st,No,completed,8693840.12
96.4,,1,1,0,1,0,Giza,West Giza,Haram,1st,Semi,off_plan,1410148.18
75.1,4.0,4,0,1,0,1,Cairo,New Cairo,Nasr City,2nd,Yes,completed,2669235.99
86.5,,2,1,0,1,1,Giza,New Giza,New Giza,1st,No,completed,4970365.3
184.7,4.0,3,0,1,0,1,Giza,West Giza,6th of October,2nd,No,completed,5801095.74
142.3,1.0,1,0,1,0,1,Giza,New Giza,New Giza,2nd,Yes,under_construction,7092086.14
68.1,,2,1,0,0,1,Giza,New Giza,New Giza,1st,Semi,completed,4374908.42
169.2,4.0,4,0,1,0,1,Giza,New Giza,New Giza,1st,Semi,completed,10044599.88
78.6,3.0,2,0,0,1,1,Cairo,New Cairo,Nasr City,2nd,Semi,completed,2532704.85
51.9,2.0,1,0,1,0,1,Cairo,Old Cairo,Zamalek,1st,No,off_plan,2686176.33
120.6,2.0,1,0,1,1,1,Giza,New Giza,New Giza,1st,Yes,completed,7444531.37
97.2,4.0,3,0,1,0,1,Cairo,New Cairo,Nasr City,2nd,No,completed,2634788.83
148.8,1.0,1,0,0,1,1,Giza,New Giza,New Giza,1st,No,off_plan,6573439.29
175.4,2.0,1,0,1,0,1,Cairo,Old Cairo,Downtown,1st,No,completed,5623372.28
152.0,5.0,4,0,0,1,1,Cairo,New Cairo,Nasr City,1st,No,under_construction,4004246.95
69.1,5.0,4,0,1,0,1,Cairo,New Cairo,Nasr City,4th,No,completed,2144804.13
243.4,,2,1,0,0,1,Cairo,New Cairo,Rehab,3rd,Semi,under_construction,8027709.93
195.1,2.0,1,0,1,1,1,Cairo,Old Cairo,Maadi,3rd,Yes,completed,8540849.69
101.1,1.0,1,0,1,1,1,Giza,West Giza,Dokki,1st,Yes,completed,3327783.56
169.9,,3,1,0,1,1,Cairo,Old Cairo,Downtown,1st,Semi,completed,5501396.78
213.1,4.0,3,0,1,0,0,Cairo,New Cairo,Rehab,3rd,No,completed,8189479.4
115.1,4.0,4,0,1,0,1,Alexandria,West,Agami,2nd,Yes,completed,2968276.83
157.3,4.0,3,0,1,1,1,Alexandria,East,Sidi Bishr,2nd,No,completed,3832667.18
105.3,3.0,2,0,1,1,0,Giza,West Giza,Sheikh Zayed,2nd,No,completed,4978205.78
119.6,3.0,3,0,1,0,1,Giza,West Giza,Dokki,1st,No,under_construction,2950435.05
84.1,2.0,1,0,0,1,1,Cairo,New Cairo,Madinaty,3rd,No,completed,4572796.8
81.2,2.0,1,0,1,0,1,Cairo,New Cairo,Fifth Settlement,2nd,No,off_plan,2856277.85
70.2,2.0,2,0,1,1,1,Giza,New Giza,New Giza,1st,No,under_construction,3730635.55
72.8,3.0,3,0,1,1,1,Giza,New Giza,New Giza,1st,Yes,under_construction,4080718.56
102.8,3.0,2,0,1,0,1,Cairo,Old Cairo,Maadi,2nd,No,completed,4066257.94
125.0,1.0,1,0,1,1,1,Cairo,Old Cairo,Zamalek,2nd,Yes,completed,8418372.03
91.8,3.0,3,0,1,1,1,Cairo,New Cairo,Heliopolis,2nd,No,completed,3223302.61
239.5,2.0,1,0,1,1,1,Alexandria,East,Smouha,1st,No,off_plan,4485722.06
44.4,2.0,1,0,1,1,1,Alexandria,East,Sidi Gaber,1st,No,under_construction,938850.72
135.0,5.0,4,0,1,0,1,Giza,West Giza,Mohandessin,2nd,Yes,completed,5606187.54
93.8,2.0,1,0,1,1,1,Cairo,Old Cairo,Maadi,3rd,No,completed,2961003.54
106.7,4.0,4,0,1,1,1,Cairo,New Cairo,Fifth Settlement,3rd,No,off_plan,4358887.89
67.1,1.0,1,0,1,1,1,Cairo,New Cairo,First Settlement,2nd,Yes,completed,3373383.83
80.5,2.0,2,0,1,1,1,Alexandria,East,Sidi Gaber,1st,No,completed,2127375.05
109.1,3.0,3,0,1,1,1,Giza,West Giza,Mohandessin,1st,Semi,completed,4125283.48
245.6,2.0,2,0,1,1,0,Mansoura,Central,El Mashaya,1st,No,under_construction,3198355.23
82.8,4.0,3,0,1,1,1,Cairo,New Cairo,Madinaty,3rd,No,under_construction,3200380.41
143.5,1.0,1,0,1,1,1,Cairo,New Cairo,Nasr City,2nd,Yes,completed,4886496.69
158.5,2.0,2,0,1,1,1,Cairo,New Cairo,Fifth Settlement,3rd,No,completed,8654221.26
152.4,3.0,3,0,1,0,1,Cairo,Old Cairo,Maadi,3rd,No,off_plan,4134440.64
97.8,2.0,1,0,1,1,1,Cairo,Old Cairo,Downtown,1st,No,off_plan,2383440.64
117.3,2.0,2,0,1,1,1,Cairo,New Cairo,Rehab,3rd,No,off_plan,3895417.62
78.2,2.0,1,0,1,1,1,Cairo,New Cairo,Fifth Settlement,1st,Yes,off_plan,3253892.93
166.9,2.0,1,0,1,1,1,Cairo,New Cairo,Heliopolis,1st,Yes,under_construction,4757184.1
82.4,2.0,2,0,1,1,1,Cairo,Old Cairo,Maadi,3rd,Yes,under_construction,2633834.52
112.3,3.0,2,0,1,1,1,Cairo,Old Cairo,Zamalek,1st,No,off_plan,5750436.0
171.8,3.0,2,0,1,1,1,Cairo,New Cairo,Rehab,2nd,Semi,completed,7322521.21
173.2,3.0,2,0,1,0,1,Alexandria,West,Borg El Arab,1st,No,completed,2769803.48
101.1,2.0,1,0,1,0,0,Alexandria,East,Sidi Gaber,1st,No,under_construction,1804218.86
103.9,2.0,2,0,0,1,1,Cairo,Old Cairo,Zamalek,1st,Semi,under_construction,5544360.27
106.2,,1,1,1,1,1,Cairo,New Cairo,Fifth Settlement,2nd,Yes,completed,6583588.76
136.2,,1,1,1,1,1,Giza,West Giza,Dokki,1st,Yes,under_construction,4102751.34
108.3,3.0,2,0,1,0,1,Alexandria,West,Borg El Arab,1st,Semi,under_construction,1701111.4
95.2,3.0,2,0,1,1,1,Tanta,Central,Saeed,1st,Semi,completed,1592789.32
117.1,3.0,2,0,1,1,1,Giza,New Giza,New Giza,1st,Yes,completed,6785038.29
171.4,5.0,4,0,1,1,1,Giza,West Giza,6th of October,2nd,No,completed,4783552.48
116.0,2.0,1,0,1,1,1,Alexandria,West,Borg El Arab,2nd,Semi,under_construction,1649200.29
240.9,2.0,1,0,0,0,1,Alexandria,East,Smouha,2nd,No,under_construction,5804466.81
114.1,,3,1,1,1,1,Giza,West Giza,Haram,3rd,Semi,completed,2396911.62
169.9,1.0,1,0,1,1,1,Cairo,New Cairo,Nasr City,4th,Yes,under_construction,4374428.12
201.1,3.0,2,0,1,1,1,Tanta,Central,El Geish,1st,No,completed,2925770.3
107.7,,1,1,0,1,1,Cairo,New Cairo,Madinaty,1st,No,completed,4616089.05
104.7,3.0,3,0,1,1,1,Tanta,Central,Saeed,1st,No,completed,1565500.33
124.3,3.0,2,0,1,0,1,Cairo,Old Cairo,Maadi,2nd,No,under_construction,4098509.71
94.2,4.0,4,0,0,1,1,Giza,West Giza,Mohandessin,2nd,No,under_construction,2526189.53
87.7,2.0,2,0,1,0,1,Giza,New Giza,New Giza,1st,Semi,under_construction,4950564.06
84.3,4.0,3,0,1,1,1,Cairo,Old Cairo,Downtown,2nd,No,completed,2614936.95
101.5,3.0,2,0,1,0,1,Cairo,New Cairo,Rehab,2nd,Semi,completed,5029824.12
66.9,3.0,3,0,0,0,1,Giza,West Giza,6th of October,3rd,Semi,completed,2500225.29
98.3,2.0,1,0,1,1,1,Cairo,New Cairo,Nasr City,4th,No,under_construction,2780268.77
124.9,4.0,4,0,0,1,1,Alexandria,West,Borg El Arab,1st,No,completed,2461123.29
107.2,5.0,4,0,1,1,1,Cairo,New Cairo,Rehab,2nd,No,completed,5884704.77
94.2,5.0,4,0,1,1,1,Cairo,Old Cairo,Maadi,1st,No,under_construction,3139871.62
171.1,3.0,2,0,1,1,1,Alexandria,West,Agami,1st,Yes,completed,3815396.29
142.2,1.0,1,0,0,0,1,Cairo,Old Cairo,Maadi,2nd,Yes,completed,5228126.57
190.5,3.0,3,0,0,1,1,Giza,West Giza,6th of October,1st,No,completed,5959449.86
91.3,2.0,1,0,1,1,1,Mansoura,Central,Toriel,1st,Yes,completed,1462014.05
65.4,2.0,2,0,1,0,1,Cairo,Old Cairo,Downtown,2nd,Yes,off_plan,1815823.13
118.0,4.0,3,0,1,1,1,Cairo,Old Cairo,Maadi,2nd,Yes,off_plan,3610581.93
184.4,2.0,1,0,1,1,1,Cairo,New Cairo,Fifth Settlement,3rd,No,completed,8270562.06
179.8,4.0,3,0,1,0,1,Cairo,Old Cairo,Downtown,2nd,Yes,completed,7558990.94
207.8,2.0,1,0,1,1,1,Giza,New Giza,New Giza,1st,Yes,completed,14122854.78
122.8,4.0,3,0,1,1,1,Cairo,New Cairo,First Settlement,2nd,No,under_construction,3812595.87
178.4,2.0,2,0,1,0,1,Giza,New Giza,New Giza,2nd,Semi,completed,8048814.81
142.0,3.0,2,0,1,1,1,Cairo,New Cairo,Heliopolis,2nd,No,completed,5280230.35
152.0,2.0,1,0,0,1,1,Cairo,Old Cairo,Maadi,1st,Semi,under_construction,4904715.72
167.7,2.0,2,0,0,1,1,Tanta,Central,Saeed,1st,Yes,under_construction,2266200.45
81.4,5.0,4,0,0,1,1,Cairo,Old Cairo,Downtown,2nd,Yes,under_construction,2624286.97
75.5,3.0,2,0,1,1,1,Cairo,New Cairo,Nasr City,4th,No,completed,2169195.12
198.4,4.0,4,0,1,1,1,Tanta,Central,El Geish,2nd,Semi,completed,3410942.6
89.7,5.0,4,0,1,0,1,Cairo,New Cairo,Rehab,3rd,Yes,completed,5078103.25
181.0,2.0,2,0,1,1,1,Cairo,New Cairo,Madinaty,4th,Semi,completed,7637845.85
81.4,3.0,2,0,1,1,1,Giza,West Giza,Haram,3rd,No,under_construction,1352483.76
115.8,5.0,4,0,1,1,1,Giza,New Giza,New Giza,1st,No,off_plan,4122712.69
140.5,2.0,1,0,1,1,1,Cairo,New Cairo,Heliopolis,2nd,Semi,completed,4724695.8
89.6,4.0,3,0,1,0,1,Giza,West Giza,6th of October,3rd,No,off_plan,2109525.58
109.5,5.0,5,0,1,1,1,Cairo,New Cairo,Madinaty,2nd,Yes,completed,5388561.61
117.4,3.0,2,0,1,1,1,Cairo,Old Cairo,Downtown,1st,Semi,under_construction,3189089.01
146.0,3.0,3,0,0,1,1,Cairo,Old Cairo,Zamalek,1st,Semi,under_construction,7401275.05
69.4,4.0,4,0,1,1,1,Cairo,Old Cairo,Downtown,2nd,Yes,completed,2734433.02
129.5,3.0,3,0,0,0,0,Giza,New Giza,New Giza,1st,No,completed,6443056.38
165.7,2.0,1,0,1,1,1,Giza,West Giza,Mohandessin,1st,No,off_plan,4211687.0
66.9,3.0,2,0,1,1,1,Mansoura,Central,Toriel,1st,No,completed,1087536.2
91.6,5.0,4,0,1,1,1,Tanta,Central,Saeed,1st,No,completed,1427016.87
169.6,4.0,3,0,1,0,1,Giza,West Giza,6th of October,2nd,No,completed,6101447.93
78.4,3.0,2,0,1,1,1,Giza,West Giza,Sheikh Zayed,1st,No,completed,3901904.25
128.6,3.0,2,0,0,1,1,Cairo,Old Cairo,Zamalek,2nd,Yes,completed,9952816.09
161.0,2.0,1,0,1,0,1,Cairo,New Cairo,Nasr City,4th,Yes,under_construction,4459823.58
85.8,4.0,3,0,1,0,1,Cairo,Old Cairo,Zamalek,2nd,No,completed,5666058.98
182.4,,1,1,0,0,1,Giza,New Giza,New Giza,1st,No,completed,9853204.73
108.7,4.0,3,0,1,1,1,Giza,West Giza,6th of October,3rd,No,completed,3486600.23
104.5,2.0,2,0,0,1,0,Giza,West Giza,Haram,2nd,No,completed,1928420.26
140.8,5.0,4,0,0,1,1,Tanta,Central,Saeed,1st,No,completed,1935779.17
195.7,2.0,1,0,1,1,1,Cairo,Old Cairo,Maadi,2nd,Yes,under_construction,6860042.34
144.2,2.0,1,0,1,1,1,Cairo,Old Cairo,Maadi,3rd,No,completed,5129917.51
110.5,2.0,2,0,1,1,1,Cairo,New Cairo,Rehab,1st,Yes,completed,5646217.65
110.6,3.0,2,0,1,1,1,Alexandria,East,Sidi Gaber,2nd,Semi,under_construction,2467333.7
131.6,2.0,1,0,1,1,1,Giza,West Giza,Haram,3rd,No,completed,3041564.23
163.6,3.0,2,0,1,1,1,Cairo,Old Cairo,Downtown,1st,Yes,completed,5107448.45
52.2,3.0,2,0,1,1,1,Giza,West Giza,Haram,3rd,No,under_construction,955699.71
88.1,2.0,2,0,1,0,0,Giza,New Giza,New Giza,2nd,Yes,off_plan,4270800.91
100.8,,1,1,1,1,1,Mansoura,Central,El Mashaya,1st,Semi,under_construction,1560469.73
95.3,,2,1,1,1,1,Giza,New Giza,New Giza,1st,Yes,completed,6094936.2
270.9,2.0,2,0,0,1,1,Giza,New Giza,New Giza,1st,No,completed,17341261.73
131.5,,5,1,1,0,1,Alexandria,West,Borg El Arab,1st,Yes,completed,2241888.76
173.2,4.0,3,0,0,0,1,Cairo,Old Cairo,Downtown,1st,Yes,completed,5848640.31
82.2,,4,1,1,1,1,Cairo,New Cairo,Madinaty,1st,No,completed,4228382.8
74.8,2.0,1,0,0,1,1,Cairo,Old Cairo,Zamalek,2nd,Yes,completed,4741887.39
124.2,4.0,4,0,1,1,1,Giza,West Giza,Mohandessin,2nd,No,completed,4610196.11
86.1,2.0,2,0,1,1,1,Giza,West Giza,Sheikh Zayed,3rd,Yes,completed,4707668.64
127.9,2.0,1,0,1,1,1,Cairo,New Cairo,Fifth Settlement,1st,Yes,off_plan,5585318.5
156.8,3.0,3,0,0,1,1,Cairo,Old Cairo,Downtown,1st,No,completed,5350933.46
247.7,2.0,1,0,0,1,1,Tanta,Central,El Geish,1st,Yes,completed,4614722.45
78.4,2.0,1,0,1,0,1,Cairo,New Cairo,Rehab,2nd,Semi,under_construction,3355419.32
78.5,3.0,2,0,0,1,1,Giza,West Giza,Dokki,1st,Semi,completed,2248404.9
88.4,4.0,3,0,1,1,1,Cairo,New Cairo,Fifth Settlement,2nd,No,off_plan,3985111.12
128.6,2.0,1,0,0,1,1,Giza,New Giza,New Giza,2nd,No,completed,7144126.08
125.2,3.0,3,0,1,1,1,Giza,West Giza,Mohandessin,1st,Semi,completed,4425159.17
138.7,2.0,1,0,1,1,1,Giza,West Giza,Haram,2nd,No,off_plan,2173190.94
174.7,3.0,3,0,1,1,1,Cairo,New Cairo,Fifth Settlement,1st,No,under_construction,7553605.68
141.5,2.0,1,0,1,0,1,Giza,New Giza,New Giza,1st,Semi,under_construction,7471054.72
112.8,3.0,3,0,0,0,1,Giza,West Giza,Sheikh Zayed,1st,Yes,under_construction,4933173.7
140.1,4.0,3,0,1,1,1,Giza,New Giza,New Giza,2nd,Semi,off_plan,6073110.48
232.5,3.0,3,0,1,1,1,Cairo,Old Cairo,Maadi,2nd,Yes,under_construction,8414736.05
211.0,1.0,1,0,1,1,1,Giza,West Giza,6th of October,3rd,No,completed,5936700.64
162.3,1.0,1,0,1,1,1,Giza,West Giza,Haram,1st,No,under_construction,2514704.49
82.8,2.0,1,0,1,1,1,Cairo,Old Cairo,Downtown,1st,No,completed,2420644.73
126.7,1.0,1,0,1,0,1,Alexandria,West,Agami,2nd,No,under_construction,2043781.14
105.4,2.0,1,0,0,1,1,Cairo,Old Cairo,Zamalek,2nd,No,off_plan,4601085.99
79.6,2.0,2,0,1,1,1,Cairo,Old Cairo,Maadi,1st,No,completed,2992238.44
124.8,4.0,4,0,1,1,1,Giza,New Giza,New Giza,1st,No,completed,7080218.24
123.0,3.0,3,0,1,1,1,Cairo,New Cairo,Fifth Settlement,3rd,No,off_plan,4704715.9
126.1,3.0,3,0,1,0,1,Cairo,Old Cairo,Downtown,2nd,No,off_plan,2836749.66
148.2,1.0,1,0,0,1,1,Giza,West Giza,Haram,1st,No,completed,2554586.41
143.3,3.0,2,0,0,0,1,Cairo,Old Cairo,Zamalek,1st,No,completed,9622365.53
83.3,3.0,2,0,1,1,1,Mansoura,Central,Toriel,1st,No,completed,1197264.89
136.9,2.0,1,0,1,0,1,Cairo,New Cairo,Nasr City,1st,Semi,under_construction,3222254.36
133.8,4.0,3,0,1,1,1,Giza,New Giza,New Giza,2nd,Yes,completed,7852786.88
99.9,3.0,3,0,0,1,1,Giza,New Giza,New Giza,1st,No,completed,5688862.61
196.8,3.0,3,0,1,1,1,Giza,West Giza,Haram,2nd,No,off_plan,2764907.86
74.9,1.0,1,0,1,0,1,Cairo,Old Cairo,Zamalek,2nd,Semi,completed,4735299.32
165.4,2.0,1,0,1,0,1,Giza,New Giza,New Giza,1st,Semi,completed,10369602.57
136.8,2.0,1,0,1,0,1,Alexandria,West,Agami,1st,No,completed,2699739.64
140.9,1.0,1,0,1,0,1,Cairo,New Cairo,Rehab,1st,Yes,completed,6233515.17
100.2,3.0,2,0,1,0,1,Giza,West Giza,Dokki,2nd,No,under_construction,2534931.36
241.1,3.0,3,0,1,1,1,Giza,New Giza,New Giza,2nd,No,completed,13881507.94
133.7,2.0,1,0,1,1,1,Alexandria,East,Sidi Gaber,2nd,Yes,completed,3634386.61
154.1,2.0,1,0,0,1,0,Giza,New Giza,New Giza,2nd,No,under_construction,7114871.85
201.6,3.0,3,0,1,1,1,Tanta,Central,Saeed,1st,Yes,completed,3302091.37
175.9,3.0,2,0,0,0,1,Alexandria,West,Borg El Arab,1st,No,completed,2418237.6
136.8,,2,1,1,1,1,Cairo,New Cairo,Nasr City,1st,Yes,completed,4494075.01
144.8,1.0,1,0,1,1,1,Giza,West Giza,Sheikh Zayed,2nd,No,completed,7240787.28
80.5,2.0,1,0,1,1,1,Tanta,Central,El Geish,1st,Yes,off_plan,1100757.99
132.3,3.0,3,0,1,0,1,Giza,West Giza,Dokki,1st,Yes,completed,4174009.49
83.6,2.0,1,0,1,0,1,Cairo,Old Cairo,Zamalek,1st,No,completed,5599727.59
128.0,,3,1,1,0,1,Giza,New Giza,New Giza,1st,Yes,completed,7959002.2
102.0,3.0,3,0,1,1,1,Cairo,New Cairo,First Settlement,2nd,No,under_construction,3742868.27
157.0,4.0,4,0,1,0,1,Cairo,Old Cairo,Zamalek,2nd,Semi,under_construction,9142558.39
42.5,3.0,2,0,1,1,1,Alexandria,East,Sidi Bishr,1st,Yes,under_construction,896448.91
120.8,5.0,4,0,1,1,1,Mansoura,Central,El Mashaya,2nd,No,under_construction,1852023.82
110.4,1.0,1,0,0,1,1,Cairo,Old Cairo,Maadi,1st,No,completed,4301994.52
142.5,1.0,1,0,1,1,0,Giza,West Giza,Sheikh Zayed,1st,No,completed,6919603.24
76.9,3.0,3,0,1,0,1,Tanta,Central,Saeed,1st,Yes,completed,1337367.85
73.1,3.0,3,0,1,0,1,Giza,New Giza,New Giza,1st,No,under_construction,3458911.6
125.3,1.0,1,0,1,1,1,Alexandria,West,Agami,2nd,No,completed,2697715.32
101.3,3.0,3,0,1,0,1,Cairo,New Cairo,Nasr City,2nd,No,completed,3227884.93
99.4,1.0,1,0,1,1,1,Cairo,Old Cairo,Zamalek,2nd,No,under_construction,5557462.59
241.8,1.0,1,0,1,0,1,Cairo,Old Cairo,Maadi,3rd,Semi,completed,9252796.25
228.0,,1,1,1,0,1,Alexandria,East,Sidi Gaber,1st,Yes,completed,5727893.07
135.5,3.0,2,0,1,1,1,Cairo,Old Cairo,Maadi,2nd,No,off_plan,3470761.62
88.0,3.0,3,0,1,1,1,Cairo,Old Cairo,Zamalek,2nd,No,off_plan,4191598.17
99.4,2.0,1,0,1,1,1,Mansoura,Central,Toriel,1st,Yes,completed,1638995.81
72.8,4.0,3,0,1,1,1,Cairo,New Cairo,Nasr City,1st,No,completed,2243676.89
127.1,3.0,2,0,1,0,1,Giza,West Giza,Haram,3rd,No,completed,2594030.35
114.7,2.0,1,0,0,1,1,Cairo,New Cairo,First Settlement,3rd,Yes,completed,5092157.72
152.6,2.0,1,0,1,0,1,Cairo,New Cairo,Madinaty,4th,No,under_construction,5887147.14
226.6,3.0,3,0,1,1,1,Giza,West Giza,Sheikh Zayed,1st,No,completed,9875226.62
183.1,5.0,4,0,1,1,0,Tanta,Central,Saeed,1st,Semi,under_construction,2294279.73
114.1,2.0,1,0,1,1,1,Tanta,Central,El Geish,2nd,Yes,completed,2045864.57
79.3,3.0,2,0,1,1,1,Mansoura,Central,El Mashaya,1st,No,completed,1181155.06
193.0,1.0,1,0,1,0,1,Giza,New Giza,New Giza,1st,No,completed,9946018.67
118.7,,2,1,1,0,1,Alexandria,East,Sidi Bishr,1st,Semi,completed,2741224.34
99.6,3.0,2,0,1,1,0,Alexandria,West,Agami,1st,Semi,completed,2116580.46
109.7,1.0,1,0,1,0,1,Mansoura,Central,Toriel,1st,Semi,completed,1777241.22
97.9,3.0,2,0,0,1,1,Giza,West Giza,Sheikh Zayed,2nd,Yes,completed,5606569.81
86.2,4.0,3,0,0,1,1,Giza,West Giza,Mohandessin,1st,Yes,completed,3682210.41
142.8,1.0,1,0,1,0,1,Alexandria,West,Borg El Arab,1st,No,completed,2394904.06
118.2,3.0,2,0,1,1,1,Giza,New Giza,New Giza,1st,Semi,under_construction,5923937.92
123.1,3.0,3,0,1,0,0,Giza,West Giza,Sheikh Zayed,2nd,Semi,completed,5828670.81
136.9,4.0,3,0,1,1,1,Alexandria,West,Borg El Arab,2nd,Yes,completed,2932301.39
76.0,4.0,3,0,1,1,1,Cairo,New Cairo,Fifth Settlement,2nd,Yes,under_construction,3445744.02
196.3,3.0,2,0,0,1,1,Cairo,New Cairo,First Settlement,2nd,Semi,completed,8310074.91
126.0,2.0,2,0,1,0,1,Giza,West Giza,6th of October,3rd,No,completed,4138709.49
235.2,3.0,3,0,0,1,1,Giza,New Giza,New Giza,1st,No,under_construction,10761004.96
109.2,2.0,2,0,1,1,1,Giza,West Giza,Haram,2nd,No,completed,2502355.7
143.0,1.0,1,0,1,1,1,Cairo,New Cairo,First Settlement,3rd,No,completed,5979094.65
165.6,5.0,5,0,1,0,1,Giza,New Giza,New Giza,2nd,Yes,completed,11637196.59
64.2,2.0,1,0,0,0,1,Cairo,New Cairo,Fifth Settlement,3rd,No,under_construction,2539840.4
61.2,4.0,3,0,1,1,1,Alexandria,East,Smouha,1st,No,completed,1875508.59
123.3,1.0,1,0,0,1,1,Tanta,Central,El Geish,2nd,No,off_plan,1321264.36
110.4,2.0,1,0,0,1,1,Alexandria,East,Sidi Gaber,2nd,No,off_plan,2270214.72
107.3,2.0,1,0,1,0,1,Tanta,Central,Saeed,1st,Semi,completed,1727218.23
144.0,3.0,3,0,1,0,1,Cairo,New Cairo,Heliopolis,1st,No,under_construction,3897431.4
89.1,3.0,2,0,1,1,1,Cairo,New Cairo,Madinaty,2nd,Semi,completed,3540243.16
139.4,2.0,1,0,1,1,1,Alexandria,East,Sidi Bishr,2nd,No,completed,3149296.76
121.6,2.0,2,0,1,1,1,Alexandria,East,Sidi Gaber,1st,No,completed,3265016.02
133.5,4.0,4,0,1,1,1,Giza,New Giza,New Giza,1st,No,completed,7712040.14
148.1,2.0,2,0,1,1,1,Giza,New Giza,New Giza,1st,Yes,completed,9152102.05
145.9,4.0,3,0,1,1,1,Cairo,New Cairo,Nasr City,2nd,Yes,off_plan,3386239.92
134.4,2.0,1,0,1,1,1,Cairo,New Cairo,Rehab,1st,Yes,completed,6188161.95
92.8,2.0,1,0,1,1,1,Cairo,New Cairo,First Settlement,3rd,Yes,completed,3780566.3
166.9,3.0,3,0,1,1,1,Giza,New Giza,New Giza,1st,No,completed,11009364.57
135.6,3.0,3,0,1,0,1,Giza,New Giza,New Giza,1st,Yes,off_plan,5401196.96
70.6,4.0,4,0,1,0,1,Alexandria,West,Agami,2nd,No,completed,1652774.42
143.1,2.0,1,0,1,0,1,Alexandria,West,Agami,1st,Semi,completed,3339411.68
130.6,2.0,2,0,1,0,1,Tanta,Central,Saeed,1st,Yes,off_plan,1509661.6
136.0,1.0,1,0,0,1,1,Giza,New Giza,New Giza,2nd,No,under_construction,6878976.25
80.0,4.0,3,0,0,0,1,Cairo,New Cairo,Madinaty,4th,No,under_construction,3441556.95
155.6,2.0,1,0,1,1,1,Cairo,New Cairo,First Settlement,3rd,Semi,under_construction,5554455.79
173.2,2.0,1,0,1,1,1,Cairo,Old Cairo,Downtown,2nd,No,completed,5065185.25
247.8,4.0,3,0,1,0,0,Cairo,Old Cairo,Zamalek,1st,Semi,completed,17535044.39
112.0,4.0,3,0,1,1,1,Cairo,Old Cairo,Downtown,2nd,Semi,completed,3390347.01
124.6,3.0,3,0,1,1,1,Cairo,Old Cairo,Zamalek,2nd,Semi,under_construction,7357206.51
116.4,2.0,1,0,1,1,1,Alexandria,West,Borg El Arab,2nd,No,completed,1863605.04
199.9,1.0,1,0,1,1,0,Giza,New Giza,New Giza,1st,No,completed,11235463.25
123.2,1.0,1,0,1,0,1,Giza,West Giza,6th of October,1st,No,completed,3380893.04
115.9,1.0,1,0,1,1,1,Alexandria,East,Sidi Bishr,2nd,No,under_construction,1730850.23
202.2,2.0,2,0,1,1,1,Alexandria,East,Smouha,3rd,Semi,completed,5947910.17
114.0,2.0,1,0,1,1,1,Cairo,Old Cairo,Downtown,2nd,No,completed,3810188.0
93.3,1.0,1,0,1,1,1,Cairo,New Cairo,First Settlement,1st,Semi,under_construction,3613029.95
220.2,3.0,2,0,1,1,0,Cairo,New Cairo,Nasr City,4th,No,under_construction,5124637.39
125.8,4.0,4,0,1,1,1,Alexandria,West,Agami,2nd,No,completed,2561415.26
74.8,2.0,1,0,0,0,1,Alexandria,East,Sidi Bishr,2nd,Semi,under_construction,1453132.08
90.8,2.0,1,0,1,1,1,Cairo,Old Cairo,Downtown,1st,No,completed,2834215.19
149.2,1.0,1,0,1,1,1,Cairo,Old Cairo,Maadi,3rd,Semi,completed,6181328.19
189.3,4.0,4,0,1,1,1,Tanta,Central,Saeed,1st,No,completed,2414995.7
132.3,2.0,1,0,1,1,1,Cairo,New Cairo,Nasr City,4th,Semi,under_construction,3750080.27
180.3,4.0,3,0,1,0,1,Cairo,New Cairo,First Settlement,2nd,Semi,under_construction,5868126.72
110.5,3.0,2,0,1,0,1,Giza,West Giza,Dokki,2nd,No,completed,3651570.56
121.5,3.0,2,0,1,1,1,Cairo,New Cairo,Heliopolis,2nd,No,completed,4554797.65
92.0,2.0,1,0,1,1,1,Cairo,Old Cairo,Maadi,1st,Yes,completed,3928872.17
125.0,3.0,2,0,1,0,1,Cairo,Old Cairo,Downtown,2nd,No,completed,4521071.24
164.8,,2,1,1,0,1,Cairo,New Cairo,Madinaty,4th,No,completed,7684072.86
175.3,2.0,1,0,1,1,1,Giza,West Giza,Sheikh Zayed,1st,No,completed,8453622.93
104.3,3.0,3,0,1,1,1,Cairo,New Cairo,Rehab,2nd,Semi,completed,4589228.45
178.3,2.0,2,0,1,1,1,Giza,New Giza,New Giza,1st,No,completed,9494742.34
209.5,3.0,2,0,1,1,1,Cairo,Old Cairo,Maadi,3rd,No,completed,7692793.3
115.4,3.0,2,0,0,1,1,Giza,West Giza,Sheikh Zayed,1st,Yes,under_construction,4322998.06
137.5,2.0,1,0,1,1,1,Giza,New Giza,New Giza,1st,Semi,off_plan,6236452.4
78.5,2.0,1,0,1,0,1,Tanta,Central,El Geish,1st,No,completed,1300286.97
166.6,5.0,4,0,0,1,1,Cairo,Old Cairo,Downtown,2nd,No,under_construction,5172971.38
254.8,3.0,2,0,1,0,1,Cairo,Old Cairo,Downtown,1st,Semi,off_plan,5960786.11
170.2,3.0,3,0,1,1,1,Alexandria,East,Smouha,1st,Semi,completed,4663503.4
110.3,2.0,2,0,1,1,1,Cairo,New Cairo,Fifth Settlement,3rd,No,under_construction,4643095.87
169.2,4.0,4,0,1,1,1,Giza,New Giza,New Giza,2nd,No,off_plan,5921328.34
83.7,2.0,1,0,1,1,1,Alexandria,West,Borg El Arab,1st,No,completed,1429959.35
104.8,2.0,1,0,1,0,1,Cairo,Old Cairo,Maadi,1st,No,off_plan,2909882.15
122.1,2.0,1,0,1,1,1,Cairo,New Cairo,Nasr City,3rd,No,under_construction,2931444.91
88.5,2.0,1,0,1,1,1,Giza,New Giza,New Giza,1st,No,completed,4813155.62
83.5,2.0,2,0,1,1,1,Cairo,Old Cairo,Zamalek,1st,No,completed,4761175.69
50.3,4.0,3,0,1,1,1,Cairo,New Cairo,Nasr City,1st,No,under_construction,1298618.74
123.7,3.0,3,0,1,1,1,Giza,New Giza,New Giza,2nd,Yes,completed,7236984.4
199.1,3.0,2,0,1,1,1,Cairo,Old Cairo,Maadi,2nd,No,under_construction,5680491.49
163.8,2.0,1,0,1,1,1,Mansoura,Central,Toriel,1st,Yes,under_construction,1925574.68
114.5,2.0,2,0,1,1,1,Cairo,Old Cairo,Downtown,1st,Semi,completed,4760947.41
109.9,4.0,3,0,1,0,1,Cairo,New Cairo,Rehab,1st,Yes,completed,5306899.93
219.9,1.0,1,0,1,0,1,Alexandria,West,Borg El Arab,1st,No,completed,3510287.13
107.8,4.0,4,0,0,1,1,Cairo,Old Cairo,Downtown,2nd,No,under_construction,3238742.04
174.8,2.0,2,0,1,0,1,Cairo,Old Cairo,Downtown,1st,Yes,under_construction,4707194.12
161.7,2.0,1,0,1,0,1,Giza,West Giza,Dokki,2nd,No,under_construction,3974620.31
275.7,3.0,3,0,1,1,1,Giza,West Giza,Haram,2nd,Yes,completed,5538277.88
130.3,2.0,1,0,1,1,1,Giza,West Giza,Sheikh Zayed,3rd,No,completed,6278287.34
169.1,2.0,1,0,1,1,1,Cairo,New Cairo,Fifth Settlement,2nd,No,completed,9139867.78
113.1,1.0,1,0,1,1,1,Giza,New Giza,New Giza,1st,No,completed,7470530.92
128.5,2.0,1,0,1,0,1,Cairo,New Cairo,Fifth Settlement,1st,Semi,completed,6359284.49
163.8,1.0,1,0,1,1,1,Alexandria,West,Borg El Arab,1st,Semi,off_plan,2000843.52
91.9,2.0,1,0,0,1,1,Giza,New Giza,New Giza,2nd,No,completed,5094331.35
163.0,2.0,1,0,1,1,1,Giza,West Giza,Dokki,2nd,Semi,completed,4977474.07
85.7,3.0,2,0,1,0,1,Giza,West Giza,Dokki,1st,Semi,completed,2753430.12
174.3,2.0,1,0,0,0,1,Giza,West Giza,6th of October,2nd,No,under_construction,3920016.0
179.0,3.0,3,0,1,1,1,Cairo,New Cairo,Rehab,2nd,No,completed,8539135.62
127.6,4.0,4,0,1,1,1,Alexandria,West,Agami,1st,Semi,under_construction,2137598.81
165.9,4.0,3,0,1,1,1,Cairo,Old Cairo,Downtown,1st,No,completed,5485380.08
101.0,,4,1,1,1,1,Giza,New Giza,New Giza,1st,Semi,off_plan,4407547.44
69.5,2.0,2,0,1,1,1,Tanta,Central,Saeed,1st,Yes,under_construction,919116.62
142.8,1.0,1,0,0,1,1,Giza,West Giza,Sheikh Zayed,2nd,Semi,off_plan,5642334.09
149.9,5.0,4,0,1,1,1,Tanta,Central,Saeed,1st,No,under_construction,1761891.11
361.3,4.0,3,0,1,1,1,Alexandria,West,Borg El Arab,2nd,No,under_construction,5214825.07
101.3,3.0,2,0,1,1,1,Cairo,Old Cairo,Maadi,2nd,No,under_construction,3394040.53
86.3,2.0,1,0,1,1,1,Alexandria,East,Sidi Gaber,2nd,No,completed,2206098.21
101.1,2.0,2,0,1,1,1,Cairo,Old Cairo,Zamalek,1st,No,completed,7085107.89
88.8,3.0,2,0,1,1,1,Cairo,New Cairo,Rehab,2nd,No,under_construction,3598451.57
105.7,1.0,1,0,1,0,0,Cairo,Old Cairo,Downtown,2nd,No,off_plan,2489719.11
222.6,4.0,4,0,1,1,1,Cairo,New Cairo,Rehab,3rd,No,completed,10845583.77
115.7,2.0,1,0,1,1,1,Alexandria,West,Agami,1st,Semi,completed,2345943.38
60.1,1.0,1,0,1,1,1,Alexandria,East,Smouha,2nd,Yes,completed,1949531.47
170.2,3.0,2,0,0,0,1,Giza,West Giza,Haram,3rd,No,off_plan,2978107.87
92.8,5.0,5,0,1,0,1,Alexandria,West,Agami,2nd,Semi,under_construction,1632767.22
106.2,1.0,1,0,1,1,1,Cairo,New Cairo,Rehab,2nd,Yes,under_construction,3716489.1
158.4,2.0,1,0,1,1,1,Cairo,Old Cairo,Downtown,2nd,No,under_construction,4047877.01
170.3,2.0,2,0,0,0,1,Tanta,Central,Saeed,1st,Yes,completed,2600146.41
159.2,4.0,4,0,1,1,1,Cairo,Old Cairo,Zamalek,2nd,No,completed,10226103.74
147.9,2.0,2,0,0,1,1,Cairo,New Cairo,Heliopolis,2nd,Yes,completed,4590965.63
90.7,3.0,2,0,1,0,1,Cairo,New Cairo,Madinaty,3rd,No,completed,4368026.6
130.2,3.0,2,0,0,0,1,Cairo,New Cairo,Rehab,3rd,Yes,completed,5655753.72
69.6,2.0,2,0,0,1,1,Cairo,Old Cairo,Downtown,2nd,Yes,completed,2545766.06
171.2,3.0,2,0,1,1,1,Cairo,Old Cairo,Downtown,1st,No,completed,5223707.78
173.1,,3,1,1,1,0,Cairo,New Cairo,Madinaty,3rd,No,completed,8104156.65
113.4,4.0,4,0,1,1,1,Giza,New Giza,New Giza,2nd,Semi,completed,5933644.73
90.7,2.0,1,0,1,0,1,Cairo,Old Cairo,Zamalek,2nd,No,completed,6410616.73
81.2,3.0,2,0,1,0,1,Cairo,Old Cairo,Maadi,3rd,No,completed,3047766.28
232.1,5.0,4,0,1,1,1,Tanta,Central,Saeed,1st,No,completed,3345256.01
114.1,2.0,1,0,1,1,1,Alexandria,East,Sidi Bishr,2nd,Semi,completed,2476464.95
186.1,3.0,3,0,1,1,1,Cairo,New Cairo,Nasr City,1st,Yes,completed,5637926.54
128.7,2.0,2,0,1,1,1,Mansoura,Central,Toriel,1st,No,completed,1957875.89
159.4,4.0,4,0,1,1,1,Giza,West Giza,6th of October,3rd,No,completed,4763680.79
85.6,3.0,2,0,1,1,0,Giza,New Giza,New Giza,2nd,Yes,under_construction,5071327.19
79.6,2.0,2,0,0,0,0,Giza,West Giza,Haram,2nd,No,off_plan,1210299.5
70.8,3.0,3,0,1,1,1,Tanta,Central,Saeed,1st,No,completed,935153.97
94.3,5.0,5,0,1,0,1,Giza,New Giza,New Giza,2nd,No,under_construction,4988013.8
278.3,2.0,2,0,1,0,1,Alexandria,East,Sidi Bishr,1st,No,under_construction,4926632.86
109.1,4.0,4,0,1,1,1,Cairo,New Cairo,Madinaty,3rd,Semi,completed,5892082.81
115.0,2.0,2,0,1,1,1,Alexandria,East,Smouha,2nd,No,completed,2982939.49
197.5,1.0,1,0,1,1,1,Alexandria,East,Sidi Gaber,1st,No,completed,4825373.84
78.1,,2,1,1,1,1,Cairo,Old Cairo,Downtown,2nd,No,completed,2497162.47
182.4,3.0,2,0,1,1,1,Cairo,Old Cairo,Zamalek,1st,Yes,completed,12068960.76
114.5,2.0,1,0,0,0,1,Tanta,Central,El Geish,1st,No,under_construction,1465987.41
119.6,1.0,1,0,1,1,1,Cairo,Old Cairo,Zamalek,1st,Yes,completed,8005179.53
152.4,2.0,2,0,1,0,1,Giza,New Giza,New Giza,1st,Semi,completed,9199308.6
108.3,1.0,1,0,0,0,1,Cairo,New Cairo,Heliopolis,2nd,No,under_construction,2986403.5
182.5,3.0,3,0,1,1,1,Giza,New Giza,New Giza,2nd,No,completed,13623893.5
158.8,2.0,1,0,0,0,1,Alexandria,East,Sidi Gaber,1st,No,under_construction,2517438.32
189.9,3.0,3,0,1,1,1,Cairo,Old Cairo,Downtown,2nd,No,completed,5624739.58
149.4,4.0,4,0,0,1,1,Cairo,Old Cairo,Maadi,2nd,No,completed,5949443.82
222.0,,2,1,1,0,1,Alexandria,East,Sidi Gaber,1st,No,completed,5208238.37
170.1,3.0,2,0,1,0,0,Cairo,Old Cairo,Maadi,1st,Semi,completed,6254211.24
85.7,2.0,1,0,1,1,1,Cairo,New Cairo,Nasr City,4th,Semi,completed,2707580.32
93.8,2.0,1,0,1,1,1,Tanta,Central,Saeed,1st,Yes,off_plan,1012405.95
190.7,1.0,1,0,1,0,1,Cairo,New Cairo,First Settlement,2nd,No,off_plan,5716969.57
95.9,2.0,2,0,1,1,1,Giza,New Giza,New Giza,1st,Yes,under_construction,5100847.51
116.6,,3,1,1,1,1,Tanta,Central,Saeed,1st,Semi,under_construction,1275487.69
159.5,3.0,2,0,1,1,1,Mansoura,Central,El Mashaya,2nd,No,under_construction,2299476.95
90.7,3.0,2,0,1,0,1,Cairo,New Cairo,Heliopolis,2nd,Yes,completed,3757466.31
134.0,2.0,2,0,0,1,1,Cairo,Old Cairo,Zamalek,2nd,Semi,completed,10769060.9
145.5,3.0,2,0,1,1,1,Cairo,New Cairo,Rehab,3rd,No,off_plan,4087370.76
108.4,3.0,2,0,1,1,1,Cairo,New Cairo,First Settlement,2nd,No,completed,4697570.78
90.0,4.0,3,0,1,1,1,Alexandria,East,Smouha,3rd,No,completed,2613185.96
83.9,5.0,4,0,1,0,0,Giza,West Giza,Dokki,2nd,No,completed,2181212.23
107.2,3.0,2,0,1,1,1,Cairo,New Cairo,Fifth Settlement,1st,Yes,completed,5894202.1
89.8,3.0,3,0,1,1,1,Alexandria,East,Smouha,3rd,No,under_construction,2137781.28
75.9,3.0,3,0,0,1,1,Giza,West Giza,6th of October,3rd,No,completed,2473973.05
104.6,2.0,2,0,1,0,1,Cairo,Old Cairo,Downtown,2nd,Semi,under_construction,2565996.45
99.3,3.0,2,0,1,0,1,Giza,West Giza,Dokki,2nd,No,under_construction,2230509.16
122.4,3.0,2,0,0,0,1,Mansoura,Central,Toriel,1st,No,completed,1639587.8
81.4,2.0,1,0,1,0,1,Cairo,Old Cairo,Maadi,2nd,No,completed,3091595.06
115.1,4.0,4,0,1,0,1,Cairo,New Cairo,Madinaty,4th,No,completed,5481217.72
126.4,2.0,1,0,1,0,1,Cairo,New Cairo,Fifth Settlement,2nd,No,under_construction,6368381.92
69.6,4.0,4,0,1,1,1,Alexandria,West,Borg El Arab,2nd,No,under_construction,1093510.61
55.7,2.0,1,0,1,1,1,Giza,West Giza,Haram,1st,Semi,under_construction,1115630.23
83.7,5.0,5,0,1,0,1,Cairo,New Cairo,Nasr City,2nd,Yes,under_construction,2512361.91
152.3,3.0,3,0,1,1,1,Cairo,Old Cairo,Zamalek,1st,Semi,completed,10530727.58
166.4,4.0,3,0,1,1,1,Giza,West Giza,Dokki,2nd,Yes,completed,6609194.18
102.9,3.0,2,0,1,1,1,Cairo,New Cairo,Rehab,2nd,No,completed,4535527.67
180.6,,2,1,1,1,1,Alexandria,East,Smouha,3rd,No,under_construction,3744434.6
84.8,3.0,2,0,0,1,1,Cairo,New Cairo,Heliopolis,1st,Semi,completed,2633148.63
328.3,5.0,5,0,1,1,1,Cairo,New Cairo,Madinaty,2nd,Semi,under_construction,12764037.86
115.2,1.0,1,0,1,0,1,Cairo,New Cairo,Fifth Settlement,3rd,Semi,off_plan,4099755.36
110.8,4.0,3,0,1,1,1,Alexandria,West,Borg El Arab,2nd,Yes,completed,2125864.17
129.0,,2,1,0,1,1,Cairo,New Cairo,First Settlement,1st,Semi,under_construction,4742806.0
196.8,2.0,1,0,1,0,1,Alexandria,West,Agami,2nd,Yes,off_plan,3453527.03
93.1,2.0,1,0,1,0,1,Giza,West Giza,6th of October,2nd,Yes,under_construction,2546620.09
130.7,4.0,4,0,1,1,0,Cairo,Old Cairo,Maadi,1st,No,completed,4686085.13
84.2,4.0,3,0,0,0,1,Giza,New Giza,New Giza,2nd,Semi,completed,5343458.02
143.8,2.0,1,0,1,1,1,Cairo,New Cairo,Rehab,3rd,No,under_construction,5155978.15
244.5,2.0,1,0,1,1,1,Cairo,Old Cairo,Maadi,2nd,Semi,completed,8057424.32
153.3,,1,1,1,1,1,Cairo,New Cairo,First Settlement,2nd,Yes,completed,7443578.06
134.9,1.0,1,0,1,1,1,Alexandria,West,Agami,2nd,Semi,completed,2880212.24
166.6,1.0,1,0,0,1,1,Alexandria,West,Borg El Arab,1st,Yes,completed,2909186.09
108.8,3.0,2,0,1,0,1,Cairo,New Cairo,Rehab,2nd,Yes,under_construction,4801811.58
82.0,,3,1,1,1,1,Cairo,New Cairo,First Settlement,1st,Yes,completed,3290341.8
153.6,3.0,2,0,1,1,1,Giza,New Giza,New Giza,1st,Semi,completed,8713257.62
75.1,5.0,5,0,1,1,1,Cairo,Old Cairo,Downtown,1st,Semi,completed,2651320.94
60.8,4.0,4,0,1,0,1,Cairo,Old Cairo,Zamalek,2nd,Semi,completed,4528252.34
94.0,2.0,1,0,1,1,1,Tanta,Central,Saeed,1st,Yes,off_plan,1009672.9
150.3,3.0,2,0,0,1,1,Giza,New Giza,New Giza,2nd,No,completed,8708570.35
99.3,3.0,2,0,1,1,1,Giza,West Giza,6th of October,2nd,No,off_plan,1890002.0
214.0,1.0,1,0,1,1,1,Cairo,New Cairo,Fifth Settlement,2nd,Semi,completed,11564944.78
159.4,3.0,2,0,1,1,1,Cairo,Old Cairo,Maadi,3rd,No,under_construction,5292416.8
119.9,1.0,1,0,1,0,1,Cairo,New Cairo,First Settlement,2nd,No,completed,4525087.34
121.5,2.0,1,0,0,1,1,Cairo,New Cairo,First Settlement,3rd,No,completed,4612973.41
63.2,2.0,1,0,0,1,1,Cairo,New Cairo,Rehab,3rd,No,under_construction,2249961.11
115.4,2.0,2,0,1,1,1,Cairo,Old Cairo,Zamalek,1st,No,under_construction,6099905.29
75.1,4.0,3,0,1,1,1,Tanta,Central,Saeed,1st,Semi,completed,1084868.81
97.1,3.0,2,0,1,1,1,Alexandria,East,Smouha,1st,No,completed,2554141.14
168.3,5.0,4,0,1,0,1,Giza,New Giza,New Giza,2nd,No,off_plan,7266217.2
102.9,3.0,3,0,1,1,1,Alexandria,East,Smouha,1st,No,under_construction,2426709.59
190.9,4.0,4,0,1,1,1,Giza,West Giza,Mohandessin,2nd,Yes,completed,7174959.52
157.5,2.0,1,0,1,1,1,Alexandria,West,Agami,2nd,No,under_construction,2843060.62
142.4,4.0,3,0,1,1,1,Giza,West Giza,Haram,2nd,No,completed,2958021.95
108.1,2.0,1,0,0,0,1,Giza,West Giza,Mohandessin,1st,No,completed,3799672.56
114.9,5.0,5,0,1,1,1,Giza,West Giza,Haram,1st,Yes,under_construction,2178865.38
111.5,3.0,3,0,0,1,1,Alexandria,West,Agami,1st,No,completed,2582921.97
105.8,2.0,1,0,1,1,1,Cairo,New Cairo,Fifth Settlement,1st,Semi,completed,5720589.5
82.8,4.0,4,0,1,1,1,Cairo,New Cairo,Nasr City,1st,Yes,completed,2713250.31
123.1,3.0,3,0,1,1,1,Alexandria,West,Borg El Arab,1st,No,completed,1809442.33
143.7,,1,1,0,1,1,Giza,New Giza,New Giza,2nd,Semi,completed,8555014.69
208.0,5.0,4,0,1,0,1,Cairo,New Cairo,Nasr City,1st,Yes,completed,6097897.2
129.7,2.0,1,0,0,0,1,Giza,West Giza,Dokki,1st,Yes,completed,4589622.16
283.4,3.0,3,0,1,1,1,Giza,New Giza,New Giza,2nd,No,completed,14548889.27
137.5,3.0,2,0,0,1,1,Cairo,Old Cairo,Downtown,2nd,Yes,completed,4968826.84
109.2,2.0,2,0,0,1,1,Cairo,Old Cairo,Zamalek,2nd,No,completed,6783875.25
94.9,2.0,1,0,1,1,1,Mansoura,Central,Toriel,1st,Semi,completed,1694192.93
133.6,2.0,1,0,1,1,1,Giza,New Giza,New Giza,1st,Semi,off_plan,6414460.99
158.0,1.0,1,0,1,1,1,Cairo,Old Cairo,Downtown,2nd,No,completed,4682423.55
113.9,1.0,1,0,1,1,1,Cairo,Old Cairo,Maadi,2nd,Semi,under_construction,3221641.79
138.4,5.0,4,0,0,1,1,Cairo,New Cairo,Madinaty,4th,No,under_construction,5543605.9
80.6,3.0,3,0,0,1,1,Giza,West Giza,6th of October,3rd,Semi,completed,2619706.72
143.3,1.0,1,0,1,1,1,Giza,New Giza,New Giza,2nd,Yes,completed,8821667.46
99.5,2.0,1,0,1,0,1,Cairo,New Cairo,Heliopolis,1st,No,completed,3295284.23
119.5,5.0,4,0,1,0,1,Cairo,New Cairo,Fifth Settlement,2nd,Yes,completed,6627373.49
85.0,2.0,1,0,1,1,1,Alexandria,West,Borg El Arab,2nd,Semi,completed,1575214.04
236.0,2.0,1,0,1,1,0,Mansoura,Central,El Mashaya,1st,No,under_construction,3004230.95
134.3,3.0,2,0,1,1,1,Mansoura,Central,El Mashaya,2nd,Yes,completed,2655454.52
117.7,2.0,1,0,1,0,0,Alexandria,East,Sidi Bishr,2nd,No,completed,3008413.58
95.1,3.0,2,0,1,1,1,Cairo,Old Cairo,Downtown,1st,No,completed,2966909.63
179.5,2.0,2,0,1,1,1,Tanta,Central,Saeed,1st,No,completed,2669404.53
156.4,3.0,3,0,1,1,1,Cairo,Old Cairo,Maadi,1st,No,completed,6336206.29
152.1,3.0,2,0,1,0,1,Cairo,Old Cairo,Zamalek,1st,Yes,completed,10482027.83
156.7,2.0,2,0,1,1,1,Cairo,Old Cairo,Maadi,1st,Semi,completed,4780700.42
126.8,3.0,3,0,1,1,1,Giza,New Giza,New Giza,2nd,No,under_construction,5809152.57
103.7,2.0,1,0,1,0,1,Cairo,New Cairo,Nasr City,3rd,No,completed,3101653.51
84.8,2.0,2,0,1,1,0,Giza,New Giza,New Giza,2nd,No,completed,5244710.52
158.2,2.0,2,0,0,1,1,Alexandria,West,Borg El Arab,1st,No,completed,2542434.56
223.5,4.0,4,0,1,1,1,Cairo,New Cairo,Nasr City,3rd,Semi,completed,6381015.23
105.7,1.0,1,0,0,1,1,Cairo,Old Cairo,Maadi,3rd,Yes,completed,4120974.87
115.9,5.0,4,0,1,1,1,Giza,New Giza,New Giza,1st,No,completed,7538211.87
96.2,2.0,1,0,1,1,1,Cairo,New Cairo,Heliopolis,2nd,No,under_construction,2589408.2
104.2,2.0,1,0,1,0,1,Giza,West Giza,Mohandessin,2nd,Yes,under_construction,3719228.77
137.3,,3,1,1,1,1,Cairo,New Cairo,Rehab,2nd,Semi,completed,6352191.75
160.9,2.0,2,0,1,1,1,Giza,New Giza,New Giza,1st,Semi,completed,9631313.01
151.6,5.0,5,0,1,1,1,Tanta,Central,Saeed,1st,No,completed,2348250.21
99.7,3.0,2,0,1,0,1,Cairo,Old Cairo,Maadi,2nd,Semi,under_construction,3330588.52
186.0,3.0,3,0,1,1,1,Cairo,Old Cairo,Maadi,1st,No,under_construction,4894319.47
91.4,4.0,3,0,1,1,1,Cairo,New Cairo,Fifth Settlement,2nd,No,off_plan,3558305.53
83.0,2.0,2,0,0,0,1,Giza,New Giza,New Giza,2nd,Semi,under_construction,3940930.03
207.6,4.0,4,0,1,0,1,Giza,West Giza,Sheikh Zayed,1st,Semi,completed,10594786.12
111.3,1.0,1,0,1,1,1,Alexandria,East,Sidi Gaber,2nd,Semi,completed,2790880.32
113.8,1.0,1,0,1,1,1,Giza,New Giza,New Giza,1st,No,under_construction,5683687.07
141.4,1.0,1,0,0,0,1,Tanta,Central,Saeed,1st,No,completed,1806683.75
93.2,2.0,2,0,1,1,1,Cairo,New Cairo,First Settlement,1st,No,completed,2899601.56
78.7,3.0,3,0,1,1,1,Cairo,Old Cairo,Zamalek,1st,No,under_construction,4419324.36
117.0,2.0,1,0,1,1,1,Giza,West Giza,Mohandessin,2nd,Semi,completed,3686387.07
87.0,3.0,2,0,0,1,1,Giza,New Giza,New Giza,1st,Semi,under_construction,5018864.31
196.2,3.0,2,0,1,1,1,Alexandria,West,Borg El Arab,1st,No,completed,3117453.74
137.2,3.0,2,0,1,0,1,Giza,New Giza,New Giza,2nd,No,completed,7436790.41
140.9,1.0,1,0,1,1,1,Giza,West Giza,Dokki,1st,Semi,off_plan,2853351.74
91.0,,1,1,1,1,1,Cairo,New Cairo,First Settlement,1st,No,completed,4007713.38
119.4,,4,1,1,1,1,Giza,West Giza,Haram,2nd,No,under_construction,1913062.66
137.8,,3,1,1,1,1,Giza,West Giza,Mohandessin,2nd,Yes,completed,5268386.07
118.9,3.0,2,0,0,0,1,Giza,New Giza,New Giza,1st,Semi,under_construction,6443937.34
89.6,3.0,2,0,1,1,1,Cairo,New Cairo,Heliopolis,2nd,No,completed,3302869.51
111.3,5.0,5,0,1,1,0,Alexandria,West,Agami,1st,No,completed,2649460.15
121.3,5.0,4,0,1,1,1,Alexandria,West,Agami,2nd,Yes,under_construction,2624314.21
128.1,2.0,1,0,1,1,1,Giza,New Giza,New Giza,1st,Yes,completed,8907622.13
156.5,3.0,3,0,1,1,1,Cairo,New Cairo,Nasr City,4th,Yes,completed,5196986.6
120.6,3.0,3,0,1,1,1,Cairo,New Cairo,Madinaty,1st,No,completed,6260470.18
122.2,3.0,3,0,1,1,1,Alexandria,East,Sidi Gaber,2nd,No,completed,3116635.19
137.0,2.0,2,0,1,0,1,Cairo,Old Cairo,Maadi,2nd,No,completed,5266634.79
81.6,4.0,4,0,1,1,1,Cairo,Old Cairo,Maadi,1st,Semi,completed,3089818.15
161.6,4.0,4,0,1,1,1,Cairo,Old Cairo,Maadi,1st,No,off_plan,5099334.2
78.3,3.0,3,0,1,1,1,Alexandria,East,Smouha,1st,Semi,under_construction,1694088.97
154.7,3.0,2,0,1,1,0,Giza,West Giza,Mohandessin,2nd,No,completed,5045337.65
114.7,4.0,4,0,0,1,1,Cairo,Old Cairo,Maadi,3rd,Semi,off_plan,3326602.51
102.1,3.0,2,0,0,0,1,Giza,New Giza,New Giza,2nd,Semi,under_construction,4583271.46
186.5,4.0,4,0,0,1,0,Alexandria,East,Sidi Bishr,1st,No,completed,4191005.07
108.6,4.0,3,0,0,0,1,Cairo,Old Cairo,Downtown,2nd,Yes,completed,3877125.95
117.7,1.0,1,0,1,1,1,Cairo,New Cairo,Heliopolis,2nd,No,completed,4490240.51
87.3,2.0,1,0,1,1,1,Cairo,Old Cairo,Downtown,2nd,No,completed,2851874.8
148.4,2.0,2,0,1,1,0,Cairo,New Cairo,Heliopolis,2nd,Semi,under_construction,3854342.26
114.6,1.0,1,0,1,0,1,Giza,New Giza,New Giza,1st,No,completed,6548239.92
115.7,2.0,1,0,1,0,1,Cairo,Old Cairo,Zamalek,1st,Yes,completed,9126233.38
142.3,1.0,1,0,1,1,1,Giza,New Giza,New Giza,1st,No,completed,8044952.84
99.8,3.0,2,0,1,1,1,Cairo,New Cairo,Madinaty,3rd,No,off_plan,3490912.54
86.1,3.0,2,0,1,1,1,Mansoura,Central,Toriel,1st,Semi,under_construction,1027670.14
153.5,3.0,2,0,1,0,1,Cairo,Old Cairo,Zamalek,1st,Yes,completed,11037491.39
47.0,5.0,4,0,1,1,1,Giza,New Giza,New Giza,1st,No,completed,2689910.52
114.1,3.0,2,0,1,1,1,Cairo,New Cairo,Fifth Settlement,2nd,No,off_plan,4488466.15
105.3,3.0,3,0,1,1,1,Giza,New Giza,New Giza,2nd,No,under_construction,4839837.44
103.6,2.0,1,0,1,1,1,Alexandria,West,Borg El Arab,1st,Yes,completed,1918091.49
119.2,3.0,3,0,1,0,1,Cairo,Old Cairo,Zamalek,1st,Yes,completed,8135695.66
149.0,4.0,3,0,0,1,1,Giza,West Giza,6th of October,2nd,Yes,completed,4808681.74
112.0,1.0,1,0,1,0,1,Cairo,New Cairo,Fifth Settlement,2nd,Yes,completed,6185234.98
120.5,3.0,2,0,1,0,1,Cairo,Old Cairo,Maadi,2nd,No,completed,4701872.83
209.1,4.0,3,0,1,1,1,Cairo,New Cairo,Fifth Settlement,3rd,No,completed,11439780.35
110.6,2.0,2,0,0,0,1,Cairo,New Cairo,Nasr City,4th,Semi,completed,3387536.35
121.6,3.0,2,0,1,0,1,Cairo,New Cairo,First Settlement,1st,Yes,completed,4990452.01
109.1,3.0,2,0,1,1,1,Cairo,New Cairo,Heliopolis,1st,Yes,completed,3976904.89
115.8,,1,1,1,0,1,Cairo,New Cairo,Rehab,3rd,Yes,off_plan,3939088.84
81.9,2.0,2,0,0,0,0,Cairo,Old Cairo,Downtown,2nd,Semi,completed,2998798.09
151.9,3.0,2,0,1,0,1,Mansoura,Central,Toriel,1st,Semi,under_construction,1855755.48
91.2,3.0,2,0,1,0,1,Giza,New Giza,New Giza,2nd,No,completed,5028245.19
62.2,1.0,1,0,1,0,1,Giza,New Giza,New Giza,1st,No,completed,3391275.58
99.5,4.0,3,0,1,0,0,Cairo,Old Cairo,Downtown,2nd,Yes,under_construction,2960044.01
126.1,3.0,3,0,1,1,1,Tanta,Central,Saeed,1st,Semi,completed,1759908.71
125.9,5.0,4,0,1,1,1,Cairo,New Cairo,First Settlement,3rd,No,off_plan,3848535.85
144.5,3.0,2,0,1,0,1,Alexandria,West,Borg El Arab,1st,Semi,under_construction,2574368.58
119.6,2.0,1,0,1,1,1,Giza,New Giza,New Giza,1st,No,under_construction,6168478.33
72.4,2.0,2,0,1,1,1,Giza,West Giza,6th of October,1st,No,completed,2259232.45
165.2,2.0,1,0,0,1,1,Cairo,New Cairo,Rehab,3rd,No,under_construction,5236292.84
114.0,2.0,2,0,1,1,1,Giza,New Giza,New Giza,2nd,No,completed,5856235.78
76.9,2.0,2,0,1,1,1,Giza,West Giza,Haram,1st,Yes,completed,1533694.62
88.3,3.0,2,0,1,0,1,Giza,New Giza,New Giza,1st,Semi,under_construction,4429694.95
117.6,2.0,1,0,1,0,1,Cairo,New Cairo,Heliopolis,1st,No,completed,3923607.63
111.9,3.0,3,0,1,0,1,Cairo,New Cairo,Heliopolis,1st,No,under_construction,3091144.69
126.1,2.0,1,0,1,1,1,Cairo,Old Cairo,Downtown,1st,Yes,completed,4361926.7
97.3,3.0,2,0,1,1,1,Giza,West Giza,Sheikh Zayed,3rd,No,completed,4365172.78
142.0,3.0,2,0,1,1,1,Alexandria,West,Agami,1st,Semi,completed,3013352.91
152.8,4.0,3,0,1,1,1,Cairo,New Cairo,Rehab,3rd,Semi,completed,6220791.73
157.6,1.0,1,0,0,1,1,Cairo,Old Cairo,Zamalek,2nd,No,completed,8913857.06
111.9,5.0,4,0,1,1,1,Cairo,New Cairo,Madinaty,3rd,Semi,completed,5513250.96
93.7,3.0,3,0,1,1,1,Cairo,Old Cairo,Maadi,1st,Semi,completed,3725463.18
160.6,3.0,3,0,1,0,1,Cairo,New Cairo,Heliopolis,2nd,Semi,completed,5563387.89
115.5,2.0,2,0,1,1,1,Cairo,Old Cairo,Zamalek,2nd,Semi,under_construction,6966577.6
73.7,3.0,2,0,1,1,1,Giza,New Giza,New Giza,1st,Yes,completed,4788852.39
189.2,2.0,1,0,1,1,1,Giza,New Giza,New Giza,2nd,No,completed,11812237.09
161.6,4.0,4,0,1,0,1,Cairo,Old Cairo,Downtown,2nd,Yes,completed,5889234.54
181.7,3.0,2,0,1,1,1,Cairo,Old Cairo,Maadi,1st,Semi,completed,7142841.49
259.5,4.0,3,0,1,1,1,Giza,New Giza,New Giza,1st,No,under_construction,11485160.38
74.1,,3,1,1,1,1,Cairo,New Cairo,Nasr City,4th,Semi,off_plan,1535856.42
95.1,2.0,2,0,1,0,1,Cairo,Old Cairo,Zamalek,2nd,No,under_construction,5167841.51
105.6,2.0,1,0,1,1,1,Alexandria,East,Sidi Bishr,1st,Yes,completed,2995820.16
102.3,1.0,1,0,1,0,1,Alexandria,East,Sidi Gaber,2nd,Yes,completed,3223085.08
141.8,4.0,4,0,1,0,1,Cairo,Old Cairo,Downtown,1st,Yes,completed,5756859.58
112.7,2.0,1,0,1,0,1,Cairo,Old Cairo,Zamalek,1st,No,under_construction,6095581.26
143.2,2.0,1,0,1,1,1,Giza,New Giza,New Giza,2nd,No,completed,8381856.58
135.8,3.0,2,0,1,1,1,Alexandria,East,Smouha,3rd,Semi,completed,3541899.76
49.1,3.0,3,0,1,1,0,Cairo,Old Cairo,Downtown,1st,No,off_plan,1150134.45
102.1,4.0,4,0,1,1,1,Cairo,New Cairo,Madinaty,3rd,Yes,completed,5406649.9
66.4,2.0,1,0,1,1,1,Cairo,Old Cairo,Maadi,1st,No,off_plan,1720317.05
76.7,2.0,1,0,1,1,1,Alexandria,West,Borg El Arab,2nd,No,completed,1394346.59
113.9,2.0,2,0,1,1,0,Giza,West Giza,6th of October,3rd,No,off_plan,2675025.29
207.2,3.0,2,0,1,1,1,Cairo,Old Cairo,Downtown,2nd,Yes,completed,7168108.69
188.7,4.0,4,0,0,1,1,Giza,New Giza,New Giza,2nd,No,under_construction,9427298.61
77.4,3.0,2,0,1,0,1,Cairo,New Cairo,Madinaty,2nd,Yes,completed,4416816.18
111.7,,2,1,1,1,1,Cairo,New Cairo,Madinaty,1st,Semi,completed,5865203.16
110.6,2.0,1,0,0,1,1,Cairo,Old Cairo,Maadi,1st,No,under_construction,2908357.84
163.0,4.0,3,0,1,1,1,Tanta,Central,Saeed,1st,Yes,completed,2176975.44
86.7,,2,1,1,1,0,Alexandria,West,Agami,2nd,Semi,completed,2043265.5
160.8,4.0,3,0,0,1,1,Cairo,Old Cairo,Maadi,1st,No,off_plan,4450522.84
104.3,3.0,3,0,1,0,1,Giza,West Giza,Haram,2nd,No,completed,2162065.71
139.0,3.0,3,0,1,0,1,Cairo,New Cairo,Heliopolis,1st,No,completed,5489520.42
220.8,3.0,2,0,1,1,1,Giza,West Giza,Haram,1st,Yes,completed,5336843.41
162.1,2.0,1,0,1,1,1,Giza,New Giza,New Giza,1st,No,completed,10812317.34
180.8,3.0,2,0,1,0,1,Alexandria,West,Borg El Arab,2nd,No,completed,3400734.94
237.6,3.0,2,0,1,0,1,Cairo,New Cairo,Rehab,1st,Yes,under_construction,9770084.31
131.0,4.0,4,0,1,0,1,Cairo,Old Cairo,Downtown,2nd,No,under_construction,2978880.41
113.7,2.0,2,0,1,1,1,Alexandria,West,Agami,2nd,Yes,completed,2616162.23
120.2,2.0,1,0,1,1,1,Cairo,New Cairo,First Settlement,2nd,Semi,completed,5228206.69
82.8,5.0,4,0,1,1,1,Alexandria,West,Borg El Arab,2nd,No,under_construction,1194193.33
162.6,,1,1,1,1,1,Giza,New Giza,New Giza,1st,No,completed,9050993.82
114.8,4.0,3,0,0,1,1,Giza,New Giza,New Giza,2nd,No,completed,6858157.61
60.8,2.0,1,0,0,1,1,Alexandria,West,Agami,1st,No,completed,1324274.45
100.7,3.0,3,0,1,0,0,Giza,New Giza,New Giza,1st,Semi,off_plan,5004859.87
175.9,1.0,1,0,1,1,1,Alexandria,East,Sidi Gaber,2nd,Yes,completed,4767544.8
129.7,3.0,2,0,1,0,1,Tanta,Central,El Geish,1st,Yes,completed,2043358.44
103.4,4.0,3,0,1,1,1,Cairo,New Cairo,Nasr City,4th,No,completed,3247885.62
113.2,3.0,2,0,1,1,1,Cairo,New Cairo,Madinaty,1st,No,completed,6307629.94
126.5,2.0,1,0,1,1,1,Giza,West Giza,Mohandessin,2nd,No,under_construction,3786254.54
63.6,4.0,3,0,0,1,1,Tanta,Central,Saeed,1st,No,completed,885666.68
136.7,5.0,4,0,1,0,1,Giza,New Giza,New Giza,2nd,No,off_plan,6841517.85
220.1,2.0,2,0,1,1,1,Mansoura,Central,Toriel,1st,Yes,off_plan,2375904.16
101.3,2.0,1,0,1,1,1,Cairo,New Cairo,Heliopolis,2nd,No,completed,3696218.1
259.7,5.0,4,0,1,1,1,Giza,New Giza,New Giza,2nd,No,completed,15582346.83
165.7,3.0,3,0,1,0,1,Cairo,New Cairo,Madinaty,3rd,No,under_construction,5687849.37
76.5,2.0,1,0,1,1,1,Cairo,Old Cairo,Maadi,2nd,No,completed,2760964.12
135.8,2.0,2,0,1,0,1,Giza,New Giza,New Giza,1st,Yes,completed,8176990.04
103.5,3.0,2,0,1,1,1,Cairo,New Cairo,Heliopolis,2nd,Yes,under_construction,3394597.98
210.2,1.0,1,0,1,1,1,Mansoura,Central,El Mashaya,1st,No,completed,3565825.29
121.4,,3,1,1,0,0,Giza,New Giza,New Giza,2nd,Yes,completed,6830564.13
105.8,2.0,1,0,1,0,1,Cairo,Old Cairo,Zamalek,1st,No,completed,6236838.88
112.3,4.0,4,0,1,0,1,Tanta,Central,El Geish,1st,Yes,completed,1881844.85
91.2,2.0,1,0,1,0,1,Cairo,New Cairo,First Settlement,3rd,Yes,completed,3877477.81
129.9,3.0,2,0,1,1,0,Mansoura,Central,El Mashaya,1st,No,under_construction,2043149.38
99.5,5.0,5,0,1,0,0,Tanta,Central,Saeed,1st,Semi,completed,1502567.98
90.7,4.0,3,0,1,0,1,Giza,West Giza,Dokki,2nd,No,off_plan,1937070.47
66.6,4.0,4,0,1,1,1,Cairo,Old Cairo,Downtown,1st,No,completed,2206558.05
72.5,5.0,4,0,1,1,1,Giza,West Giza,6th of October,3rd,Semi,completed,2479783.26
95.3,2.0,2,0,0,1,1,Tanta,Central,El Geish,2nd,No,under_construction,1197500.43
173.9,2.0,1,0,1,1,1,Cairo,Old Cairo,Downtown,1st,Yes,completed,6412580.76
130.9,5.0,4,0,1,1,1,Cairo,Old Cairo,Zamalek,1st,No,completed,9893298.56
113.1,1.0,1,0,1,1,1,Cairo,Old Cairo,Zamalek,1st,No,under_construction,5300624.09
90.4,2.0,2,0,1,0,1,Tanta,Central,El Geish,2nd,Semi,completed,1532268.69
78.2,3.0,2,0,1,1,1,Alexandria,East,Sidi Gaber,2nd,No,completed,2077245.57
126.4,2.0,1,0,1,1,1,Giza,New Giza,New Giza,1st,No,completed,8059071.33
111.9,2.0,1,0,1,0,1,Giza,New Giza,New Giza,1st,No,completed,6481409.78
129.0,5.0,4,0,1,1,1,Giza,New Giza,New Giza,2nd,No,off_plan,6602500.85
130.3,2.0,1,0,1,0,1,Cairo,New Cairo,Nasr City,1st,Yes,completed,3970234.81
135.9,3.0,3,0,1,1,1,Giza,West Giza,Dokki,1st,Semi,completed,3949542.57
165.6,2.0,2,0,1,1,1,Cairo,New Cairo,First Settlement,2nd,Yes,completed,6804210.71
108.8,2.0,2,0,0,0,0,Cairo,New Cairo,Rehab,2nd,No,completed,4907915.81
150.5,3.0,2,0,1,0,1,Cairo,Old Cairo,Downtown,2nd,Yes,completed,5389571.1
141.2,2.0,1,0,0,0,1,Cairo,New Cairo,First Settlement,2nd,No,under_construction,4105167.19
93.7,1.0,1,0,1,1,1,Giza,West Giza,Haram,2nd,No,completed,2160150.87
84.7,3.0,2,0,1,1,1,Cairo,New Cairo,Madinaty,3rd,No,completed,3578242.96
267.9,3.0,2,0,1,0,1,Cairo,New Cairo,Fifth Settlement,3rd,No,completed,13274870.15
231.2,2.0,1,0,0,0,1,Cairo,Old Cairo,Maadi,1st,No,completed,7771045.05
168.3,3.0,2,0,1,1,1,Mansoura,Central,El Mashaya,2nd,Semi,completed,3101426.67
74.7,1.0,1,0,1,1,1,Giza,New Giza,New Giza,1st,Semi,completed,4207801.74
169.8,4.0,3,0,1,1,1,Giza,West Giza,Haram,3rd,No,under_construction,2946967.11
64.4,,2,1,1,0,1,Cairo,Old Cairo,Downtown,1st,No,completed,2264092.09
130.1,2.0,2,0,1,1,1,Giza,New Giza,New Giza,2nd,No,completed,7495496.63
92.3,3.0,2,0,1,0,1,Giza,New Giza,New Giza,2nd,Yes,completed,5984778.26
161.9,2.0,2,0,1,1,1,Cairo,New Cairo,Fifth Settlement,3rd,Yes,completed,9169117.14
109.2,2.0,1,0,0,1,1,Cairo,Old Cairo,Downtown,1st,Yes,completed,3486421.77
135.0,,1,1,1,1,1,Giza,West Giza,6th of October,3rd,No,completed,4207518.95
89.6,2.0,1,0,0,1,1,Giza,New Giza,New Giza,1st,Semi,completed,5683224.14
83.8,4.0,4,0,1,1,1,Tanta,Central,Saeed,1st,Yes,completed,1358780.63
106.5,2.0,1,0,1,0,1,Alexandria,East,Sidi Bishr,1st,No,completed,2495539.82
128.7,,3,1,0,0,1,Giza,New Giza,New Giza,2nd,No,completed,8344716.98
107.3,2.0,2,0,1,1,1,Giza,New Giza,New Giza,2nd,Yes,completed,6044070.67
155.4,3.0,3,0,1,1,1,Cairo,New Cairo,Rehab,1st,Yes,completed,7023148.88
128.2,4.0,3,0,1,1,1,Alexandria,East,Sidi Gaber,2nd,No,under_construction,2915790.3
120.6,3.0,2,0,1,0,1,Cairo,New Cairo,Heliopolis,2nd,Yes,under_construction,4326932.96
105.7,1.0,1,0,1,1,1,Alexandria,West,Borg El Arab,1st,Semi,completed,1743140.64
108.5,3.0,3,0,1,1,1,Alexandria,West,Agami,1st,No,completed,2510153.02
144.8,4.0,3,0,1,1,1,Alexandria,East,Sidi Bishr,2nd,No,completed,3481427.0
83.6,3.0,3,0,1,1,1,Tanta,Central,El Geish,2nd,Semi,completed,1380549.27
144.8,1.0,1,0,1,1,1,Giza,New Giza,New Giza,1st,No,completed,8864071.07
82.8,1.0,1,0,1,1,1,Tanta,Central,Saeed,1st,No,off_plan,969022.67
77.8,3.0,3,0,1,1,1,Tanta,Central,El Geish,1st,Semi,under_construction,1101280.29
178.8,2.0,2,0,0,0,1,Cairo,New Cairo,Nasr City,4th,No,under_construction,4282845.65
119.8,2.0,1,0,1,1,1,Cairo,Old Cairo,Maadi,3rd,No,completed,4361620.1
183.9,2.0,2,0,0,1,1,Giza,New Giza,New Giza,2nd,Semi,completed,11214703.61
147.0,3.0,3,0,1,1,1,Cairo,New Cairo,Rehab,2nd,No,under_construction,4682353.68
91.8,1.0,1,0,1,1,1,Alexandria,West,Borg El Arab,2nd,No,completed,1750307.25
100.8,2.0,1,0,1,1,1,Giza,West Giza,Sheikh Zayed,1st,Yes,completed,4655370.7
214.8,2.0,1,0,0,0,1,Cairo,Old Cairo,Downtown,1st,Semi,completed,6487892.5
96.4,2.0,1,0,1,1,1,Alexandria,West,Borg El Arab,2nd,Semi,completed,1849929.93
150.6,2.0,2,0,1,1,1,Cairo,Old Cairo,Maadi,1st,No,completed,5185997.24
115.6,2.0,2,0,0,1,1,Giza,New Giza,New Giza,2nd,No,off_plan,5018833.05
122.2,4.0,3,0,1,0,1,Giza,West Giza,Mohandessin,2nd,Semi,completed,4593046.1
211.5,3.0,2,0,1,0,1,Cairo,Old Cairo,Maadi,2nd,Yes,under_construction,6171311.88
145.9,2.0,1,0,1,1,1,Cairo,New Cairo,Heliopolis,1st,No,under_construction,3832817.03
127.0,,1,1,1,0,1,Cairo,Old Cairo,Maadi,3rd,Yes,completed,4756742.56
175.6,3.0,2,0,1,1,1,Alexandria,West,Borg El Arab,1st,No,under_construction,2482836.24
143.6,1.0,1,0,1,1,1,Alexandria,West,Borg El Arab,2nd,Yes,completed,2812875.67
121.3,,2,1,1,0,1,Giza,West Giza,6th of October,3rd,No,completed,4028912.85
125.4,2.0,2,0,1,0,1,Giza,West Giza,Dokki,2nd,No,under_construction,3219018.07
122.7,2.0,2,0,1,1,1,Cairo,New Cairo,Heliopolis,2nd,Semi,completed,3952994.3
112.9,3.0,3,0,1,1,0,Cairo,New Cairo,Madinaty,4th,Semi,off_plan,4792211.6
116.9,2.0,2,0,1,0,1,Cairo,New Cairo,First Settlement,1st,Yes,completed,5864879.49
108.9,2.0,2,0,1,1,1,Cairo,New Cairo,Rehab,1st,No,off_plan,3673686.13
165.1,4.0,4,0,1,1,1,Alexandria,West,Agami,2nd,No,under_construction,2818106.73
141.5,,2,1,0,1,1,Cairo,New Cairo,Heliopolis,1st,No,completed,5008577.93
99.1,1.0,1,0,1,1,1,Alexandria,East,Sidi Gaber,1st,No,completed,2610209.96
112.7,3.0,3,0,1,1,1,Giza,West Giza,Dokki,1st,No,completed,3120059.34
60.3,4.0,4,0,1,0,1,Cairo,Old Cairo,Maadi,1st,Yes,under_construction,2052266.03
102.3,5.0,4,0,0,1,1,Cairo,Old Cairo,Maadi,2nd,No,off_plan,3112064.41
114.5,4.0,3,0,1,1,1,Cairo,New Cairo,Nasr City,1st,No,off_plan,2117358.48
93.8,3.0,2,0,1,1,1,Alexandria,West,Agami,2nd,No,completed,2025828.36
71.5,4.0,3,0,0,1,1,Cairo,Old Cairo,Maadi,2nd,No,completed,2705590.43
189.2,4.0,4,0,1,1,1,Giza,West Giza,Sheikh Zayed,1st,Semi,under_construction,7110781.28
174.6,3.0,2,0,1,1,1,Alexandria,West,Agami,2nd,Semi,under_construction,3426069.38
168.7,3.0,2,0,1,1,1,Giza,New Giza,New Giza,2nd,No,completed,9794452.99
124.1,3.0,2,0,0,1,1,Alexandria,West,Agami,1st,No,completed,2541396.0
102.5,3.0,2,0,1,1,1,Mansoura,Central,Toriel,1st,Semi,completed,1423185.78
125.0,4.0,4,0,1,1,1,Giza,New Giza,New Giza,1st,No,completed,7142858.24
143.5,2.0,2,0,0,0,1,Mansoura,Central,El Mashaya,2nd,Semi,completed,2390265.52
80.8,2.0,2,0,1,1,0,Giza,West Giza,6th of October,2nd,No,completed,2476189.52
186.1,3.0,3,0,1,0,1,Cairo,Old Cairo,Downtown,2nd,No,under_construction,5230051.4
103.3,3.0,2,0,1,0,1,Giza,West Giza,6th of October,1st,No,completed,3177877.09
91.9,2.0,1,0,1,1,1,Giza,New Giza,New Giza,2nd,No,off_plan,4077919.54
156.6,2.0,1,0,1,1,1,Giza,West Giza,Haram,2nd,No,completed,2912660.03
176.4,1.0,1,0,1,1,1,Cairo,Old Cairo,Downtown,2nd,No,completed,5343050.06
93.9,2.0,2,0,1,1,1,Alexandria,West,Agami,1st,Yes,under_construction,1673697.09
172.1,3.0,3,0,0,1,1,Cairo,New Cairo,Heliopolis,2nd,No,completed,5525345.26
239.1,4.0,4,0,1,0,1,Cairo,Old Cairo,Zamalek,2nd,No,completed,14242595.58
181.4,4.0,3,0,1,1,1,Giza,West Giza,Dokki,2nd,Yes,completed,7194717.6
133.8,,2,1,1,1,1,Tanta,Central,El Geish,2nd,No,under_construction,1876218.03
40.0,2.0,2,0,1,0,1,Cairo,Old Cairo,Downtown,1st,No,completed,1266502.03
181.4,5.0,5,0,1,1,1,Alexandria,West,Agami,1st,Semi,completed,3949245.25
131.0,,4,1,1,0,1,Giza,New Giza,New Giza,2nd,Semi,completed,7988312.13
97.4,4.0,3,0,0,0,1,Cairo,Old Cairo,Zamalek,2nd,Yes,completed,7534343.88
175.1,4.0,3,0,1,1,1,Giza,West Giza,Haram,2nd,Yes,under_construction,3251398.33
146.8,4.0,4,0,1,1,1,Mansoura,Central,El Mashaya,1st,No,completed,2342990.75
146.8,2.0,2,0,1,0,1,Giza,New Giza,New Giza,2nd,No,completed,9092398.56
198.7,4.0,4,0,1,1,1,Alexandria,West,Borg El Arab,1st,No,completed,3687239.19
169.5,4.0,4,0,1,0,1,Giza,West Giza,Sheikh Zayed,2nd,No,under_construction,7020844.45
98.7,1.0,1,0,1,1,1,Giza,West Giza,Sheikh Zayed,3rd,Semi,off_plan,3654563.64
91.2,5.0,5,0,1,1,0,Cairo,Old Cairo,Zamalek,2nd,Yes,completed,5860061.9
95.9,2.0,2,0,1,1,1,Giza,West Giza,Mohandessin,2nd,Semi,completed,3444508.4
105.9,3.0,2,0,0,1,1,Cairo,New Cairo,Heliopolis,2nd,Yes,under_construction,3423494.55
83.5,3.0,2,0,1,1,1,Giza,West Giza,Mohandessin,2nd,No,under_construction,2489271.16
113.8,2.0,1,0,1,1,1,Cairo,New Cairo,Madinaty,3rd,No,under_construction,3949524.07
128.6,1.0,1,0,1,1,1,Alexandria,East,Smouha,3rd,No,completed,3225574.8
75.9,2.0,2,0,1,1,1,Tanta,Central,Saeed,1st,No,off_plan,882202.24
124.9,3.0,2,0,1,0,1,Cairo,New Cairo,Nasr City,4th,No,under_construction,3108951.94
110.0,2.0,2,0,0,0,1,Giza,West Giza,Dokki,1st,No,completed,3138833.42
149.8,3.0,3,0,1,1,1,Alexandria,East,Sidi Gaber,1st,Yes,completed,3749998.75
153.8,2.0,1,0,1,1,1,Cairo,New Cairo,Nasr City,4th,No,completed,3773752.55
94.4,1.0,1,0,1,1,1,Tanta,Central,Saeed,1st,No,completed,1323533.15
114.0,3.0,3,0,1,1,1,Cairo,Old Cairo,Zamalek,1st,Yes,completed,8274757.43
100.9,1.0,1,0,1,0,1,Cairo,New Cairo,Madinaty,4th,No,under_construction,4243507.81
282.7,3.0,2,0,1,1,0,Giza,West Giza,Haram,1st,Semi,completed,6198918.91
206.1,2.0,1,0,1,1,1,Cairo,Old Cairo,Zamalek,2nd,Semi,under_construction,10849589.18
221.4,2.0,1,0,1,1,1,Giza,West Giza,Mohandessin,2nd,No,completed,7766795.3
157.0,3.0,2,0,1,1,1,Cairo,Old Cairo,Downtown,1st,No,completed,5566452.2
262.9,5.0,4,0,1,1,1,Giza,West Giza,Sheikh Zayed,1st,No,completed,12850077.86
101.7,2.0,1,0,1,1,0,Cairo,New Cairo,Rehab,3rd,No,completed,4085250.53
231.9,1.0,1,0,1,1,1,Cairo,Old Cairo,Maadi,3rd,No,completed,7098274.47
136.3,3.0,2,0,1,1,1,Cairo,New Cairo,Fifth Settlement,1st,Semi,completed,6584153.17
187.2,,2,1,1,1,1,Giza,New Giza,New Giza,1st,Yes,under_construction,9215021.42
152.7,4.0,4,0,1,0,1,Mansoura,Central,Toriel,1st,Yes,completed,2823744.9
177.2,2.0,2,0,1,1,1,Cairo,New Cairo,Nasr City,2nd,Yes,completed,5361206.93
134.7,2.0,1,0,1,0,1,Giza,New Giza,New Giza,1st,Yes,off_plan,6173504.47
117.7,3.0,3,0,1,0,1,Cairo,Old Cairo,Downtown,2nd,No,completed,3601308.17
152.2,3.0,3,0,1,1,1,Cairo,New Cairo,Fifth Settlement,2nd,No,completed,7626660.34
168.1,5.0,5,0,1,1,1,Giza,West Giza,Sheikh Zayed,1st,No,completed,6741341.15
95.6,3.0,3,0,1,0,1,Alexandria,East,Smouha,2nd,No,completed,2983387.0
110.1,2.0,1,0,1,1,1,Giza,West Giza,Haram,2nd,Semi,under_construction,1550199.7
217.1,5.0,5,0,1,1,1,Giza,West Giza,Dokki,2nd,Semi,completed,6555761.42
100.2,3.0,3,0,1,1,1,Cairo,Old Cairo,Maadi,1st,Semi,completed,4061774.78
130.6,4.0,3,0,1,1,1,Alexandria,West,Borg El Arab,2nd,No,completed,2514937.0
123.3,2.0,2,0,1,1,1,Cairo,Old Cairo,Zamalek,1st,No,under_construction,7071766.34
96.2,1.0,1,0,1,1,1,Alexandria,East,Sidi Bishr,2nd,Semi,under_construction,1749080.93
174.0,3.0,2,0,1,1,1,Cairo,Old Cairo,Zamalek,2nd,Semi,completed,10578694.45
93.2,2.0,2,0,1,0,1,Giza,New Giza,New Giza,1st,No,completed,5198932.91
90.3,1.0,1,0,1,1,1,Cairo,Old Cairo,Downtown,2nd,No,completed,2538587.22
129.2,2.0,2,0,1,1,1,Cairo,New Cairo,Nasr City,4th,No,completed,3461183.98
79.1,3.0,2,0,1,1,1,Giza,West Giza,Haram,1st,Yes,under_construction,1740602.35
89.7,3.0,3,0,1,0,1,Giza,West Giza,Sheikh Zayed,1st,Yes,completed,4746928.07
102.4,2.0,1,0,1,1,1,Tanta,Central,Saeed,1st,No,off_plan,1173956.15
97.5,2.0,2,0,1,1,1,Giza,West Giza,Sheikh Zayed,2nd,No,completed,4712175.75
80.0,3.0,2,0,1,1,1,Cairo,New Cairo,Fifth Settlement,3rd,Semi,completed,4384587.66
102.3,3.0,2,0,1,1,1,Cairo,Old Cairo,Maadi,2nd,Semi,under_construction,3254595.01
97.4,3.0,2,0,1,1,1,Tanta,Central,Saeed,1st,No,completed,1476000.04
82.4,5.0,5,0,1,0,1,Cairo,New Cairo,Madinaty,2nd,Yes,completed,4905659.58
183.2,5.0,5,0,1,1,1,Cairo,Old Cairo,Downtown,1st,No,completed,6273780.11
61.1,4.0,4,0,1,1,1,Cairo,New Cairo,Madinaty,2nd,No,off_plan,2283160.09
118.2,3.0,3,0,1,0,1,Mansoura,Central,Toriel,1st,No,under_construction,1444900.63
105.7,3.0,3,0,1,1,1,Cairo,New Cairo,First Settlement,2nd,No,completed,4884566.05
175.0,3.0,2,0,1,0,1,Tanta,Central,Saeed,1st,Yes,completed,2980677.05
120.1,3.0,2,0,1,1,1,Cairo,Old Cairo,Downtown,1st,Yes,under_construction,3751246.48
104.5,2.0,2,0,0,1,1,Cairo,Old Cairo,Zamalek,2nd,No,completed,6659476.6
136.5,3.0,2,0,1,1,1,Mansoura,Central,Toriel,1st,Semi,under_construction,1975758.54
155.2,3.0,2,0,0,0,1,Cairo,New Cairo,First Settlement,1st,Yes,completed,7174033.08
126.6,3.0,2,0,1,1,1,Cairo,Old Cairo,Maadi,2nd,Semi,completed,4763960.96
142.1,2.0,2,0,1,0,1,Cairo,New Cairo,Nasr City,1st,No,under_construction,3096713.09
65.9,2.0,1,0,1,0,1,Giza,West Giza,6th of October,3rd,No,under_construction,1887821.91
131.6,4.0,4,0,1,1,1,Cairo,Old Cairo,Maadi,2nd,Yes,under_construction,4279283.01
124.5,3.0,3,0,1,1,1,Giza,New Giza,New Giza,2nd,Semi,completed,6704334.02
139.4,3.0,3,0,1,1,1,Giza,West Giza,Dokki,2nd,Yes,completed,4740472.52
122.0,2.0,2,0,1,1,1,Cairo,New Cairo,Heliopolis,1st,No,completed,3620491.39
106.1,3.0,2,0,1,0,1,Alexandria,East,Smouha,2nd,No,completed,3059418.31
111.3,2.0,1,0,1,1,1,Alexandria,East,Sidi Bishr,2nd,No,completed,2604042.32
139.2,3.0,2,0,1,1,1,Cairo,New Cairo,Nasr City,4th,No,completed,4010670.39
155.4,4.0,4,0,1,0,1,Alexandria,West,Agami,1st,No,under_construction,2956533.32
191.4,4.0,3,0,1,0,0,Giza,West Giza,6th of October,2nd,Yes,under_construction,5535514.7
73.8,2.0,2,0,1,1,1,Mansoura,Central,El Mashaya,2nd,Semi,completed,1179038.82
98.8,2.0,2,0,1,1,1,Tanta,Central,Saeed,1st,No,completed,1462533.08
101.3,4.0,3,0,1,1,1,Mansoura,Central,Toriel,1st,Yes,completed,1876968.96
113.6,3.0,2,0,1,1,1,Cairo,Old Cairo,Downtown,2nd,No,off_plan,3098085.32
58.6,3.0,2,0,1,1,1,Cairo,New Cairo,Fifth Settlement,2nd,Yes,completed,3658979.81
107.5,3.0,2,0,1,0,1,Alexandria,West,Borg El Arab,2nd,Yes,under_construction,1874147.71
91.2,1.0,1,0,1,1,1,Cairo,Old Cairo,Downtown,1st,Semi,completed,2710809.14
143.6,3.0,3,0,1,1,1,Giza,West Giza,6th of October,3rd,Semi,completed,4576938.59
94.8,3.0,2,0,1,1,1,Giza,New Giza,New Giza,2nd,Semi,completed,5773693.12
99.2,3.0,3,0,1,1,1,Giza,West Giza,6th of October,2nd,No,completed,3510672.38
116.7,4.0,4,0,0,1,1,Giza,New Giza,New Giza,2nd,No,completed,6977728.2
119.6,4.0,3,0,1,1,1,Mansoura,Central,El Mashaya,2nd,No,under_construction,1508939.81
98.4,4.0,3,0,1,0,1,Cairo,Old Cairo,Downtown,1st,Yes,completed,3653277.67
122.9,2.0,1,0,1,0,1,Cairo,Old Cairo,Maadi,2nd,Semi,completed,4859422.76
101.0,4.0,4,0,1,0,1,Cairo,Old Cairo,Downtown,2nd,No,under_construction,2925276.31
241.2,3.0,2,0,1,1,1,Cairo,New Cairo,Fifth Settlement,3rd,No,under_construction,9543607.68
150.1,3.0,2,0,1,1,1,Cairo,Old Cairo,Maadi,3rd,No,completed,6204861.62
96.5,3.0,3,0,0,1,1,Giza,West Giza,Sheikh Zayed,2nd,No,completed,4688666.83
165.6,3.0,3,0,1,1,1,Alexandria,East,Sidi Gaber,2nd,No,under_construction,3679065.56
102.7,1.0,1,0,1,0,1,Cairo,Old Cairo,Zamalek,1st,No,completed,5951539.88
65.2,3.0,2,0,1,1,1,Cairo,Old Cairo,Zamalek,1st,Semi,completed,4467005.75
99.7,3.0,3,0,1,0,1,Cairo,New Cairo,Nasr City,1st,Semi,completed,2782797.44
96.6,4.0,3,0,1,1,1,Cairo,New Cairo,First Settlement,1st,Yes,completed,5047937.82
74.1,2.0,1,0,1,0,1,Cairo,Old Cairo,Zamalek,1st,No,completed,4988689.89
110.7,5.0,4,0,0,1,0,Alexandria,West,Borg El Arab,2nd,No,completed,2175252.57
203.2,2.0,1,0,0,1,1,Cairo,Old Cairo,Maadi,1st,No,completed,7070684.49
130.2,1.0,1,0,0,0,1,Alexandria,West,Borg El Arab,1st,No,completed,2035865.73
130.3,2.0,1,0,1,1,1,Giza,West Giza,Dokki,2nd,No,under_construction,2913675.38
115.4,5.0,4,0,0,0,1,Mansoura,Central,El Mashaya,1st,Yes,completed,2420191.23
97.2,,2,1,0,1,1,Cairo,Old Cairo,Maadi,2nd,No,under_construction,3025749.2
115.0,3.0,3,0,1,0,1,Tanta,Central,El Geish,2nd,Yes,completed,1842036.56
159.1,2.0,2,0,0,1,1,Giza,West Giza,6th of October,1st,Semi,completed,4963343.28
164.0,2.0,1,0,1,0,1,Cairo,New Cairo,Heliopolis,1st,No,completed,5706778.24
100.0,2.0,2,0,1,1,1,Giza,West Giza,Sheikh Zayed,1st,No,completed,5002089.32
141.5,3.0,2,0,1,0,1,Giza,New Giza,New Giza,1st,No,completed,7256672.61
129.2,2.0,2,0,1,1,1,Giza,West Giza,6th of October,3rd,No,under_construction,3516503.99
142.1,1.0,1,0,0,1,1,Alexandria,East,Sidi Gaber,1st,Semi,completed,3250967.56
151.0,3.0,2,0,1,1,1,Cairo,Old Cairo,Zamalek,2nd,Semi,under_construction,8576284.58
121.6,1.0,1,0,1,1,1,Giza,New Giza,New Giza,1st,Semi,completed,7149087.8
101.7,1.0,1,0,0,1,1,Cairo,Old Cairo,Downtown,2nd,No,under_construction,2961553.41
118.9,5.0,4,0,1,0,1,Giza,West Giza,Sheikh Zayed,3rd,Semi,completed,7315512.85
77.3,2.0,2,0,1,1,1,Alexandria,West,Borg El Arab,1st,No,completed,1460467.18
185.9,3.0,3,0,1,1,1,Cairo,New Cairo,Fifth Settlement,1st,No,completed,9984019.27
147.9,2.0,1,0,0,1,1,Mansoura,Central,Toriel,1st,Yes,completed,2513103.97
121.2,4.0,3,0,1,0,1,Cairo,Old Cairo,Maadi,3rd,No,under_construction,4048966.55
227.6,4.0,4,0,1,1,1,Giza,West Giza,Mohandessin,2nd,No,completed,8789920.45
95.8,3.0,2,0,1,1,1,Tanta,Central,El Geish,1st,Yes,completed,1652516.68
82.4,3.0,2,0,1,1,1,Giza,West Giza,Mohandessin,2nd,Yes,under_construction,2517396.92
99.0,3.0,2,0,0,1,1,Cairo,New Cairo,First Settlement,3rd,No,off_plan,3354232.15
109.8,,4,1,1,1,1,Giza,New Giza,New Giza,1st,No,completed,7119217.71
108.6,2.0,1,0,1,1,1,Giza,New Giza,New Giza,2nd,Semi,completed,5793651.48
59.7,4.0,3,0,1,0,1,Cairo,New Cairo,Madinaty,3rd,Yes,under_construction,2601340.09
123.6,3.0,3,0,0,0,1,Giza,West Giza,Mohandessin,2nd,No,completed,4062937.43
113.6,1.0,1,0,1,1,1,Alexandria,East,Sidi Bishr,2nd,Semi,completed,3092915.17
112.2,5.0,4,0,1,1,1,Tanta,Central,Saeed,1st,Yes,off_plan,1318182.52
105.2,3.0,2,0,1,1,1,Giza,New Giza,New Giza,1st,No,under_construction,5121482.65
120.4,4.0,4,0,0,0,1,Cairo,Old Cairo,Downtown,1st,Yes,off_plan,3569668.49
157.8,1.0,1,0,1,1,1,Alexandria,East,Sidi Gaber,1st,Semi,completed,3788804.06
93.5,3.0,3,0,0,1,1,Cairo,Old Cairo,Maadi,2nd,Semi,completed,3499338.58
133.0,5.0,5,0,1,1,1,Alexandria,West,Agami,2nd,No,completed,3051078.33
128.8,2.0,2,0,1,1,1,Cairo,Old Cairo,Maadi,3rd,No,completed,5220755.03
126.1,3.0,3,0,1,1,1,Giza,New Giza,New Giza,2nd,No,completed,6649375.65
117.0,4.0,3,0,0,1,1,Cairo,New Cairo,Fifth Settlement,2nd,Semi,completed,6373033.43
107.9,2.0,2,0,1,1,1,Giza,New Giza,New Giza,1st,Semi,off_plan,5233226.83
169.6,4.0,3,0,1,1,1,Alexandria,West,Agami,2nd,Semi,under_construction,3349783.56
96.1,3.0,2,0,0,1,1,Giza,West Giza,Sheikh Zayed,2nd,Yes,under_construction,4062717.84
154.0,4.0,4,0,1,0,1,Giza,New Giza,New Giza,1st,No,under_construction,7983690.52
170.6,5.0,4,0,1,1,1,Giza,West Giza,Haram,3rd,No,under_construction,3004348.32
160.2,1.0,1,0,1,1,1,Giza,New Giza,New Giza,2nd,No,completed,8796796.82
149.9,3.0,2,0,1,0,1,Giza,West Giza,Dokki,2nd,Semi,completed,4548102.67
251.8,3.0,2,0,1,1,1,Giza,West Giza,Mohandessin,1st,Yes,under_construction,7438000.56
117.0,3.0,2,0,1,0,1,Cairo,New Cairo,Madinaty,3rd,Yes,completed,6613811.55
186.4,3.0,3,0,1,0,1,Giza,New Giza,New Giza,1st,Semi,under_construction,8425136.02
199.8,2.0,1,0,1,1,1,Cairo,Old Cairo,Zamalek,1st,Yes,completed,14968255.96
109.3,4.0,4,0,1,0,1,Cairo,Old Cairo,Maadi,3rd,No,completed,4027177.51
147.6,1.0,1,0,0,1,1,Cairo,New Cairo,Madinaty,1st,No,completed,6524996.63
77.8,5.0,5,0,1,1,1,Cairo,Old Cairo,Maadi,2nd,No,completed,2833021.74
88.6,3.0,2,0,1,1,1,Cairo,New Cairo,Madinaty,4th,No,off_plan,3040912.83
135.8,3.0,2,0,1,0,1,Alexandria,West,Agami,2nd,Yes,completed,3060642.02
145.8,3.0,2,0,1,1,0,Giza,New Giza,New Giza,1st,No,under_construction,7107920.47
171.6,3.0,2,0,1,0,1,Giza,West Giza,Dokki,2nd,Yes,completed,5719404.68
111.5,2.0,1,0,1,1,1,Alexandria,West,Borg El Arab,2nd,No,completed,1983186.94
116.0,3.0,2,0,1,0,1,Giza,New Giza,New Giza,1st,No,under_construction,5657515.11
213.8,2.0,2,0,1,1,1,Cairo,New Cairo,Heliopolis,1st,Yes,completed,8489325.83
83.8,3.0,2,0,1,0,1,Cairo,New Cairo,Madinaty,2nd,Yes,completed,4201233.86
90.7,,1,1,1,0,1,Giza,West Giza,Sheikh Zayed,2nd,No,completed,4193038.36
104.7,4.0,4,0,1,0,1,Cairo,Old Cairo,Maadi,1st,No,under_construction,3377796.39
218.6,2.0,1,0,1,0,1,Alexandria,West,Borg El Arab,1st,Yes,completed,4004347.42
130.9,3.0,2,0,1,1,1,Cairo,Old Cairo,Zamalek,2nd,Yes,completed,8285273.96
128.9,3.0,3,0,1,1,1,Cairo,Old Cairo,Zamalek,2nd,No,under_construction,7597024.39
120.9,4.0,3,0,1,1,1,Cairo,Old Cairo,Maadi,3rd,No,completed,5238485.97
146.7,1.0,1,0,1,1,1,Giza,New Giza,New Giza,2nd,Yes,completed,9027562.09
120.8,,1,1,1,0,1,Giza,West Giza,Dokki,2nd,No,completed,3758132.82
126.0,5.0,5,0,1,1,0,Cairo,Old Cairo,Downtown,1st,No,under_construction,3886679.13
75.5,2.0,1,0,1,1,1,Cairo,New Cairo,Nasr City,4th,Semi,completed,2368621.54
118.2,2.0,1,0,1,1,1,Giza,West Giza,6th of October,3rd,No,completed,3962903.16
144.0,3.0,2,0,1,1,1,Giza,West Giza,Haram,1st,Yes,under_construction,2550714.78
110.7,,1,1,1,1,1,Cairo,Old Cairo,Maadi,1st,No,completed,3895927.56
102.0,4.0,4,0,1,1,1,Giza,West Giza,Mohandessin,2nd,No,completed,3741012.76
246.8,2.0,1,0,1,1,1,Giza,West Giza,Dokki,2nd,Yes,completed,6121065.27
130.1,2.0,1,0,1,1,1,Cairo,New Cairo,Madinaty,1st,No,completed,5262764.47
61.1,1.0,1,0,1,1,1,Cairo,Old Cairo,Zamalek,1st,Semi,completed,4126582.37
133.6,1.0,1,0,1,0,1,Cairo,New Cairo,Madinaty,1st,Semi,completed,6288478.64
128.6,5.0,4,0,1,1,1,Alexandria,West,Borg El Arab,2nd,No,under_construction,1903306.9
97.2,2.0,2,0,1,1,1,Cairo,Old Cairo,Zamalek,1st,No,under_construction,4756535.03
119.0,3.0,3,0,1,1,1,Cairo,Old Cairo,Zamalek,2nd,No,completed,7515247.86
74.9,3.0,3,0,1,0,1,Alexandria,West,Borg El Arab,1st,No,off_plan,935088.63
194.2,4.0,3,0,1,0,1,Mansoura,Central,Toriel,1st,No,completed,3177483.61
107.3,2.0,1,0,1,1,1,Cairo,Old Cairo,Maadi,2nd,No,under_construction,2819839.52
128.0,4.0,3,0,1,1,1,Tanta,Central,Saeed,1st,No,completed,1774898.49
159.2,3.0,2,0,1,1,1,Cairo,Old Cairo,Downtown,1st,No,completed,5384070.16
401.3,2.0,2,0,1,1,1,Cairo,Old Cairo,Downtown,1st,Yes,completed,12317892.94
116.1,3.0,2,0,1,0,1,Cairo,Old Cairo,Maadi,2nd,Semi,completed,4313651.8
117.6,3.0,2,0,1,0,1,Cairo,Old Cairo,Downtown,2nd,No,completed,3523007.77
76.2,4.0,4,0,1,1,1,Mansoura,Central,El Mashaya,1st,Yes,completed,1429419.71
48.8,2.0,1,0,1,1,1,Tanta,Central,El Geish,1st,Yes,under_construction,650020.69
76.4,2.0,1,0,0,0,1,Cairo,New Cairo,First Settlement,1st,Yes,completed,2954696.61
132.6,5.0,5,0,1,1,1,Mansoura,Central,Toriel,1st,No,completed,2292765.87
106.2,5.0,5,0,1,1,1,Giza,West Giza,6th of October,3rd,Yes,completed,4113588.03
120.1,3.0,2,0,1,1,1,Giza,New Giza,New Giza,1st,Semi,completed,7399381.2
135.4,2.0,1,0,1,0,1,Cairo,Old Cairo,Zamalek,1st,Semi,under_construction,7398920.47
101.7,4.0,3,0,0,1,1,Alexandria,West,Borg El Arab,2nd,Yes,completed,2224843.33
92.2,3.0,3,0,1,1,1,Cairo,Old Cairo,Maadi,3rd,No,completed,3390225.13
154.1,4.0,4,0,1,1,1,Giza,New Giza,New Giza,1st,No,completed,8132073.34
177.7,2.0,1,0,1,0,1,Cairo,Old Cairo,Downtown,2nd,No,completed,5982483.01
181.3,5.0,4,0,1,0,1,Cairo,New Cairo,Heliopolis,2nd,No,completed,6247749.82
150.6,3.0,3,0,1,1,1,Alexandria,East,Sidi Gaber,2nd,Semi,completed,3802529.17
157.1,2.0,2,0,1,1,1,Cairo,Old Cairo,Zamalek,1st,No,completed,10081488.6
83.0,2.0,2,0,1,0,1,Giza,West Giza,Sheikh Zayed,1st,No,under_construction,2911790.04
189.5,2.0,2,0,1,1,1,Cairo,Old Cairo,Zamalek,2nd,Yes,completed,13670378.05
98.0,2.0,1,0,0,1,1,Cairo,Old Cairo,Zamalek,1st,No,completed,6101260.73
98.6,2.0,2,0,1,0,1,Cairo,Old Cairo,Zamalek,1st,Yes,completed,5922664.39
202.8,3.0,3,0,1,0,0,Cairo,Old Cairo,Maadi,3rd,No,completed,7826625.79
111.6,2.0,2,0,1,1,1,Giza,New Giza,New Giza,2nd,No,under_construction,4926521.49
192.3,1.0,1,0,1,0,1,Cairo,Old Cairo,Zamalek,1st,Yes,under_construction,10338230.59
81.1,4.0,3,0,1,0,1,Cairo,Old Cairo,Zamalek,1st,Yes,completed,5787368.18
95.9,2.0,1,0,1,1,1,Giza,New Giza,New Giza,2nd,No,off_plan,4410731.18
174.0,2.0,1,0,1,0,1,Cairo,New Cairo,Heliopolis,2nd,Yes,under_construction,5525871.44
130.0,3.0,3,0,0,1,1,Cairo,New Cairo,Heliopolis,1st,No,off_plan,3307412.57
122.1,4.0,4,0,1,0,1,Cairo,Old Cairo,Maadi,1st,No,under_construction,3582465.63
153.6,2.0,1,0,1,0,1,Cairo,Old Cairo,Zamalek,2nd,Yes,under_construction,9018576.71
109.0,5.0,4,0,1,0,1,Tanta,Central,Saeed,1st,No,completed,1589470.5
107.6,1.0,1,0,1,1,1,Alexandria,East,Sidi Bishr,1st,No,completed,2581400.01
97.8,5.0,5,0,1,1,1,Cairo,New Cairo,Fifth Settlement,3rd,No,completed,5768228.97
192.2,5.0,5,0,1,0,1,Cairo,Old Cairo,Downtown,2nd,No,completed,6879061.94
81.7,4.0,4,0,1,1,1,Alexandria,West,Borg El Arab,1st,No,completed,1354372.25
153.3,4.0,3,0,1,0,1,Giza,New Giza,New Giza,2nd,No,under_construction,7467020.86
145.4,3.0,2,0,1,1,1,Cairo,New Cairo,Fifth Settlement,3rd,No,completed,7498146.96
150.1,3.0,3,0,1,1,1,Tanta,Central,El Geish,1st,Semi,completed,2227420.02
96.5,3.0,2,0,1,1,1,Cairo,New Cairo,Fifth Settlement,2nd,No,completed,5423361.85
205.2,3.0,2,0,1,1,1,Cairo,New Cairo,Heliopolis,2nd,Semi,completed,7704551.39
199.5,2.0,1,0,0,1,1,Alexandria,West,Borg El Arab,2nd,Yes,completed,3724607.39
251.1,2.0,1,0,0,1,1,Cairo,New Cairo,Madinaty,4th,Yes,completed,12486954.27
103.5,3.0,2,0,0,1,0,Giza,West Giza,6th of October,2nd,Semi,completed,3318576.81
197.9,3.0,2,0,1,1,1,Cairo,New Cairo,Rehab,1st,No,off_plan,6338683.66
162.9,5.0,4,0,1,0,1,Giza,West Giza,6th of October,1st,Yes,completed,6432452.42
144.6,3.0,2,0,1,1,0,Cairo,Old Cairo,Downtown,2nd,No,completed,4976601.91
97.9,5.0,4,0,1,1,1,Cairo,New Cairo,First Settlement,2nd,Yes,completed,4771705.8
141.5,2.0,1,0,1,1,1,Alexandria,West,Agami,2nd,No,off_plan,1999998.43
159.8,2.0,1,0,1,1,1,Giza,New Giza,New Giza,1st,No,completed,9219908.54
138.0,2.0,1,0,1,1,1,Cairo,New Cairo,Rehab,2nd,Yes,completed,6659993.73
144.3,2.0,1,0,1,1,1,Cairo,Old Cairo,Maadi,2nd,Yes,under_construction,4691828.71
148.4,2.0,1,0,1,1,1,Cairo,New Cairo,Heliopolis,2nd,No,completed,4864213.54
94.9,2.0,1,0,1,0,1,Giza,West Giza,Sheikh Zayed,3rd,No,under_construction,3965645.2
160.3,4.0,4,0,1,1,1,Giza,New Giza,New Giza,1st,No,completed,9653216.73
139.5,3.0,3,0,1,0,0,Tanta,Central,El Geish,1st,No,completed,2348311.91
160.7,2.0,1,0,0,1,1,Cairo,Old Cairo,Downtown,1st,Yes,under_construction,4576769.25
317.0,4.0,3,0,1,1,1,Cairo,Old Cairo,Maadi,3rd,No,completed,9939506.48
208.9,2.0,2,0,1,1,1,Cairo,Old Cairo,Downtown,1st,No,under_construction,5887780.63
84.8,1.0,1,0,1,0,1,Tanta,Central,El Geish,1st,No,completed,1429363.38
117.3,2.0,1,0,1,1,1,Giza,West Giza,Haram,1st,No,completed,2617093.69
158.5,2.0,1,0,1,1,0,Giza,New Giza,New Giza,1st,Yes,under_construction,6945303.96
84.0,4.0,3,0,1,1,1,Giza,West Giza,Mohandessin,2nd,Yes,off_plan,2490500.16
61.9,3.0,3,0,1,1,0,Tanta,Central,El Geish,1st,Yes,completed,1117201.83
107.2,3.0,3,0,1,0,1,Cairo,New Cairo,First Settlement,1st,Semi,off_plan,3176283.7
119.4,3.0,3,0,1,1,1,Cairo,New Cairo,Rehab,2nd,No,completed,5280512.58
100.9,1.0,1,0,1,1,1,Cairo,Old Cairo,Maadi,2nd,Yes,under_construction,3552477.4
81.0,,2,1,1,1,1,Cairo,Old Cairo,Maadi,3rd,No,completed,2832959.28
133.4,3.0,3,0,1,0,1,Mansoura,Central,Toriel,1st,Semi,completed,2037232.34
76.9,4.0,3,0,1,1,1,Cairo,Old Cairo,Maadi,3rd,Yes,completed,3393137.57
144.5,1.0,1,0,1,1,1,Tanta,Central,Saeed,1st,Semi,under_construction,1516814.63
188.2,5.0,4,0,1,1,1,Cairo,Old Cairo,Downtown,1st,Yes,completed,6116233.7
201.7,1.0,1,0,0,0,1,Giza,New Giza,New Giza,1st,No,completed,10960634.33
99.1,4.0,4,0,1,0,1,Cairo,New Cairo,Rehab,2nd,Yes,off_plan,3689312.19
126.4,3.0,3,0,0,0,1,Cairo,New Cairo,Nasr City,3rd,Yes,completed,3734233.4
189.5,4.0,3,0,1,1,1,Tanta,Central,Saeed,1st,Yes,completed,2546830.58
185.2,4.0,4,0,1,0,1,Mansoura,Central,Toriel,1st,Yes,completed,3113321.3
132.2,3.0,3,0,1,1,1,Cairo,New Cairo,Madinaty,3rd,Yes,off_plan,4780934.49
178.1,3.0,2,0,1,1,1,Giza,New Giza,New Giza,2nd,Yes,completed,10834312.08
97.6,2.0,1,0,1,1,1,Cairo,Old Cairo,Zamalek,2nd,Yes,completed,7298371.13
203.9,4.0,3,0,1,0,1,Alexandria,West,Borg El Arab,1st,No,completed,3307948.7
114.0,3.0,3,0,1,1,1,Giza,West Giza,Dokki,2nd,No,under_construction,2539413.95
56.5,4.0,3,0,1,1,1,Cairo,New Cairo,Heliopolis,1st,Yes,completed,2411152.6
204.0,4.0,3,0,1,1,1,Cairo,Old Cairo,Downtown,1st,Semi,off_plan,5246515.8
102.9,1.0,1,0,1,0,1,Cairo,New Cairo,Fifth Settlement,2nd,No,completed,5736965.23
113.0,3.0,2,0,1,1,1,Giza,New Giza,New Giza,2nd,Yes,completed,6802571.63
164.3,3.0,2,0,1,1,1,Giza,New Giza,New Giza,1st,No,completed,9713643.83
127.5,3.0,2,0,1,1,1,Mansoura,Central,El Mashaya,2nd,Yes,under_construction,1862594.17
224.7,2.0,1,0,1,1,1,Tanta,Central,El Geish,1st,No,completed,3275598.11
95.4,1.0,1,0,1,0,1,Giza,New Giza,New Giza,2nd,No,completed,5749356.15
209.0,3.0,2,0,1,1,1,Giza,West Giza,Dokki,2nd,Yes,under_construction,5615983.3
68.9,4.0,3,0,1,0,1,Cairo,New Cairo,Rehab,2nd,Yes,completed,4108936.27
134.8,5.0,5,0,0,0,1,Cairo,New Cairo,Fifth Settlement,1st,Yes,under_construction,6256942.57
269.7,4.0,4,0,1,1,1,Alexandria,West,Agami,1st,Semi,completed,5047197.35
108.7,3.0,3,0,1,1,0,Cairo,Old Cairo,Zamalek,1st,No,completed,6549400.51
204.5,3.0,2,0,1,0,1,Cairo,New Cairo,Madinaty,3rd,Semi,completed,9998069.66
206.3,3.0,3,0,1,1,1,Cairo,New Cairo,Madinaty,4th,No,completed,10396308.64
97.2,3.0,3,0,1,1,1,Cairo,New Cairo,Rehab,1st,No,completed,4263530.82
96.5,3.0,2,0,1,1,1,Giza,West Giza,6th of October,2nd,No,under_construction,2635466.62
294.2,3.0,3,0,0,1,1,Cairo,New Cairo,First Settlement,1st,No,completed,12377033.99
119.6,3.0,3,0,1,1,1,Giza,New Giza,New Giza,1st,Semi,off_plan,5378806.96
164.6,2.0,1,0,1,1,1,Giza,New Giza,New Giza,1st,No,completed,8521913.21
164.6,4.0,3,0,1,0,1,Giza,West Giza,Sheikh Zayed,1st,Semi,completed,8368073.22
90.6,2.0,1,0,1,1,1,Cairo,Old Cairo,Downtown,2nd,No,under_construction,2409274.19
152.4,2.0,1,0,1,1,1,Giza,West Giza,Haram,3rd,Yes,under_construction,3178190.64
195.9,5.0,4,0,1,1,1,Alexandria,West,Agami,1st,No,completed,4697630.71
80.9,4.0,3,0,0,1,1,Giza,West Giza,Haram,3rd,Semi,under_construction,1630792.45
142.9,3.0,3,0,1,1,1,Giza,New Giza,New Giza,2nd,No,under_construction,7415199.5
54.7,4.0,3,0,1,1,1,Alexandria,West,Agami,2nd,No,under_construction,1086377.3
94.3,3.0,2,0,1,1,1,Cairo,New Cairo,First Settlement,3rd,No,under_construction,3307302.37
181.0,1.0,1,0,1,0,1,Cairo,Old Cairo,Zamalek,2nd,Yes,completed,10752942.9
146.9,4.0,3,0,1,0,1,Cairo,New Cairo,Rehab,2nd,Yes,completed,7861360.1
63.1,4.0,3,0,1,0,1,Cairo,New Cairo,Nasr City,2nd,No,completed,2089475.58
60.5,3.0,2,0,1,0,1,Cairo,Old Cairo,Maadi,2nd,Yes,off_plan,1823471.75
104.6,3.0,3,0,1,0,1,Alexandria,West,Agami,1st,Yes,under_construction,2131949.88
106.7,4.0,4,0,1,1,1,Cairo,New Cairo,Rehab,2nd,No,completed,4903957.39
164.0,3.0,2,0,1,0,1,Giza,New Giza,New Giza,2nd,No,completed,10450472.39
119.8,3.0,3,0,1,1,1,Cairo,Old Cairo,Zamalek,2nd,Semi,under_construction,6440772.81
96.9,2.0,2,0,1,1,1,Tanta,Central,El Geish,1st,Yes,under_construction,1452252.17
118.7,2.0,1,0,1,1,1,Cairo,New Cairo,Fifth Settlement,1st,Yes,off_plan,5259099.97
93.1,3.0,3,0,1,0,1,Giza,New Giza,New Giza,2nd,No,completed,5400133.83
98.8,2.0,1,0,0,0,1,Mansoura,Central,Toriel,1st,No,under_construction,1348163.86
97.6,4.0,3,0,1,1,1,Giza,West Giza,Haram,3rd,Yes,completed,2205120.93
88.8,3.0,2,0,1,0,1,Cairo,New Cairo,Heliopolis,1st,No,completed,3502886.93
107.0,3.0,3,0,0,0,1,Giza,West Giza,Mohandessin,2nd,No,completed,3488062.72
159.7,2.0,2,0,1,0,1,Giza,West Giza,Haram,2nd,No,under_construction,2280610.26
240.6,2.0,2,0,1,1,1,Cairo,Old Cairo,Maadi,3rd,Yes,completed,9361905.65
178.9,,5,1,1,0,1,Cairo,New Cairo,Rehab,1st,No,completed,6648356.14
92.5,3.0,2,0,1,1,1,Alexandria,West,Borg El Arab,1st,No,under_construction,1377321.59
102.9,2.0,1,0,1,0,1,Giza,New Giza,New Giza,1st,Yes,completed,6771118.34
81.0,3.0,3,0,1,1,1,Mansoura,Central,Toriel,1st,No,completed,1262452.58
151.4,4.0,4,0,1,1,1,Cairo,Old Cairo,Zamalek,1st,Semi,completed,10011641.91
162.4,,1,1,1,0,1,Cairo,Old Cairo,Maadi,2nd,No,completed,5769366.66
93.7,3.0,2,0,1,1,1,Cairo,New Cairo,First Settlement,2nd,No,completed,3520872.29
153.9,2.0,1,0,1,0,1,Cairo,Old Cairo,Maadi,2nd,No,completed,5093730.48
169.3,3.0,3,0,1,1,0,Alexandria,East,Sidi Gaber,2nd,Yes,under_construction,3960650.41
111.7,3.0,2,0,1,0,1,Mansoura,Central,Toriel,1st,Yes,completed,1781802.16
76.7,3.0,2,0,1,0,1,Cairo,Old Cairo,Maadi,2nd,No,completed,3245530.55
103.5,2.0,1,0,1,1,1,Cairo,Old Cairo,Downtown,1st,No,completed,3012605.95
82.2,3.0,2,0,1,1,1,Giza,New Giza,New Giza,2nd,No,completed,5335894.08
72.8,4.0,3,0,1,0,1,Cairo,Old Cairo,Maadi,2nd,No,completed,2800984.14
128.1,,1,1,1,0,1,Giza,New Giza,New Giza,2nd,No,completed,6738004.1
85.3,1.0,1,0,1,0,0,Alexandria,East,Sidi Bishr,1st,No,off_plan,1563717.03
101.9,2.0,1,0,1,1,1,Cairo,New Cairo,Nasr City,2nd,Semi,completed,2931023.07
114.1,3.0,2,0,1,0,1,Cairo,New Cairo,Fifth Settlement,3rd,No,under_construction,5241054.2
129.9,2.0,2,0,1,1,1,Cairo,New Cairo,Madinaty,2nd,Semi,under_construction,4624670.48
82.5,3.0,2,0,1,1,1,Tanta,Central,El Geish,1st,No,completed,1216730.41
107.5,2.0,2,0,1,1,1,Giza,New Giza,New Giza,2nd,Yes,under_construction,6421146.59
115.6,4.0,4,0,1,0,1,Giza,West Giza,Haram,1st,Semi,completed,2307493.3
291.3,3.0,2,0,1,0,1,Giza,West Giza,Haram,1st,Yes,under_construction,5181895.7
98.1,5.0,4,0,1,0,0,Cairo,Old Cairo,Downtown,2nd,No,completed,3853409.57
147.8,3.0,2,0,1,0,1,Giza,West Giza,Mohandessin,1st,Semi,completed,4711644.04
126.2,3.0,2,0,1,1,1,Cairo,New Cairo,Madinaty,4th,Semi,completed,6417997.65
78.8,4.0,3,0,1,1,1,Giza,West Giza,6th of October,2nd,Yes,completed,2899974.03
145.7,2.0,1,0,0,1,1,Cairo,New Cairo,Rehab,2nd,Yes,completed,6825727.11
73.6,2.0,1,0,1,1,1,Giza,New Giza,New Giza,2nd,No,completed,4507661.77
170.0,3.0,2,0,1,1,1,Alexandria,East,Smouha,2nd,No,completed,5069093.74
111.0,3.0,3,0,1,1,1,Cairo,Old Cairo,Zamalek,1st,Semi,completed,7177204.52
104.2,3.0,2,0,0,1,1,Giza,West Giza,6th of October,3rd,No,completed,3198463.12
83.1,3.0,3,0,1,1,1,Giza,West Giza,Dokki,1st,No,completed,2460061.38
123.5,3.0,2,0,1,1,1,Giza,New Giza,New Giza,2nd,No,off_plan,5027703.94
62.6,2.0,2,0,1,1,1,Cairo,New Cairo,Nasr City,3rd,No,off_plan,1408129.81
73.3,4.0,4,0,1,1,1,Alexandria,West,Borg El Arab,2nd,Yes,off_plan,1026475.51
176.9,4.0,4,0,1,0,1,Cairo,Old Cairo,Zamalek,1st,Yes,completed,12527104.6
157.8,2.0,1,0,1,0,1,Giza,New Giza,New Giza,2nd,No,completed,9477412.28
169.5,3.0,2,0,1,1,1,Cairo,Old Cairo,Zamalek,2nd,No,under_construction,8986095.2
102.4,,4,1,1,1,1,Alexandria,East,Smouha,1st,Semi,completed,2885950.67
126.1,1.0,1,0,1,1,1,Cairo,New Cairo,Fifth Settlement,3rd,No,completed,5832319.63
130.3,4.0,3,0,1,1,1,Giza,New Giza,New Giza,2nd,No,completed,7932152.2
165.3,1.0,1,0,0,1,1,Cairo,New Cairo,First Settlement,1st,Semi,under_construction,5438935.45
105.2,2.0,1,0,1,1,1,Giza,New Giza,New Giza,1st,Semi,completed,6153478.64
91.3,4.0,3,0,1,1,1,Cairo,New Cairo,Rehab,3rd,No,completed,4667537.01
98.3,5.0,4,0,1,1,1,Cairo,New Cairo,Fifth Settlement,1st,No,completed,4655009.1
133.2,1.0,1,0,1,1,1,Cairo,New Cairo,Fifth Settlement,1st,Semi,off_plan,5049184.25
116.1,1.0,1,0,0,0,1,Cairo,Old Cairo,Zamalek,1st,Semi,under_construction,5791536.22
158.2,1.0,1,0,1,0,1,Cairo,Old Cairo,Zamalek,2nd,Yes,completed,10836233.42
201.4,3.0,3,0,1,1,1,Mansoura,Central,Toriel,1st,No,under_construction,2260731.34
122.6,4.0,4,0,1,1,1,Giza,West Giza,Mohandessin,2nd,Yes,under_construction,4223311.71
127.7,3.0,3,0,0,1,1,Cairo,Old Cairo,Zamalek,1st,No,completed,7536090.64
98.4,2.0,1,0,1,1,1,Cairo,Old Cairo,Maadi,2nd,No,completed,3379819.54
119.5,,2,1,0,1,1,Giza,New Giza,New Giza,1st,No,completed,7252536.34
178.9,3.0,2,0,1,1,1,Giza,New Giza,New Giza,1st,Semi,completed,10738054.26
101.3,1.0,1,0,1,1,1,Cairo,Old Cairo,Zamalek,2nd,No,under_construction,4975861.49
92.2,2.0,1,0,0,1,1,Giza,New Giza,New Giza,2nd,No,completed,5541873.47
128.5,2.0,2,0,1,1,1,Cairo,Old Cairo,Maadi,2nd,Yes,off_plan,4188833.44
237.6,2.0,1,0,1,1,1,Alexandria,West,Agami,1st,No,off_plan,3504305.29
91.0,1.0,1,0,1,0,1,Giza,West Giza,Haram,1st,No,under_construction,1532529.26
208.8,3.0,3,0,1,1,1,Giza,New Giza,New Giza,2nd,Yes,completed,13953441.32
141.7,4.0,3,0,1,1,1,Giza,West Giza,Sheikh Zayed,2nd,Yes,completed,6758230.92
98.7,2.0,2,0,1,1,1,Cairo,Old Cairo,Maadi,3rd,No,completed,3794035.14
71.7,1.0,1,0,1,0,1,Giza,West Giza,6th of October,2nd,No,completed,2086496.67
108.3,4.0,4,0,1,1,1,Cairo,New Cairo,Nasr City,1st,No,under_construction,2722069.33
87.3,4.0,3,0,0,1,1,Tanta,Central,El Geish,2nd,Yes,under_construction,1401203.08
67.4,,1,1,1,1,1,Tanta,Central,El Geish,1st,Semi,completed,1167147.63
219.5,2.0,2,0,1,1,1,Cairo,New Cairo,First Settlement,2nd,No,completed,7552988.48
121.7,2.0,2,0,1,0,1,Alexandria,West,Borg El Arab,2nd,No,under_construction,1626302.1
115.6,4.0,4,0,1,0,1,Cairo,Old Cairo,Maadi,1st,No,under_construction,4450053.92
175.0,2.0,1,0,1,1,1,Giza,New Giza,New Giza,2nd,No,under_construction,9014142.87
56.4,2.0,2,0,1,0,0,Cairo,New Cairo,First Settlement,2nd,No,completed,2443145.23
187.6,2.0,1,0,1,0,1,Alexandria,West,Borg El Arab,1st,No,completed,2965069.18
72.0,3.0,3,0,1,1,1,Alexandria,East,Sidi Gaber,2nd,No,completed,1904608.21
104.2,2.0,2,0,0,1,1,Cairo,Old Cairo,Maadi,1st,No,completed,3934997.77
131.8,3.0,2,0,1,0,1,Giza,West Giza,Mohandessin,2nd,No,under_construction,3662843.2
179.3,2.0,1,0,1,0,1,Cairo,Old Cairo,Zamalek,1st,Semi,completed,12232379.47
181.5,5.0,5,0,1,0,1,Cairo,New Cairo,Rehab,2nd,Semi,completed,7508254.66
130.3,2.0,2,0,1,1,1,Giza,New Giza,New Giza,2nd,No,under_construction,5671615.24
98.0,1.0,1,0,1,1,1,Giza,West Giza,Mohandessin,2nd,Semi,under_construction,2945696.19
123.1,2.0,1,0,1,1,1,Giza,West Giza,Haram,3rd,Semi,under_construction,1998401.12
95.7,2.0,1,0,1,1,0,Giza,New Giza,New Giza,1st,No,completed,5821277.71
127.9,4.0,3,0,1,0,1,Cairo,Old Cairo,Maadi,3rd,No,completed,4550273.32
137.8,2.0,1,0,1,1,1,Tanta,Central,El Geish,1st,No,completed,2209272.56
129.2,2.0,2,0,1,0,1,Tanta,Central,El Geish,2nd,No,completed,2050949.57
191.0,,3,1,1,1,1,Cairo,Old Cairo,Zamalek,2nd,Yes,completed,11914039.9
127.3,2.0,2,0,1,0,1,Mansoura,Central,El Mashaya,1st,Semi,completed,2576984.99
123.2,1.0,1,0,1,1,1,Alexandria,East,Sidi Bishr,1st,No,completed,2577556.84
247.1,3.0,3,0,1,1,1,Cairo,New Cairo,Madinaty,4th,Semi,completed,11516976.68
127.6,1.0,1,0,1,1,1,Giza,West Giza,Dokki,1st,Semi,completed,3801914.88
47.6,4.0,4,0,1,0,1,Giza,New Giza,New Giza,1st,No,completed,2628175.61
108.8,2.0,2,0,0,1,1,Alexandria,West,Agami,2nd,Semi,under_construction,1755928.67
80.6,,1,1,1,1,1,Cairo,New Cairo,Heliopolis,2nd,Yes,under_construction,2426659.58
79.1,2.0,1,0,1,1,1,Mansoura,Central,El Mashaya,2nd,Yes,off_plan,1068373.59
238.3,2.0,2,0,1,0,1,Alexandria,West,Borg El Arab,2nd,Semi,completed,4295014.08
71.7,5.0,5,0,1,1,1,Giza,West Giza,6th of October,2nd,No,completed,2583328.65
105.8,4.0,4,0,1,1,1,Cairo,New Cairo,Rehab,2nd,Semi,completed,4898001.92
93.6,3.0,2,0,1,0,1,Cairo,Old Cairo,Zamalek,2nd,Semi,completed,6999308.43
104.0,4.0,4,0,1,1,1,Cairo,Old Cairo,Zamalek,2nd,Yes,under_construction,5999171.98
85.1,2.0,1,0,1,1,1,Cairo,Old Cairo,Downtown,1st,Yes,completed,3044153.59
146.6,3.0,3,0,0,1,1,Cairo,New Cairo,Heliopolis,2nd,Yes,under_construction,3698827.93
133.0,1.0,1,0,1,1,1,Cairo,Old Cairo,Downtown,2nd,Semi,completed,3968911.93
86.0,2.0,1,0,0,1,1,Cairo,Old Cairo,Maadi,3rd,No,completed,3241480.21
108.2,2.0,2,0,0,0,1,Alexandria,East,Sidi Bishr,1st,Yes,completed,2803994.53
87.6,2.0,1,0,1,0,1,Cairo,Old Cairo,Zamalek,1st,Semi,completed,6159510.98
126.0,3.0,3,0,1,0,1,Cairo,Old Cairo,Downtown,2nd,No,off_plan,3232086.08
139.6,3.0,2,0,1,1,1,Tanta,Central,Saeed,1st,Semi,under_construction,1671953.37
57.8,3.0,2,0,1,1,1,Cairo,New Cairo,Rehab,2nd,No,completed,2617720.35
163.0,4.0,4,0,1,1,1,Cairo,Old Cairo,Zamalek,2nd,No,completed,10233375.2
104.3,3.0,2,0,0,0,1,Cairo,Old Cairo,Downtown,2nd,Semi,completed,3867343.87
95.3,3.0,2,0,1,1,1,Cairo,Old Cairo,Maadi,3rd,Yes,under_construction,2940619.04
242.9,3.0,2,0,1,1,1,Alexandria,East,Sidi Gaber,2nd,No,completed,6463816.14
60.1,4.0,3,0,1,0,1,Mansoura,Central,Toriel,1st,No,completed,1004384.09
198.0,2.0,1,0,1,1,1,Giza,West Giza,Mohandessin,1st,No,completed,5943113.94
94.4,2.0,2,0,1,1,1,Cairo,New Cairo,Heliopolis,1st,No,completed,3454275.44
118.7,3.0,3,0,1,0,1,Cairo,New Cairo,First Settlement,2nd,No,completed,4346447.88
127.8,2.0,1,0,1,1,1,Giza,New Giza,New Giza,1st,Semi,completed,7478416.29
117.0,1.0,1,0,1,1,1,Cairo,New Cairo,Fifth Settlement,2nd,Yes,under_construction,5770083.55
95.0,2.0,2,0,0,0,1,Giza,New Giza,New Giza,1st,Yes,under_construction,4716122.47
137.8,3.0,2,0,1,1,1,Giza,West Giza,Haram,1st,Yes,completed,3043800.3
97.5,2.0,2,0,1,1,0,Giza,New Giza,New Giza,2nd,Yes,completed,5505478.61
184.7,2.0,2,0,1,1,1,Cairo,New Cairo,Rehab,1st,No,completed,7572764.56
120.0,3.0,3,0,1,0,1,Cairo,Old Cairo,Zamalek,1st,No,completed,7636253.58
145.4,3.0,2,0,1,1,1,Cairo,New Cairo,First Settlement,3rd,No,completed,5583650.34
170.7,4.0,4,0,0,1,1,Alexandria,East,Sidi Bishr,1st,No,completed,3561335.24
103.8,2.0,1,0,1,1,1,Giza,West Giza,Mohandessin,2nd,No,completed,3888579.94
135.3,2.0,2,0,0,0,1,Giza,West Giza,Dokki,1st,Yes,completed,3971598.86
249.0,2.0,1,0,1,1,1,Giza,West Giza,Dokki,2nd,Semi,completed,6658179.17
102.2,3.0,2,0,1,0,1,Giza,West Giza,Dokki,2nd,Yes,completed,3476072.24
94.0,2.0,2,0,1,1,1,Alexandria,West,Agami,2nd,Semi,completed,1961344.83
101.2,3.0,3,0,1,1,1,Alexandria,West,Agami,2nd,No,completed,2029631.63
82.3,2.0,2,0,0,1,1,Alexandria,West,Agami,1st,Semi,under_construction,1381379.1
204.0,2.0,1,0,1,1,1,Cairo,Old Cairo,Maadi,3rd,Yes,completed,7765958.04
133.9,3.0,3,0,0,1,1,Giza,New Giza,New Giza,2nd,No,under_construction,6742133.32
85.2,3.0,3,0,1,0,1,Giza,West Giza,6th of October,2nd,No,completed,3111251.2
108.6,3.0,2,0,1,0,1,Giza,New Giza,New Giza,2nd,Yes,completed,7138243.83
99.3,2.0,1,0,1,0,1,Alexandria,East,Smouha,3rd,Yes,under_construction,2324130.19
100.4,4.0,3,0,0,0,1,Giza,New Giza,New Giza,2nd,No,completed,5647943.33
127.8,3.0,3,0,1,1,1,Mansoura,Central,Toriel,1st,Yes,completed,1852674.25
233.9,3.0,2,0,1,1,1,Alexandria,West,Agami,1st,Semi,completed,4276036.9
107.4,2.0,1,0,0,0,1,Cairo,New Cairo,Heliopolis,2nd,Semi,under_construction,2974816.25
77.1,3.0,2,0,1,1,1,Cairo,Old Cairo,Zamalek,1st,No,completed,5037626.82
198.0,2.0,2,0,1,1,1,Cairo,Old Cairo,Zamalek,1st,Yes,completed,14713490.96
101.0,2.0,2,0,1,0,1,Cairo,Old Cairo,Zamalek,1st,No,under_construction,5808196.64
90.4,2.0,1,0,1,1,1,Giza,New Giza,New Giza,2nd,No,completed,4938939.55
170.3,5.0,4,0,0,1,1,Tanta,Central,Saeed,1st,Yes,under_construction,1997069.64
134.2,4.0,4,0,1,1,1,Giza,New Giza,New Giza,2nd,No,completed,7001946.5
184.4,1.0,1,0,1,0,1,Cairo,Old Cairo,Maadi,2nd,No,under_construction,5586611.42
135.8,2.0,2,0,1,1,1,Mansoura,Central,Toriel,1st,No,off_plan,1397997.16
108.9,3.0,2,0,1,0,1,Giza,New Giza,New Giza,2nd,Semi,completed,7099825.02
161.1,,3,1,0,1,1,Giza,New Giza,New Giza,2nd,No,off_plan,5669540.63
143.9,5.0,5,0,1,1,1,Cairo,New Cairo,Madinaty,4th,No,completed,7129317.36
130.0,4.0,4,0,1,1,1,Cairo,New Cairo,Heliopolis,2nd,Semi,completed,4295217.92
93.8,1.0,1,0,1,1,1,Cairo,New Cairo,Heliopolis,2nd,Semi,completed,3757500.8
97.7,5.0,4,0,0,0,1,Alexandria,East,Smouha,2nd,Semi,completed,3239869.18
110.6,3.0,2,0,1,0,1,Alexandria,East,Sidi Gaber,2nd,Yes,completed,3071705.21
79.0,3.0,2,0,1,1,1,Giza,West Giza,Mohandessin,2nd,No,completed,2794098.94
90.7,2.0,1,0,1,0,1,Cairo,New Cairo,Fifth Settlement,1st,No,off_plan,3526847.94
125.5,2.0,1,0,1,1,1,Cairo,Old Cairo,Downtown,1st,No,completed,3938064.49
153.3,3.0,2,0,1,1,1,Mansoura,Central,Toriel,1st,Yes,under_construction,2035792.5
103.4,4.0,3,0,1,1,1,Alexandria,West,Borg El Arab,1st,Yes,under_construction,1701442.3
66.3,2.0,1,0,0,1,1,Alexandria,West,Agami,2nd,No,completed,1239062.12
92.5,4.0,3,0,1,1,1,Cairo,Old Cairo,Maadi,2nd,No,under_construction,3514560.71
165.6,2.0,2,0,0,0,1,Cairo,New Cairo,First Settlement,3rd,No,completed,6490979.35
57.2,2.0,1,0,1,0,1,Giza,West Giza,6th of October,2nd,No,under_construction,1442598.33
40.0,,3,1,1,0,1,Cairo,Old Cairo,Maadi,3rd,No,off_plan,1089409.0
139.9,1.0,1,0,1,1,1,Giza,New Giza,New Giza,2nd,Semi,under_construction,6747387.92
99.9,2.0,1,0,1,1,1,Giza,New Giza,New Giza,1st,Yes,completed,6619279.62
123.3,5.0,4,0,1,0,1,Tanta,Central,El Geish,1st,Yes,off_plan,1555351.62
109.2,1.0,1,0,0,0,1,Giza,West Giza,Haram,2nd,Yes,under_construction,2166002.63
57.6,2.0,2,0,1,1,1,Giza,West Giza,Dokki,1st,No,completed,1755356.24
133.3,3.0,2,0,1,1,1,Cairo,Old Cairo,Zamalek,1st,Semi,completed,8696624.99
174.0,2.0,1,0,1,1,1,Cairo,Old Cairo,Maadi,1st,No,off_plan,5155319.45
143.3,5.0,4,0,1,1,0,Cairo,Old Cairo,Maadi,3rd,No,completed,5284965.66
140.3,3.0,3,0,1,1,1,Cairo,New Cairo,First Settlement,2nd,No,under_construction,4977982.02
118.7,2.0,2,0,1,1,0,Giza,New Giza,New Giza,2nd,No,completed,7690272.5
170.5,4.0,3,0,1,1,1,Tanta,Central,El Geish,2nd,No,completed,2967438.92
153.3,,3,1,1,1,1,Alexandria,East,Sidi Gaber,1st,No,off_plan,3148183.39
100.4,4.0,3,0,1,1,1,Giza,West Giza,6th of October,3rd,Yes,completed,4003734.71
82.1,3.0,3,0,1,1,1,Alexandria,East,Smouha,2nd,No,completed,1889704.92
235.6,2.0,1,0,1,0,0,Giza,New Giza,New Giza,1st,Semi,completed,14094407.83
128.5,2.0,1,0,1,1,1,Alexandria,East,Sidi Bishr,2nd,No,completed,2921723.02
94.4,2.0,2,0,0,0,1,Giza,New Giza,New Giza,1st,No,completed,5773292.03
146.8,,1,1,0,1,1,Mansoura,Central,El Mashaya,1st,Yes,under_construction,2179261.11
68.9,3.0,3,0,1,1,1,Cairo,New Cairo,Fifth Settlement,3rd,Yes,completed,3947155.06
75.8,3.0,3,0,1,1,1,Tanta,Central,El Geish,1st,No,completed,1155242.23
115.1,4.0,4,0,1,0,1,Cairo,Old Cairo,Zamalek,2nd,No,under_construction,6138454.37
188.4,,3,1,1,1,1,Alexandria,East,Smouha,3rd,No,under_construction,4707901.32
87.0,4.0,3,0,0,0,1,Cairo,Old Cairo,Zamalek,1st,No,completed,5309137.41
100.3,2.0,1,0,0,1,0,Mansoura,Central,Toriel,1st,No,completed,1590872.5
133.5,2.0,2,0,1,1,1,Mansoura,Central,Toriel,1st,Semi,under_construction,1733610.93
319.8,4.0,3,0,0,1,1,Giza,New Giza,New Giza,1st,No,completed,18130024.94
96.0,2.0,2,0,1,0,1,Giza,West Giza,Sheikh Zayed,2nd,Semi,completed,4503295.41
62.6,3.0,3,0,1,1,1,Cairo,New Cairo,Heliopolis,2nd,No,completed,2354102.49
129.0,4.0,4,0,1,1,1,Giza,New Giza,New Giza,1st,Semi,completed,8727213.47
96.0,2.0,2,0,1,0,1,Cairo,New Cairo,Fifth Settlement,3rd,Semi,under_construction,4659986.97
84.8,4.0,3,0,1,1,1,Cairo,New Cairo,Madinaty,1st,Semi,completed,4850115.87
127.0,5.0,5,0,1,1,1,Giza,New Giza,New Giza,2nd,No,under_construction,6528479.63
134.0,3.0,2,0,1,1,1,Cairo,New Cairo,Heliopolis,1st,Yes,completed,5000638.55
199.3,2.0,2,0,1,1,1,Giza,West Giza,Mohandessin,1st,Yes,completed,7708434.36
133.7,1.0,1,0,1,1,1,Giza,West Giza,6th of October,1st,Semi,off_plan,2784995.55
119.2,2.0,2,0,1,1,1,Alexandria,East,Smouha,1st,No,completed,2969162.84
102.7,2.0,1,0,1,0,1,Tanta,Central,Saeed,1st,Semi,completed,1315571.17
116.5,4.0,3,0,1,0,1,Cairo,Old Cairo,Zamalek,1st,Yes,completed,7236435.79
182.5,4.0,4,0,1,1,1,Giza,New Giza,New Giza,2nd,Yes,off_plan,9108536.93
132.6,3.0,3,0,1,1,1,Cairo,Old Cairo,Downtown,1st,Yes,off_plan,4115595.05
143.4,3.0,2,0,1,1,1,Alexandria,West,Agami,1st,Yes,completed,2774967.47
162.0,3.0,2,0,1,1,1,Cairo,Old Cairo,Maadi,1st,Yes,completed,6528821.35
291.6,3.0,2,0,1,1,1,Giza,West Giza,6th of October,3rd,Semi,completed,9885917.19
286.9,4.0,3,0,1,1,1,Cairo,New Cairo,First Settlement,3rd,No,completed,10168360.21
107.4,2.0,1,0,1,1,1,Giza,New Giza,New Giza,1st,No,completed,7197085.88
142.7,3.0,2,0,1,0,1,Giza,New Giza,New Giza,2nd,No,completed,9420018.95
70.4,2.0,1,0,1,1,1,Giza,New Giza,New Giza,2nd,No,under_construction,3334873.74
129.8,4.0,3,0,1,0,0,Giza,West Giza,Sheikh Zayed,2nd,Semi,under_construction,5126762.1
225.4,2.0,1,0,1,1,1,Giza,New Giza,New Giza,1st,No,completed,12988872.74
174.0,1.0,1,0,1,0,1,Cairo,New Cairo,Nasr City,2nd,No,under_construction,4299470.74
173.7,5.0,4,0,1,0,1,Giza,New Giza,New Giza,1st,No,completed,9769408.24
240.0,4.0,3,0,1,1,1,Giza,New Giza,New Giza,2nd,No,completed,14222953.77
173.2,2.0,1,0,1,1,1,Giza,New Giza,New Giza,1st,No,completed,9321757.92
120.3,4.0,3,0,1,0,1,Alexandria,West,Borg El Arab,2nd,Semi,completed,2354389.68
139.7,,1,1,1,1,1,Giza,New Giza,New Giza,1st,Yes,completed,8707554.72
151.7,3.0,2,0,1,1,1,Cairo,New Cairo,Heliopolis,1st,No,off_plan,3649565.37
159.0,3.0,3,0,1,0,0,Giza,New Giza,New Giza,2nd,No,completed,8628801.46
129.0,,3,1,1,1,0,Cairo,Old Cairo,Downtown,1st,Yes,completed,4793348.02
76.8,2.0,1,0,1,1,1,Cairo,New Cairo,Heliopolis,1st,No,completed,2681114.28
82.5,2.0,2,0,1,0,1,Mansoura,Central,Toriel,1st,No,under_construction,997133.95
72.9,2.0,2,0,1,1,1,Giza,West Giza,6th of October,1st,Semi,completed,2254445.1
83.4,4.0,4,0,1,1,1,Mansoura,Central,El Mashaya,1st,Semi,completed,1450671.76
146.7,3.0,3,0,1,1,1,Cairo,New Cairo,First Settlement,1st,No,off_plan,4408217.59
204.5,2.0,2,0,1,1,1,Cairo,New Cairo,Heliopolis,1st,Yes,completed,8115183.55
111.9,3.0,3,0,1,1,1,Giza,New Giza,New Giza,2nd,Semi,completed,7154916.13
189.3,3.0,2,0,1,1,1,Giza,New Giza,New Giza,1st,No,under_construction,8490687.41
130.4,2.0,1,0,1,1,1,Cairo,New Cairo,First Settlement,2nd,No,completed,5748014.7
121.1,3.0,2,0,0,0,1,Cairo,New Cairo,Fifth Settlement,3rd,Yes,completed,7496931.29
112.2,3.0,2,0,1,1,1,Tanta,Central,El Geish,1st,No,completed,1669521.17
94.0,3.0,2,0,1,1,1,Tanta,Central,El Geish,2nd,Yes,completed,1631250.18
77.1,4.0,4,0,1,1,1,Giza,West Giza,Mohandessin,1st,No,under_construction,1821525.09
122.2,2.0,2,0,1,1,1,Cairo,Old Cairo,Downtown,2nd,No,completed,3326335.45
75.3,3.0,3,0,1,1,1,Alexandria,East,Sidi Gaber,2nd,Yes,off_plan,1375085.9
159.4,3.0,2,0,1,1,1,Giza,West Giza,Dokki,2nd,No,under_construction,3070529.61
106.3,4.0,3,0,1,1,1,Cairo,Old Cairo,Zamalek,2nd,Yes,completed,7562516.99
131.7,2.0,1,0,0,1,1,Cairo,Old Cairo,Downtown,2nd,Yes,completed,4745506.36
192.5,5.0,4,0,0,1,1,Giza,West Giza,Dokki,2nd,No,under_construction,4658821.31
142.4,1.0,1,0,1,1,1,Cairo,New Cairo,Madinaty,3rd,No,completed,5496797.26
151.1,2.0,1,0,1,1,1,Alexandria,East,Sidi Bishr,1st,No,completed,3334765.84
81.3,3.0,2,0,0,1,1,Giza,New Giza,New Giza,2nd,Semi,under_construction,3667309.01
153.3,3.0,3,0,1,0,1,Alexandria,East,Smouha,3rd,Yes,under_construction,3630904.65
210.0,1.0,1,0,0,1,1,Mansoura,Central,Toriel,1st,No,off_plan,2214768.59
216.4,3.0,3,0,1,1,1,Cairo,Old Cairo,Maadi,1st,No,off_plan,5666233.81
113.9,2.0,1,0,0,0,1,Cairo,Old Cairo,Zamalek,1st,No,completed,7088152.0
144.6,4.0,4,0,1,1,1,Alexandria,West,Borg El Arab,1st,Yes,completed,2536146.71
159.9,1.0,1,0,1,1,1,Cairo,Old Cairo,Downtown,1st,No,completed,4923090.09
44.5,2.0,1,0,1,1,1,Cairo,Old Cairo,Maadi,3rd,Yes,completed,2098003.96
111.4,3.0,2,0,0,1,0,Cairo,Old Cairo,Maadi,2nd,No,under_construction,2988926.41
167.9,,1,1,1,1,1,Giza,West Giza,Sheikh Zayed,1st,Yes,off_plan,6371060.99
136.7,3.0,2,0,1,1,1,Giza,West Giza,Haram,1st,Semi,off_plan,2183000.46
65.2,4.0,3,0,1,1,1,Cairo,New Cairo,Rehab,2nd,No,completed,3204456.44
82.3,4.0,4,0,1,0,1,Giza,New Giza,New Giza,2nd,No,completed,4460323.18
144.1,3.0,3,0,1,0,1,Cairo,Old Cairo,Maadi,3rd,Semi,completed,5437290.09
80.1,4.0,3,0,1,1,1,Giza,New Giza,New Giza,2nd,No,completed,4459417.05
130.3,3.0,3,0,1,1,1,Cairo,New Cairo,Rehab,2nd,No,under_construction,5089301.84
108.0,3.0,2,0,1,1,1,Giza,New Giza,New Giza,2nd,No,completed,6439972.95
63.9,2.0,2,0,1,1,1,Giza,New Giza,New Giza,1st,Yes,under_construction,3038446.81
129.8,2.0,1,0,1,1,1,Cairo,Old Cairo,Zamalek,2nd,No,off_plan,6596697.66
88.3,3.0,2,0,1,1,1,Cairo,New Cairo,Heliopolis,2nd,No,completed,3398105.36
159.6,3.0,3,0,1,1,1,Alexandria,West,Borg El Arab,1st,No,under_construction,2162663.65
87.0,4.0,3,0,1,0,1,Cairo,Old Cairo,Maadi,3rd,Semi,completed,3597524.7
294.2,1.0,1,0,0,1,1,Cairo,Old Cairo,Maadi,1st,No,completed,10090721.24
70.9,3.0,2,0,0,1,1,Cairo,Old Cairo,Maadi,3rd,Semi,under_construction,2307173.61
121.3,2.0,2,0,1,1,1,Giza,New Giza,New Giza,1st,Semi,under_construction,5615475.23
65.9,4.0,3,0,0,0,1,Giza,West Giza,Dokki,1st,No,completed,1794382.03
136.0,1.0,1,0,0,1,1,Cairo,New Cairo,Nasr City,1st,No,completed,3700431.21
106.1,1.0,1,0,1,1,1,Cairo,New Cairo,Nasr City,3rd,No,under_construction,2284908.29
120.6,4.0,3,0,0,0,1,Cairo,New Cairo,Nasr City,1st,No,completed,3424637.27
133.0,4.0,3,0,1,0,1,Cairo,Old Cairo,Downtown,2nd,Semi,off_plan,3078352.84
134.4,2.0,1,0,0,1,1,Cairo,New Cairo,Fifth Settlement,1st,Semi,under_construction,6280192.36
127.8,2.0,1,0,1,1,1,Giza,West Giza,6th of October,3rd,Semi,under_construction,3554021.27
119.1,3.0,3,0,1,1,1,Tanta,Central,Saeed,1st,No,completed,1752627.23
105.2,4.0,4,0,1,1,1,Alexandria,West,Borg El Arab,2nd,No,completed,1550712.22
75.2,2.0,2,0,0,1,1,Alexandria,East,Sidi Gaber,2nd,No,under_construction,1522863.63
217.8,1.0,1,0,1,1,1,Cairo,Old Cairo,Zamalek,1st,Semi,under_construction,11036209.91
73.6,,5,1,1,1,1,Cairo,Old Cairo,Zamalek,1st,No,completed,4569262.47
78.3,,1,1,1,1,1,Cairo,New Cairo,Madinaty,2nd,Semi,completed,4098291.21
202.0,2.0,2,0,1,1,1,Cairo,New Cairo,Rehab,3rd,No,under_construction,6868555.93
130.5,4.0,3,0,1,1,1,Cairo,New Cairo,Fifth Settlement,2nd,No,completed,6924701.98
108.1,3.0,3,0,1,0,1,Cairo,Old Cairo,Downtown,2nd,No,completed,3411617.32
90.1,4.0,4,0,1,1,1,Giza,West Giza,6th of October,2nd,No,completed,3206822.77
97.1,3.0,2,0,1,1,1,Giza,West Giza,6th of October,1st,No,completed,3218302.19
144.4,4.0,4,0,1,1,0,Mansoura,Central,El Mashaya,2nd,No,under_construction,2011885.18
212.9,3.0,3,0,1,1,1,Alexandria,East,Sidi Gaber,2nd,Yes,completed,5936772.73
215.9,3.0,3,0,1,1,1,Alexandria,West,Agami,1st,Semi,completed,4866515.14
112.2,2.0,2,0,1,1,1,Cairo,Old Cairo,Maadi,3rd,No,under_construction,3296123.66
93.8,4.0,4,0,0,1,1,Giza,West Giza,Sheikh Zayed,2nd,No,completed,4780241.45
86.7,2.0,1,0,1,1,1,Cairo,New Cairo,Rehab,2nd,No,completed,3786285.93
136.4,1.0,1,0,1,0,1,Giza,West Giza,Dokki,1st,No,under_construction,2911920.48
99.8,5.0,4,0,0,1,1,Cairo,Old Cairo,Zamalek,2nd,No,under_construction,5720434.54
152.2,2.0,2,0,1,0,1,Cairo,Old Cairo,Maadi,3rd,No,under_construction,3568502.67
62.6,3.0,2,0,1,1,0,Cairo,New Cairo,Heliopolis,2nd,No,under_construction,1894695.31
59.1,2.0,1,0,0,1,1,Tanta,Central,El Geish,2nd,No,completed,997846.69
122.5,3.0,2,0,1,1,1,Giza,New Giza,New Giza,2nd,Yes,completed,7899003.33
83.2,3.0,2,0,0,0,1,Cairo,New Cairo,First Settlement,2nd,No,off_plan,2665342.7
174.8,2.0,1,0,1,1,1,Cairo,Old Cairo,Zamalek,2nd,Semi,completed,9885304.0
127.6,5.0,5,0,1,1,0,Giza,New Giza,New Giza,1st,No,completed,7243525.14
115.0,3.0,2,0,1,0,1,Alexandria,West,Borg El Arab,1st,No,completed,2245798.96
221.7,2.0,1,0,0,1,1,Giza,New Giza,New Giza,2nd,Yes,under_construction,10558423.49
125.7,3.0,2,0,1,1,1,Cairo,New Cairo,Fifth Settlement,3rd,No,completed,7128394.74
158.9,4.0,3,0,0,0,1,Cairo,Old Cairo,Maadi,2nd,No,completed,5468177.35
107.8,3.0,3,0,1,1,1,Cairo,Old Cairo,Zamalek,2nd,No,completed,7679643.93
116.0,2.0,2,0,1,0,1,Giza,West Giza,Mohandessin,2nd,No,completed,4348663.64
96.0,3.0,3,0,1,0,1,Cairo,Old Cairo,Downtown,2nd,Yes,completed,3688658.64
178.6,5.0,4,0,1,1,1,Cairo,Old Cairo,Zamalek,2nd,No,completed,11628725.45
75.5,3.0,3,0,1,0,1,Cairo,New Cairo,Rehab,1st,No,off_plan,2602460.56
109.0,3.0,2,0,1,1,0,Giza,New Giza,New Giza,1st,No,under_construction,5874193.32
150.8,1.0,1,0,1,1,1,Giza,New Giza,New Giza,1st,No,under_construction,6686772.26
110.8,2.0,1,0,1,1,1,Tanta,Central,Saeed,1st,No,under_construction,1342491.16
107.8,4.0,3,0,1,1,1,Giza,New Giza,New Giza,2nd,Yes,completed,6328804.81
114.1,,1,1,1,1,1,Alexandria,East,Sidi Bishr,2nd,Semi,under_construction,2186700.99
85.7,4.0,3,0,1,1,1,Cairo,New Cairo,Rehab,3rd,Yes,completed,4524682.44
100.1,3.0,2,0,1,1,1,Cairo,Old Cairo,Zamalek,2nd,No,under_construction,5426470.21
92.1,2.0,2,0,1,0,1,Alexandria,East,Sidi Gaber,2nd,No,completed,2236953.61
150.0,2.0,1,0,1,1,1,Giza,West Giza,6th of October,1st,Semi,completed,5051088.31
91.4,4.0,4,0,0,1,1,Cairo,Old Cairo,Maadi,3rd,No,off_plan,2544738.83
141.2,2.0,1,0,1,0,1,Cairo,Old Cairo,Maadi,3rd,No,completed,5215575.12
122.0,1.0,1,0,1,1,1,Cairo,Old Cairo,Zamalek,2nd,No,under_construction,6145558.85
101.8,1.0,1,0,1,1,1,Alexandria,West,Borg El Arab,1st,No,completed,1687270.91
132.6,1.0,1,0,1,1,1,Cairo,Old Cairo,Maadi,1st,Yes,completed,5694956.29
134.5,3.0,2,0,1,1,1,Cairo,Old Cairo,Maadi,1st,No,completed,5153418.62
87.9,1.0,1,0,1,1,1,Tanta,Central,El Geish,2nd,No,off_plan,894421.33
160.0,2.0,1,0,1,1,1,Alexandria,East,Smouha,3rd,Yes,completed,4396814.68
281.4,5.0,4,0,0,1,0,Cairo,Old Cairo,Zamalek,1st,Yes,completed,20572116.65
128.4,1.0,1,0,1,1,1,Cairo,New Cairo,First Settlement,1st,Yes,completed,5046064.94
158.2,,2,1,1,1,1,Cairo,Old Cairo,Downtown,2nd,No,completed,4490739.43
133.5,2.0,2,0,1,1,1,Cairo,Old Cairo,Maadi,2nd,Semi,completed,5553226.54
91.5,5.0,5,0,1,0,1,Cairo,Old Cairo,Downtown,1st,No,under_construction,2533493.88
136.2,2.0,2,0,1,1,1,Giza,New Giza,New Giza,1st,Yes,under_construction,7154739.1
137.4,4.0,3,0,1,1,1,Mansoura,Central,El Mashaya,2nd,Yes,under_construction,2419083.61
180.8,2.0,2,0,1,1,1,Alexandria,East,Sidi Bishr,2nd,Semi,completed,4007989.48
92.1,2.0,2,0,1,1,1,Mansoura,Central,Toriel,1st,No,completed,1498103.53
59.8,3.0,2,0,1,0,1,Cairo,New Cairo,Rehab,1st,No,completed,2881068.15
99.4,4.0,4,0,0,1,1,Cairo,Old Cairo,Maadi,1st,Yes,completed,4493698.57
178.3,3.0,2,0,1,0,1,Alexandria,East,Smouha,3rd,No,completed,4309354.35
265.4,2.0,2,0,1,0,1,Tanta,Central,El Geish,1st,No,completed,4154728.27
123.5,5.0,5,0,1,1,1,Giza,New Giza,New Giza,1st,Semi,completed,8276091.57
195.3,1.0,1,0,1,1,1,Giza,New Giza,New Giza,2nd,Yes,completed,12380575.28
136.3,2.0,2,0,0,1,1,Giza,New Giza,New Giza,2nd,No,under_construction,6324749.7
97.9,,2,1,1,1,1,Giza,New Giza,New Giza,1st,Yes,completed,6272548.98
121.1,2.0,1,0,1,0,1,Giza,West Giza,Dokki,1st,No,completed,3467518.59
116.2,4.0,4,0,1,1,1,Tanta,Central,El Geish,1st,No,off_plan,1366964.73
83.7,3.0,3,0,1,0,1,Mansoura,Central,Toriel,1st,No,under_construction,1070445.58
60.1,3.0,3,0,0,0,1,Alexandria,West,Borg El Arab,1st,Semi,off_plan,907604.13
76.7,3.0,2,0,0,1,1,Giza,West Giza,Mohandessin,1st,No,completed,2498627.12
116.4,2.0,2,0,1,0,1,Alexandria,West,Agami,2nd,No,completed,2293902.24
111.1,5.0,4,0,0,1,1,Cairo,New Cairo,First Settlement,3rd,No,under_construction,3201935.12
235.3,5.0,4,0,1,1,1,Cairo,Old Cairo,Zamalek,1st,Semi,completed,14554016.57
201.4,2.0,1,0,1,1,1,Giza,New Giza,New Giza,2nd,No,completed,12154167.35
120.7,1.0,1,0,1,1,1,Cairo,Old Cairo,Zamalek,1st,Yes,under_construction,6548721.0
155.5,2.0,1,0,1,1,1,Alexandria,West,Borg El Arab,2nd,Semi,under_construction,2348575.09
137.7,3.0,3,0,1,1,0,Giza,New Giza,New Giza,2nd,Yes,under_construction,8196194.12
239.0,4.0,3,0,1,1,0,Cairo,Old Cairo,Zamalek,1st,Yes,off_plan,11968089.6
92.4,2.0,1,0,0,1,1,Alexandria,West,Borg El Arab,1st,Semi,completed,1768139.9
229.4,5.0,5,0,1,1,1,Giza,New Giza,New Giza,1st,No,completed,12658003.36
82.0,,4,1,1,0,1,Cairo,Old Cairo,Zamalek,2nd,Semi,completed,4751022.38
175.9,1.0,1,0,1,1,1,Cairo,Old Cairo,Maadi,3rd,Yes,under_construction,5263047.84
137.6,5.0,4,0,1,1,1,Alexandria,West,Borg El Arab,2nd,Semi,under_construction,2097231.6
66.0,2.0,2,0,0,1,1,Mansoura,Central,Toriel,1st,No,completed,893607.02
272.3,3.0,3,0,1,1,1,Cairo,Old Cairo,Downtown,1st,Yes,under_construction,6923579.2
146.1,3.0,2,0,0,1,1,Cairo,New Cairo,Nasr City,2nd,No,completed,4062269.96
105.8,,1,1,1,0,0,Cairo,Old Cairo,Downtown,1st,No,under_construction,3051962.46
141.6,2.0,1,0,1,1,1,Alexandria,West,Agami,1st,No,completed,2671293.79
128.0,3.0,3,0,1,0,1,Cairo,New Cairo,Madinaty,1st,No,completed,5965496.61
94.3,4.0,4,0,0,1,1,Giza,West Giza,Sheikh Zayed,2nd,No,completed,4910535.96
120.1,4.0,4,0,1,0,1,Giza,New Giza,New Giza,1st,No,completed,7944684.55
174.0,2.0,2,0,1,0,1,Cairo,Old Cairo,Zamalek,1st,No,completed,10262263.78
149.6,3.0,2,0,1,1,1,Giza,West Giza,Sheikh Zayed,1st,Yes,completed,8959690.5
194.8,2.0,1,0,1,0,1,Giza,West Giza,6th of October,3rd,No,completed,7358057.24
169.4,2.0,1,0,1,0,1,Alexandria,East,Smouha,3rd,No,off_plan,3333928.48
128.5,4.0,3,0,1,1,1,Tanta,Central,El Geish,2nd,Semi,completed,2076044.0
132.9,5.0,5,0,1,0,1,Cairo,Old Cairo,Downtown,2nd,No,completed,4841933.94
78.5,2.0,2,0,0,0,1,Cairo,Old Cairo,Downtown,1st,Semi,completed,2436564.19
70.2,3.0,2,0,1,1,1,Alexandria,East,Sidi Bishr,1st,Yes,under_construction,1555137.45
132.7,3.0,3,0,1,1,1,Cairo,Old Cairo,Downtown,2nd,No,under_construction,3340676.89
112.0,4.0,3,0,1,1,1,Cairo,New Cairo,Fifth Settlement,1st,Yes,under_construction,6238047.32
129.9,3.0,2,0,1,1,0,Cairo,Old Cairo,Maadi,3rd,Semi,completed,4766326.73
49.7,4.0,3,0,1,1,1,Giza,West Giza,6th of October,1st,Semi,under_construction,1353923.82
99.9,4.0,3,0,1,0,1,Cairo,New Cairo,Heliopolis,2nd,Semi,completed,3879310.16
193.3,3.0,2,0,1,1,1,Giza,New Giza,New Giza,2nd,No,completed,11797644.71
65.7,,1,1,1,1,0,Giza,West Giza,Sheikh Zayed,1st,Semi,under_construction,2397095.68
64.7,4.0,3,0,0,1,1,Giza,New Giza,New Giza,2nd,No,completed,3171779.15
120.4,2.0,2,0,0,1,1,Cairo,Old Cairo,Zamalek,1st,Semi,completed,8703420.72
93.9,3.0,3,0,1,1,0,Cairo,Old Cairo,Downtown,2nd,Semi,completed,2686374.36
67.9,5.0,4,0,1,1,1,Cairo,New Cairo,Heliopolis,2nd,No,under_construction,2136718.08
83.3,1.0,1,0,1,1,1,Cairo,New Cairo,Nasr City,4th,No,under_construction,1936609.43
122.2,2.0,2,0,1,1,1,Giza,West Giza,Haram,2nd,Semi,completed,2236768.46
116.7,2.0,1,0,1,0,1,Cairo,Old Cairo,Zamalek,2nd,No,completed,8009988.73
91.5,2.0,1,0,1,1,1,Alexandria,East,Smouha,2nd,Yes,completed,2841118.66
153.2,,1,1,1,1,1,Cairo,New Cairo,Rehab,1st,Semi,under_construction,5551635.1
194.5,4.0,4,0,1,1,1,Giza,New Giza,New Giza,2nd,No,completed,12710318.21
95.2,,2,1,0,1,1,Mansoura,Central,El Mashaya,2nd,No,under_construction,1361539.39
126.3,1.0,1,0,1,1,1,Alexandria,West,Agami,2nd,No,completed,2661610.04
145.3,3.0,3,0,1,0,1,Giza,New Giza,New Giza,2nd,No,completed,8886028.71
68.1,2.0,2,0,0,1,1,Giza,West Giza,Dokki,2nd,Semi,completed,2461247.35
116.8,2.0,1,0,1,0,1,Cairo,Old Cairo,Maadi,3rd,Semi,off_plan,3033166.03
60.5,2.0,1,0,1,0,1,Giza,New Giza,New Giza,2nd,No,completed,3693843.98
69.6,4.0,3,0,1,1,1,Cairo,Old Cairo,Maadi,3rd,No,completed,2591374.58
117.8,3.0,2,0,1,1,1,Giza,New Giza,New Giza,2nd,Yes,off_plan,5280256.51
113.7,3.0,2,0,1,0,1,Giza,New Giza,New Giza,2nd,No,completed,6069462.82
224.8,4.0,3,0,1,0,1,Giza,West Giza,6th of October,2nd,No,completed,7582248.03
183.7,3.0,2,0,1,0,1,Giza,New Giza,New Giza,2nd,No,completed,9618650.93
102.9,4.0,4,0,0,1,1,Giza,New Giza,New Giza,2nd,No,completed,6384138.29
80.4,1.0,1,0,1,1,1,Mansoura,Central,Toriel,1st,No,completed,1150756.58
149.8,3.0,2,0,0,0,1,Giza,New Giza,New Giza,1st,Yes,completed,9063462.22
103.8,2.0,1,0,1,1,1,Cairo,New Cairo,Heliopolis,1st,No,completed,3982397.35
107.9,5.0,4,0,1,0,1,Alexandria,West,Borg El Arab,1st,No,completed,1714198.21
84.3,2.0,1,0,1,1,1,Giza,West Giza,6th of October,3rd,Yes,completed,3190751.11
115.0,4.0,3,0,1,1,1,Giza,New Giza,New Giza,1st,Yes,completed,7297619.0
149.7,3.0,3,0,1,1,0,Cairo,Old Cairo,Maadi,3rd,No,off_plan,3979803.5
90.5,4.0,4,0,1,1,1,Cairo,New Cairo,Nasr City,3rd,No,completed,2447632.24
83.4,2.0,1,0,0,1,1,Cairo,New Cairo,Fifth Settlement,2nd,No,completed,4242519.84
192.6,2.0,1,0,1,1,1,Cairo,Old Cairo,Maadi,1st,Yes,completed,7688047.75
162.5,3.0,2,0,0,1,1,Giza,New Giza,New Giza,1st,Yes,completed,9991977.65
139.8,3.0,2,0,1,1,1,Alexandria,West,Agami,2nd,No,completed,3237261.03
163.7,,2,1,1,1,1,Giza,West Giza,Sheikh Zayed,1st,No,completed,7980537.91
112.9,2.0,2,0,1,1,1,Cairo,Old Cairo,Zamalek,2nd,No,off_plan,4772953.38
121.0,3.0,3,0,1,1,1,Mansoura,Central,El Mashaya,1st,No,under_construction,1784697.45
199.4,3.0,3,0,1,1,1,Alexandria,East,Sidi Gaber,2nd,No,completed,4939217.79
175.5,2.0,2,0,1,1,1,Cairo,New Cairo,First Settlement,1st,No,under_construction,4924442.48
154.6,5.0,4,0,1,1,1,Alexandria,East,Sidi Bishr,1st,No,off_plan,2879889.77
125.6,2.0,1,0,0,0,1,Tanta,Central,El Geish,2nd,No,completed,1959521.82
68.5,2.0,2,0,1,1,1,Mansoura,Central,Toriel,1st,No,under_construction,864565.34
118.4,3.0,3,0,1,1,1,Cairo,New Cairo,Nasr City,1st,Semi,off_plan,2326369.98
40.0,4.0,3,0,1,0,1,Cairo,Old Cairo,Zamalek,2nd,No,completed,2636230.13
135.7,3.0,2,0,1,0,1,Cairo,New Cairo,Madinaty,1st,Yes,off_plan,5022799.43
139.8,2.0,1,0,1,0,1,Giza,West Giza,6th of October,3rd,Yes,completed,5153859.36
147.1,2.0,2,0,1,1,1,Cairo,Old Cairo,Downtown,2nd,No,under_construction,3321249.92
209.9,2.0,1,0,1,1,1,Alexandria,West,Agami,1st,No,under_construction,3283211.27
146.7,3.0,2,0,1,1,1,Cairo,Old Cairo,Downtown,2nd,Yes,completed,4999966.26
118.7,1.0,1,0,1,1,1,Cairo,New Cairo,Madinaty,1st,Yes,completed,6078843.0
92.3,2.0,1,0,1,1,1,Mansoura,Central,Toriel,1st,No,completed,1560724.26
86.2,3.0,2,0,1,1,1,Giza,West Giza,Haram,1st,No,completed,1894042.86
101.2,2.0,1,0,1,0,1,Mansoura,Central,El Mashaya,1st,No,under_construction,1566935.38
97.0,4.0,3,0,0,1,1,Alexandria,West,Borg El Arab,1st,Yes,completed,1730174.55
123.1,2.0,2,0,0,1,1,Tanta,Central,El Geish,2nd,No,under_construction,1359860.99
146.9,1.0,1,0,1,1,1,Mansoura,Central,El Mashaya,1st,No,off_plan,1766861.41
215.8,3.0,3,0,1,1,1,Giza,West Giza,Haram,1st,Yes,completed,5051602.42
87.6,3.0,2,0,1,0,1,Cairo,New Cairo,First Settlement,3rd,No,completed,3346045.5
109.9,5.0,4,0,1,1,1,Giza,New Giza,New Giza,1st,Semi,completed,8037948.25
109.1,1.0,1,0,1,1,1,Cairo,Old Cairo,Zamalek,1st,Semi,completed,6576341.77
76.3,4.0,4,0,0,1,1,Cairo,Old Cairo,Maadi,2nd,Yes,off_plan,2164282.58
65.1,1.0,1,0,1,0,1,Cairo,Old Cairo,Downtown,2nd,No,under_construction,1646787.57
108.4,3.0,3,0,1,0,1,Alexandria,East,Sidi Gaber,2nd,No,completed,2793478.68
110.5,1.0,1,0,1,0,1,Giza,New Giza,New Giza,2nd,Yes,completed,6852822.46
40.0,5.0,4,0,0,1,1,Cairo,New Cairo,Rehab,1st,Semi,completed,1926371.0
107.1,3.0,2,0,1,1,0,Cairo,New Cairo,Fifth Settlement,2nd,Semi,completed,5134425.99
178.9,2.0,1,0,1,1,1,Cairo,Old Cairo,Zamalek,2nd,Yes,completed,12862302.9
94.5,2.0,2,0,1,0,1,Giza,West Giza,Haram,1st,Yes,completed,2089057.27
155.9,4.0,4,0,1,1,1,Cairo,Old Cairo,Maadi,2nd,Yes,completed,6151580.4
180.6,3.0,2,0,0,1,0,Giza,New Giza,New Giza,1st,No,completed,10887711.15
186.8,3.0,2,0,1,1,1,Alexandria,West,Agami,1st,Semi,under_construction,3321580.99
135.1,3.0,2,0,1,1,1,Giza,West Giza,Mohandessin,1st,Yes,completed,4720315.36
94.7,2.0,2,0,1,1,1,Giza,New Giza,New Giza,1st,Semi,completed,4490111.66
115.2,3.0,3,0,1,0,1,Cairo,New Cairo,First Settlement,3rd,No,completed,3906822.3
80.7,5.0,4,0,1,0,1,Giza,New Giza,New Giza,1st,No,completed,4836170.41
165.7,2.0,2,0,1,1,1,Giza,West Giza,6th of October,1st,Semi,completed,5923863.1
100.0,3.0,3,0,0,1,1,Cairo,New Cairo,Nasr City,2nd,Yes,completed,3097035.93
149.0,5.0,4,0,1,1,1,Cairo,Old Cairo,Zamalek,1st,No,off_plan,5923887.13
80.4,4.0,3,0,1,0,1,Alexandria,West,Borg El Arab,2nd,No,under_construction,1349077.92
122.3,3.0,3,0,1,1,1,Cairo,Old Cairo,Downtown,2nd,No,under_construction,3074502.2
200.8,1.0,1,0,1,1,1,Cairo,Old Cairo,Zamalek,1st,No,completed,11084058.56
84.5,4.0,3,0,1,0,1,Cairo,New Cairo,Fifth Settlement,1st,Semi,under_construction,4156547.49
121.7,3.0,2,0,0,1,1,Giza,West Giza,Haram,3rd,No,completed,2432481.52
184.5,1.0,1,0,1,1,1,Cairo,Old Cairo,Zamalek,1st,No,completed,10654437.53
272.4,4.0,3,0,1,1,1,Giza,New Giza,New Giza,1st,No,under_construction,12054977.77
183.3,1.0,1,0,1,1,1,Cairo,New Cairo,Heliopolis,2nd,No,completed,5748225.31
89.0,5.0,4,0,1,1,1,Tanta,Central,El Geish,1st,No,off_plan,1036616.38
228.4,5.0,4,0,1,0,1,Giza,West Giza,Dokki,2nd,Yes,under_construction,6541368.33
97.3,2.0,2,0,1,0,0,Cairo,Old Cairo,Maadi,3rd,No,completed,3678863.16
105.6,5.0,5,0,1,1,0,Giza,New Giza,New Giza,1st,Yes,completed,7059461.33
188.5,3.0,2,0,1,1,1,Mansoura,Central,Toriel,1st,Yes,under_construction,2305908.35
164.6,2.0,1,0,1,1,1,Cairo,New Cairo,Fifth Settlement,2nd,No,under_construction,6312439.67
91.6,2.0,2,0,0,1,1,Giza,New Giza,New Giza,2nd,No,under_construction,4690912.3
130.1,3.0,3,0,0,1,1,Giza,New Giza,New Giza,2nd,Yes,completed,8924103.72
182.6,2.0,1,0,1,1,1,Mansoura,Central,El Mashaya,2nd,No,completed,2718184.91
81.2,2.0,2,0,1,1,1,Giza,New Giza,New Giza,2nd,No,under_construction,3712234.61
137.3,3.0,2,0,1,1,1,Giza,New Giza,New Giza,2nd,Semi,completed,7834119.33
182.8,2.0,2,0,1,1,1,Giza,West Giza,Dokki,2nd,Yes,completed,5581573.9
98.0,1.0,1,0,1,1,1,Mansoura,Central,Toriel,1st,No,under_construction,1465114.92
126.0,3.0,3,0,1,1,1,Giza,West Giza,Dokki,1st,No,completed,3663329.86
127.5,4.0,3,0,0,1,1,Cairo,New Cairo,Madinaty,2nd,No,under_construction,4896260.73
88.7,3.0,2,0,0,1,1,Cairo,Old Cairo,Downtown,2nd,Yes,under_construction,3132958.7
168.2,4.0,3,0,1,1,1,Giza,West Giza,Mohandessin,2nd,Yes,completed,6199621.41
194.1,2.0,1,0,1,0,1,Giza,New Giza,New Giza,1st,No,completed,8570994.36
108.8,5.0,4,0,1,0,1,Giza,West Giza,Sheikh Zayed,3rd,No,off_plan,4254133.49
137.7,3.0,3,0,1,0,1,Mansoura,Central,El Mashaya,2nd,Semi,under_construction,2063931.36
187.7,2.0,1,0,1,1,0,Cairo,Old Cairo,Zamalek,2nd,Semi,under_construction,9087072.4
116.1,2.0,2,0,1,1,1,Cairo,New Cairo,Fifth Settlement,3rd,Semi,completed,6496805.0
161.4,3.0,2,0,1,1,1,Cairo,New Cairo,Heliopolis,2nd,Semi,completed,5703760.21
173.7,4.0,4,0,1,1,1,Cairo,Old Cairo,Maadi,1st,No,completed,5970786.85
123.1,4.0,3,0,1,1,0,Cairo,Old Cairo,Zamalek,1st,No,under_construction,7594091.7
88.1,2.0,2,0,1,1,1,Cairo,New Cairo,Heliopolis,1st,No,off_plan,2440564.2
108.8,2.0,2,0,1,1,1,Giza,West Giza,Dokki,1st,Semi,under_construction,2724492.97
93.6,2.0,2,0,1,0,1,Cairo,Old Cairo,Zamalek,2nd,Semi,completed,6344533.62
86.8,3.0,2,0,1,1,1,Alexandria,West,Agami,1st,Yes,completed,1899828.6
97.5,3.0,2,0,0,0,1,Cairo,Old Cairo,Maadi,3rd,No,completed,3875315.49
134.8,3.0,3,0,1,0,1,Cairo,New Cairo,First Settlement,1st,No,under_construction,3910608.46
71.1,1.0,1,0,1,0,1,Cairo,New Cairo,Heliopolis,2nd,Semi,under_construction,1896795.94
88.7,3.0,2,0,1,0,1,Giza,West Giza,Dokki,1st,No,under_construction,2268003.59
129.7,2.0,1,0,1,0,1,Cairo,Old Cairo,Zamalek,2nd,Semi,completed,8097084.91
101.1,2.0,2,0,1,0,1,Giza,New Giza,New Giza,1st,Yes,completed,6127183.96
100.8,2.0,2,0,1,1,1,Alexandria,East,Sidi Gaber,2nd,Yes,off_plan,1996092.49
294.9,3.0,2,0,1,0,1,Cairo,New Cairo,Nasr City,4th,Semi,under_construction,6769482.66
162.5,4.0,3,0,1,1,1,Giza,New Giza,New Giza,2nd,Yes,completed,9757598.72
95.7,4.0,3,0,1,1,1,Alexandria,East,Sidi Gaber,2nd,Yes,completed,3046404.45
79.5,2.0,1,0,0,0,1,Tanta,Central,Saeed,1st,No,under_construction,853728.33
208.5,3.0,2,0,1,1,0,Giza,New Giza,New Giza,1st,No,completed,10587155.5
108.7,2.0,1,0,1,0,1,Alexandria,West,Agami,1st,No,off_plan,1802571.63
202.4,2.0,1,0,1,1,1,Tanta,Central,Saeed,1st,Yes,completed,3326209.8
96.8,2.0,1,0,1,1,1,Cairo,New Cairo,Fifth Settlement,3rd,No,completed,4835293.98
112.9,3.0,3,0,1,1,1,Cairo,Old Cairo,Downtown,2nd,Yes,off_plan,3008661.71
85.3,2.0,1,0,1,1,1,Alexandria,West,Agami,2nd,No,completed,1801378.16
69.1,1.0,1,0,1,1,1,Cairo,Old Cairo,Maadi,2nd,Semi,under_construction,2180868.3
89.7,4.0,4,0,0,0,1,Cairo,Old Cairo,Zamalek,1st,No,completed,5068137.29
112.9,1.0,1,0,1,1,1,Giza,New Giza,New Giza,1st,No,off_plan,5684023.35
191.9,3.0,2,0,1,1,1,Alexandria,West,Agami,1st,No,under_construction,3647869.5
93.8,2.0,1,0,1,0,1,Cairo,New Cairo,Rehab,2nd,Semi,under_construction,3663692.51
126.1,2.0,2,0,1,1,1,Tanta,Central,El Geish,1st,No,off_plan,1579359.15
84.9,,2,1,0,1,1,Giza,West Giza,Mohandessin,1st,Yes,under_construction,2416559.22
54.9,2.0,1,0,1,1,1,Giza,New Giza,New Giza,1st,No,completed,3340675.37
209.5,5.0,4,0,1,1,1,Alexandria,West,Agami,2nd,No,completed,4308238.59
93.9,2.0,2,0,1,1,1,Cairo,New Cairo,Heliopolis,2nd,Semi,completed,3187875.96
123.7,2.0,2,0,1,0,1,Alexandria,East,Sidi Gaber,1st,Yes,off_plan,2203923.18
75.6,5.0,4,0,1,1,1,Cairo,New Cairo,Fifth Settlement,3rd,No,under_construction,3971758.34
138.9,2.0,1,0,0,1,1,Giza,New Giza,New Giza,1st,No,under_construction,7077618.16
91.6,3.0,3,0,1,1,1,Cairo,Old Cairo,Zamalek,2nd,No,completed,6054539.36
135.6,3.0,3,0,1,1,1,Cairo,New Cairo,First Settlement,1st,No,completed,5140195.36
149.6,1.0,1,0,1,0,1,Alexandria,East,Smouha,2nd,No,off_plan,2717182.8
125.6,2.0,1,0,1,0,1,Tanta,Central,Saeed,1st,Yes,completed,1746405.98
128.7,4.0,3,0,1,1,1,Cairo,Old Cairo,Maadi,3rd,No,completed,4733531.42
75.8,2.0,1,0,1,1,1,Giza,West Giza,Haram,1st,Semi,under_construction,1462948.18
108.9,2.0,1,0,0,1,1,Cairo,Old Cairo,Maadi,3rd,No,completed,3806672.23
117.4,4.0,3,0,0,1,1,Tanta,Central,Saeed,1st,No,completed,1876188.59
148.6,2.0,2,0,1,1,1,Giza,West Giza,Dokki,1st,No,under_construction,4019599.23
107.2,2.0,1,0,1,0,1,Tanta,Central,Saeed,1st,No,completed,1321015.82
97.7,2.0,2,0,1,1,1,Alexandria,West,Borg El Arab,2nd,Yes,completed,2147720.62
86.2,3.0,3,0,1,1,1,Giza,New Giza,New Giza,2nd,No,completed,5248547.32
49.3,4.0,4,0,1,1,1,Alexandria,East,Sidi Gaber,1st,No,off_plan,1128853.66
77.1,3.0,2,0,1,0,1,Giza,West Giza,Mohandessin,1st,No,under_construction,2187585.68
95.6,3.0,2,0,1,1,1,Cairo,New Cairo,Madinaty,2nd,No,completed,5000255.71
116.3,3.0,3,0,0,1,1,Giza,West Giza,Sheikh Zayed,2nd,No,completed,5570009.89
122.3,2.0,1,0,1,1,1,Giza,New Giza,New Giza,1st,No,under_construction,5009076.81
93.3,3.0,3,0,1,1,1,Cairo,New Cairo,Rehab,1st,No,under_construction,3047341.99
89.5,2.0,1,0,1,1,1,Cairo,Old Cairo,Downtown,1st,Semi,completed,3463190.02
101.8,2.0,1,0,1,1,1,Cairo,Old Cairo,Downtown,1st,Yes,completed,3829446.13
90.3,2.0,2,0,1,1,1,Cairo,New Cairo,Nasr City,1st,Yes,under_construction,2608528.17
119.5,2.0,1,0,0,0,1,Giza,West Giza,Sheikh Zayed,1st,Yes,completed,6205584.49
150.9,,2,1,1,0,1,Cairo,New Cairo,Madinaty,4th,Semi,completed,6494523.31
87.1,2.0,1,0,1,1,1,Giza,West Giza,Dokki,2nd,No,completed,2555267.57
100.4,2.0,1,0,1,1,1,Tanta,Central,Saeed,1st,No,under_construction,1183077.05
147.7,3.0,3,0,1,1,1,Cairo,New Cairo,Madinaty,1st,Yes,completed,8256509.65
122.7,2.0,1,0,1,1,1,Tanta,Central,Saeed,1st,Yes,under_construction,1417643.03
77.9,1.0,1,0,1,1,1,Alexandria,East,Sidi Gaber,2nd,Semi,completed,2224325.81
137.7,5.0,5,0,1,1,1,Cairo,New Cairo,First Settlement,2nd,No,completed,5680655.19
100.8,2.0,2,0,1,1,1,Cairo,New Cairo,Heliopolis,2nd,Yes,completed,2970597.23
126.5,4.0,3,0,1,1,1,Giza,New Giza,New Giza,1st,No,completed,8015829.78
190.4,2.0,1,0,1,0,1,Cairo,Old Cairo,Maadi,2nd,Semi,completed,7270862.15
186.2,5.0,4,0,1,1,1,Cairo,Old Cairo,Zamalek,1st,No,under_construction,9750923.41
70.3,1.0,1,0,1,1,1,Mansoura,Central,Toriel,1st,No,completed,1049353.45
157.7,4.0,3,0,0,1,1,Giza,West Giza,6th of October,3rd,No,off_plan,3999103.87
95.0,2.0,1,0,1,1,1,Alexandria,East,Sidi Bishr,1st,Yes,under_construction,2048196.6
200.7,3.0,3,0,1,1,1,Giza,New Giza,New Giza,1st,Yes,completed,11785888.16
90.6,2.0,2,0,0,0,1,Mansoura,Central,El Mashaya,2nd,Semi,under_construction,1108831.12
115.3,3.0,3,0,1,1,1,Tanta,Central,El Geish,2nd,No,off_plan,1500422.86
118.2,5.0,4,0,1,0,1,Cairo,New Cairo,Fifth Settlement,3rd,No,off_plan,4351061.49
118.8,4.0,3,0,1,0,1,Cairo,New Cairo,Rehab,1st,No,completed,5126184.48
68.7,2.0,1,0,1,1,1,Alexandria,East,Smouha,2nd,No,completed,1808462.45
97.9,4.0,4,0,1,0,1,Giza,West Giza,Dokki,2nd,Semi,under_construction,2407119.73
174.6,2.0,1,0,1,0,1,Cairo,Old Cairo,Downtown,1st,Yes,under_construction,5049655.56
191.5,3.0,3,0,1,1,1,Cairo,New Cairo,Nasr City,3rd,No,off_plan,4021225.63
143.8,5.0,5,0,1,1,1,Mansoura,Central,Toriel,1st,No,completed,2450979.15
95.9,3.0,3,0,1,1,0,Cairo,Old Cairo,Downtown,2nd,Yes,completed,3438537.27
133.8,4.0,3,0,0,0,1,Tanta,Central,El Geish,2nd,Yes,completed,2398756.91
123.9,3.0,3,0,1,1,1,Cairo,New Cairo,Madinaty,2nd,No,completed,6088654.05
193.1,4.0,4,0,1,1,1,Tanta,Central,Saeed,1st,Yes,under_construction,2534176.47
131.9,,3,1,1,0,1,Cairo,Old Cairo,Downtown,2nd,Yes,completed,4860797.19
154.3,3.0,2,0,1,1,1,Cairo,New Cairo,First Settlement,3rd,No,completed,6031507.47
98.9,2.0,1,0,0,1,1,Cairo,Old Cairo,Zamalek,2nd,No,completed,6062324.03
98.5,1.0,1,0,1,1,1,Mansoura,Central,Toriel,1st,No,completed,1523532.58
173.5,1.0,1,0,1,1,1,Cairo,New Cairo,Rehab,1st,No,completed,5991495.8
137.1,5.0,4,0,1,0,1,Giza,West Giza,Dokki,2nd,Semi,completed,4648836.88
165.3,3.0,2,0,1,1,1,Cairo,Old Cairo,Maadi,2nd,Semi,completed,6801601.46
127.2,,3,1,1,1,1,Tanta,Central,El Geish,2nd,No,completed,2332146.7
125.6,5.0,4,0,1,0,1,Giza,West Giza,6th of October,2nd,No,completed,4215542.18
114.6,3.0,2,0,1,1,1,Alexandria,East,Sidi Bishr,1st,No,under_construction,2160596.48
158.3,4.0,4,0,1,0,1,Cairo,Old Cairo,Downtown,1st,Yes,completed,6066660.48
113.5,3.0,2,0,1,1,1,Alexandria,West,Borg El Arab,2nd,No,under_construction,1682002.87
108.3,2.0,1,0,1,1,1,Cairo,New Cairo,Fifth Settlement,1st,No,completed,5037748.82
174.2,4.0,4,0,0,1,1,Alexandria,West,Agami,2nd,No,completed,3754843.63
248.6,2.0,2,0,1,1,1,Mansoura,Central,Toriel,1st,No,completed,3323650.56
228.5,3.0,2,0,1,0,1,Mansoura,Central,Toriel,1st,Semi,under_construction,2415905.27
87.3,5.0,4,0,1,1,1,Alexandria,East,Smouha,1st,Yes,completed,3404717.05
150.6,4.0,3,0,1,1,1,Alexandria,East,Smouha,1st,No,off_plan,3160694.92
108.5,2.0,1,0,1,1,1,Alexandria,East,Sidi Gaber,1st,No,completed,2507352.07
89.4,,2,1,1,1,1,Cairo,Old Cairo,Downtown,1st,No,off_plan,2389016.96
113.8,4.0,3,0,0,1,1,Cairo,Old Cairo,Downtown,1st,No,completed,3869165.89
88.7,2.0,1,0,1,1,1,Cairo,New Cairo,Nasr City,2nd,No,completed,2562631.36
129.3,5.0,5,0,0,1,1,Giza,New Giza,New Giza,2nd,No,completed,7189176.2
94.7,3.0,3,0,1,0,1,Cairo,New Cairo,Heliopolis,1st,No,under_construction,2741478.35
257.4,3.0,3,0,1,0,1,Alexandria,East,Sidi Bishr,1st,No,completed,5265358.58
62.0,3.0,3,0,1,0,0,Cairo,Old Cairo,Downtown,2nd,No,off_plan,1345762.07
91.2,1.0,1,0,1,1,1,Cairo,New Cairo,Madinaty,1st,No,completed,4106484.0
106.9,1.0,1,0,0,0,1,Alexandria,East,Sidi Gaber,1st,Yes,off_plan,1907029.61
178.7,3.0,2,0,1,0,1,Cairo,New Cairo,Fifth Settlement,3rd,Semi,completed,8893100.66
149.6,4.0,3,0,1,1,1,Tanta,Central,El Geish,2nd,No,completed,1922667.9
80.6,2.0,2,0,1,1,1,Alexandria,West,Borg El Arab,1st,Semi,completed,1460366.47
204.3,3.0,2,0,1,0,1,Giza,West Giza,6th of October,3rd,No,off_plan,4522221.2
98.8,,2,1,0,0,1,Cairo,New Cairo,First Settlement,1st,No,off_plan,2930827.41
105.4,4.0,3,0,1,1,0,Cairo,Old Cairo,Zamalek,2nd,Semi,completed,6168516.74
96.5,3.0,3,0,1,1,1,Cairo,Old Cairo,Downtown,2nd,Yes,completed,3404458.76
122.8,3.0,2,0,0,1,1,Giza,West Giza,6th of October,3rd,No,under_construction,3910081.1
280.8,3.0,3,0,1,1,1,Cairo,New Cairo,Madinaty,4th,Semi,under_construction,11344334.82
80.2,3.0,3,0,0,1,1,Cairo,Old Cairo,Downtown,2nd,Semi,under_construction,2253722.49
133.1,,2,1,1,0,1,Giza,West Giza,Sheikh Zayed,3rd,Yes,completed,7274796.43
173.9,3.0,2,0,1,1,1,Alexandria,East,Smouha,2nd,Yes,completed,5321221.99
105.6,2.0,1,0,1,0,1,Giza,New Giza,New Giza,1st,Yes,under_construction,5470371.71
70.5,3.0,3,0,1,1,1,Cairo,Old Cairo,Downtown,2nd,Semi,completed,2126076.84
91.9,2.0,2,0,1,1,1,Alexandria,West,Agami,2nd,Yes,under_construction,1891272.9
177.0,3.0,3,0,1,1,1,Alexandria,East,Sidi Gaber,2nd,No,off_plan,2778928.79
211.8,1.0,1,0,1,1,1,Cairo,New Cairo,First Settlement,1st,No,completed,9052860.11
118.3,2.0,2,0,1,1,1,Giza,West Giza,Dokki,2nd,Semi,completed,3647298.66
139.1,5.0,5,0,1,1,1,Cairo,New Cairo,Nasr City,3rd,No,completed,4479209.23
89.3,2.0,2,0,1,1,0,Giza,West Giza,Haram,2nd,No,under_construction,1477609.8
163.3,2.0,2,0,0,0,1,Cairo,New Cairo,Fifth Settlement,2nd,Semi,completed,8683821.03
69.0,4.0,3,0,1,1,1,Alexandria,West,Agami,2nd,No,completed,1345465.18
139.0,3.0,3,0,1,0,1,Cairo,Old Cairo,Downtown,2nd,No,completed,4151732.12
78.5,3.0,3,0,0,1,1,Cairo,Old Cairo,Downtown,2nd,No,completed,2442467.27
76.7,2.0,1,0,1,0,1,Mansoura,Central,El Mashaya,1st,No,under_construction,1123510.5
93.5,2.0,1,0,1,1,1,Cairo,New Cairo,Fifth Settlement,1st,Yes,completed,5222082.75
94.6,3.0,3,0,1,1,1,Mansoura,Central,Toriel,1st,Semi,completed,1531100.64
78.4,1.0,1,0,1,0,1,Cairo,New Cairo,First Settlement,1st,No,completed,2737356.7
130.5,4.0,3,0,1,1,1,Tanta,Central,El Geish,1st,No,under_construction,1742350.76
90.4,3.0,2,0,1,1,1,Giza,West Giza,Haram,3rd,Semi,completed,1878453.55
130.0,2.0,2,0,1,0,1,Giza,West Giza,6th of October,1st,No,under_construction,3300762.84
217.6,,2,1,1,0,1,Cairo,Old Cairo,Zamalek,2nd,Yes,off_plan,11152203.58
154.9,4.0,4,0,0,0,1,Cairo,New Cairo,First Settlement,1st,Semi,completed,5961076.86
96.7,4.0,3,0,1,1,0,Cairo,New Cairo,Nasr City,2nd,Yes,completed,3178979.82
91.3,2.0,2,0,1,1,1,Giza,New Giza,New Giza,2nd,No,completed,5031384.36
132.7,4.0,4,0,1,0,1,Giza,New Giza,New Giza,2nd,No,completed,8264513.17
106.0,2.0,1,0,1,1,1,Cairo,New Cairo,First Settlement,1st,Yes,under_construction,3530058.17
73.8,3.0,2,0,1,1,1,Giza,New Giza,New Giza,2nd,No,completed,4366613.66
130.9,3.0,2,0,1,0,1,Alexandria,East,Sidi Gaber,2nd,No,completed,3004465.01
156.5,1.0,1,0,0,1,1,Cairo,Old Cairo,Maadi,3rd,No,completed,5237805.06
158.5,3.0,2,0,1,0,1,Giza,New Giza,New Giza,2nd,No,completed,8995214.21
92.5,2.0,2,0,1,0,1,Cairo,Old Cairo,Downtown,1st,Semi,completed,2939254.5
95.4,2.0,1,0,1,0,1,Giza,New Giza,New Giza,2nd,Yes,completed,5849884.27
98.1,2.0,1,0,1,1,1,Cairo,Old Cairo,Zamalek,1st,No,completed,6412120.58
80.4,3.0,2,0,1,0,1,Cairo,Old Cairo,Maadi,1st,No,completed,2979241.64
154.7,2.0,1,0,1,1,1,Cairo,New Cairo,First Settlement,2nd,No,completed,5545061.99
84.7,3.0,2,0,1,1,1,Cairo,New Cairo,Madinaty,4th,No,completed,3840714.96
130.6,2.0,2,0,0,1,1,Giza,New Giza,New Giza,2nd,No,completed,7971827.86
102.5,2.0,1,0,1,1,1,Giza,West Giza,Mohandessin,2nd,No,under_construction,3470025.55
271.2,3.0,2,0,1,1,1,Giza,New Giza,New Giza,1st,Yes,completed,17764163.15
128.9,3.0,2,0,1,1,1,Cairo,Old Cairo,Zamalek,1st,Semi,under_construction,7377694.07
119.3,3.0,2,0,1,1,1,Alexandria,West,Agami,2nd,No,under_construction,1802304.68
115.1,2.0,1,0,1,1,1,Cairo,Old Cairo,Zamalek,1st,Semi,under_construction,5880156.35
88.7,3.0,2,0,0,0,1,Cairo,Old Cairo,Maadi,2nd,Yes,completed,3733097.58
269.4,5.0,4,0,1,1,1,Alexandria,West,Agami,2nd,Semi,completed,5290582.1
93.4,4.0,4,0,1,1,1,Giza,West Giza,Haram,3rd,No,completed,2124783.73
116.6,2.0,1,0,1,0,1,Tanta,Central,El Geish,2nd,No,completed,1856365.39
107.5,2.0,1,0,1,1,1,Cairo,Old Cairo,Maadi,2nd,Semi,under_construction,3660911.44
69.8,4.0,4,0,1,1,1,Giza,New Giza,New Giza,1st,No,under_construction,3805654.7
87.9,3.0,2,0,1,0,1,Cairo,New Cairo,Fifth Settlement,2nd,No,under_construction,4045445.41
126.9,2.0,2,0,1,1,1,Cairo,New Cairo,Madinaty,1st,No,completed,5510706.6
153.4,1.0,1,0,1,1,1,Cairo,Old Cairo,Downtown,1st,Yes,completed,4831042.08
196.0,1.0,1,0,1,0,1,Alexandria,West,Borg El Arab,1st,Yes,under_construction,2838606.94
72.6,2.0,1,0,1,1,1,Giza,West Giza,Mohandessin,1st,Semi,off_plan,2153114.22
215.4,,2,1,1,0,1,Alexandria,West,Agami,2nd,No,completed,3951652.91
122.5,2.0,1,0,1,1,1,Alexandria,East,Smouha,3rd,No,off_plan,2363322.87
90.9,3.0,2,0,1,1,1,Cairo,New Cairo,Nasr City,4th,No,completed,2423041.28
77.0,2.0,1,0,0,0,1,Giza,West Giza,6th of October,1st,No,under_construction,2154123.28
108.5,3.0,2,0,0,1,1,Giza,West Giza,Mohandessin,2nd,No,under_construction,3322841.4
71.0,2.0,1,0,1,0,1,Giza,New Giza,New Giza,1st,Semi,completed,4542528.22
136.5,1.0,1,0,1,1,1,Tanta,Central,El Geish,2nd,No,completed,2166815.63
115.2,3.0,2,0,0,1,1,Cairo,Old Cairo,Downtown,2nd,No,completed,3537791.24
141.1,3.0,3,0,1,1,1,Alexandria,East,Smouha,1st,No,completed,4287238.75
104.0,3.0,2,0,1,0,1,Cairo,New Cairo,Heliopolis,2nd,No,completed,3796572.34
110.6,4.0,3,0,1,1,0,Cairo,New Cairo,First Settlement,3rd,No,off_plan,3707065.81
105.5,3.0,2,0,1,1,1,Giza,New Giza,New Giza,2nd,Yes,completed,7459990.22
89.6,2.0,2,0,1,1,1,Giza,West Giza,Haram,1st,No,completed,1661902.74
102.0,2.0,1,0,1,0,1,Alexandria,East,Sidi Gaber,1st,Semi,completed,2409090.5
99.2,5.0,5,0,0,1,1,Giza,West Giza,Haram,2nd,No,completed,2255833.25
192.0,2.0,1,0,1,0,1,Cairo,Old Cairo,Downtown,1st,No,completed,5345200.28
69.7,,3,1,1,1,1,Cairo,Old Cairo,Zamalek,1st,Semi,off_plan,3480495.11
132.5,2.0,2,0,1,1,1,Mansoura,Central,Toriel,1st,Semi,off_plan,1363273.89
117.8,1.0,1,0,1,1,1,Cairo,Old Cairo,Zamalek,2nd,No,under_construction,5949470.43
163.2,1.0,1,0,1,1,1,Cairo,Old Cairo,Zamalek,1st,No,completed,8268185.72
361.9,4.0,3,0,1,1,1,Cairo,New Cairo,Fifth Settlement,1st,Yes,under_construction,13308200.45
170.7,3.0,3,0,1,1,1,Giza,New Giza,New Giza,1st,Semi,completed,11681186.81
67.6,3.0,2,0,1,1,1,Mansoura,Central,El Mashaya,2nd,Yes,completed,1441795.72
131.4,4.0,4,0,0,1,1,Cairo,Old Cairo,Maadi,3rd,No,under_construction,3903128.95
79.7,3.0,3,0,1,1,1,Cairo,New Cairo,Rehab,3rd,No,under_construction,2949287.35
228.3,2.0,1,0,1,1,1,Cairo,Old Cairo,Downtown,1st,Semi,off_plan,5353735.58
177.8,3.0,3,0,0,1,1,Giza,West Giza,Dokki,1st,Yes,under_construction,4538552.36
113.3,3.0,2,0,1,1,1,Giza,West Giza,Sheikh Zayed,3rd,No,completed,5484316.97
169.1,3.0,3,0,1,1,1,Cairo,Old Cairo,Downtown,1st,Semi,completed,5744245.54
151.1,4.0,3,0,0,1,1,Giza,New Giza,New Giza,1st,Yes,under_construction,8407515.67
95.5,3.0,3,0,1,1,1,Cairo,Old Cairo,Maadi,1st,No,under_construction,3271454.38
207.7,3.0,3,0,1,0,1,Cairo,New Cairo,Heliopolis,1st,No,completed,8084097.43
114.7,3.0,2,0,1,1,1,Cairo,Old Cairo,Zamalek,2nd,Semi,completed,7778194.53
129.9,3.0,3,0,1,1,1,Cairo,Old Cairo,Zamalek,1st,Semi,completed,8271711.3
159.8,2.0,2,0,0,0,1,Giza,West Giza,Dokki,2nd,Yes,completed,5346428.71
71.9,4.0,3,0,1,0,1,Alexandria,East,Sidi Gaber,1st,No,under_construction,1525100.72
197.0,3.0,2,0,1,1,1,Cairo,New Cairo,Rehab,3rd,No,under_construction,8015056.91
106.4,3.0,2,0,1,0,0,Giza,West Giza,Dokki,2nd,Semi,completed,3525300.34
139.6,3.0,3,0,0,1,1,Mansoura,Central,Toriel,1st,Yes,completed,2592632.01
83.0,1.0,1,0,1,1,1,Cairo,New Cairo,Rehab,1st,Semi,completed,3657815.36
176.1,2.0,1,0,1,0,1,Giza,West Giza,Sheikh Zayed,3rd,No,completed,9101319.41
100.1,1.0,1,0,1,0,1,Cairo,Old Cairo,Maadi,1st,Yes,completed,4018067.56
106.5,3.0,2,0,1,1,1,Cairo,New Cairo,Fifth Settlement,3rd,Yes,completed,6325119.6
128.6,4.0,3,0,1,0,1,Cairo,Old Cairo,Downtown,1st,Yes,off_plan,3140442.82
204.0,3.0,3,0,1,1,0,Tanta,Central,El Geish,1st,No,completed,3087017.35
102.2,3.0,2,0,1,1,1,Giza,West Giza,Haram,1st,Yes,completed,2375121.3
81.1,4.0,4,0,1,0,1,Cairo,New Cairo,Heliopolis,2nd,No,off_plan,2325417.75
149.4,4.0,3,0,1,0,0,Alexandria,West,Agami,1st,Yes,completed,3298359.29
110.4,3.0,3,0,1,1,1,Cairo,New Cairo,Heliopolis,1st,No,completed,4212969.94
152.7,3.0,3,0,1,1,1,Giza,West Giza,6th of October,3rd,Semi,completed,5400695.14
153.2,5.0,4,0,1,1,1,Tanta,Central,El Geish,1st,No,under_construction,2299328.0
105.4,2.0,1,0,0,0,1,Giza,West Giza,Sheikh Zayed,3rd,No,completed,5026092.01
170.1,3.0,3,0,0,1,1,Cairo,New Cairo,Nasr City,3rd,Yes,completed,6017500.71
142.5,2.0,1,0,1,1,1,Alexandria,East,Smouha,1st,Semi,under_construction,3186043.16
85.9,5.0,4,0,1,1,1,Cairo,Old Cairo,Maadi,1st,Semi,completed,3586276.38
76.0,2.0,2,0,1,1,1,Mansoura,Central,El Mashaya,2nd,No,under_construction,1057529.5
106.6,3.0,2,0,1,1,1,Giza,New Giza,New Giza,2nd,Semi,completed,6505262.51
130.0,5.0,5,0,1,1,1,Giza,New Giza,New Giza,1st,No,completed,6692635.71
66.9,3.0,2,0,0,1,1,Mansoura,Central,Toriel,1st,Semi,under_construction,941603.54
234.6,3.0,3,0,1,1,1,Giza,West Giza,Sheikh Zayed,3rd,No,under_construction,10274848.09
117.6,2.0,1,0,0,1,1,Mansoura,Central,El Mashaya,2nd,No,completed,2085838.44
124.0,3.0,2,0,1,1,1,Mansoura,Central,El Mashaya,1st,No,under_construction,1627087.81
257.3,3.0,3,0,1,1,1,Alexandria,West,Agami,2nd,Yes,completed,5866965.7
188.3,4.0,4,0,1,1,0,Cairo,New Cairo,First Settlement,3rd,No,under_construction,7310568.84
184.2,3.0,2,0,1,1,1,Giza,New Giza,New Giza,2nd,No,completed,11153980.02
90.6,2.0,2,0,1,1,1,Giza,New Giza,New Giza,2nd,Semi,under_construction,4294606.6
448.0,4.0,3,0,1,1,1,Giza,New Giza,New Giza,1st,No,under_construction,20299650.23
108.7,2.0,2,0,0,1,1,Giza,New Giza,New Giza,2nd,No,completed,5550428.9
131.9,2.0,1,0,1,1,1,Giza,West Giza,Haram,3rd,No,completed,2573863.51
45.7,3.0,2,0,1,1,1,Cairo,New Cairo,Madinaty,1st,Semi,completed,1913136.7
167.5,4.0,3,0,1,1,1,Cairo,New Cairo,Heliopolis,1st,Semi,completed,5916667.36
78.5,4.0,3,0,1,1,1,Giza,New Giza,New Giza,1st,Semi,completed,5031975.72
140.1,2.0,2,0,0,0,1,Cairo,Old Cairo,Maadi,1st,No,completed,5335927.66
119.4,5.0,4,0,0,1,1,Cairo,Old Cairo,Maadi,3rd,Semi,completed,4434847.7
120.4,2.0,1,0,1,1,1,Cairo,Old Cairo,Maadi,2nd,Semi,completed,4300727.63
112.5,4.0,3,0,1,1,1,Cairo,New Cairo,Madinaty,1st,No,under_construction,3860917.92
193.3,4.0,3,0,1,1,1,Cairo,New Cairo,Heliopolis,2nd,Yes,under_construction,6582097.7
112.5,5.0,4,0,0,0,1,Cairo,Old Cairo,Zamalek,2nd,No,under_construction,5791790.76
111.3,3.0,2,0,0,0,1,Alexandria,East,Sidi Gaber,1st,No,under_construction,2261133.87
63.5,,2,1,1,0,0,Giza,West Giza,Sheikh Zayed,2nd,No,completed,3485959.07
172.4,2.0,2,0,1,1,1,Mansoura,Central,Toriel,1st,No,off_plan,1894945.11
100.0,5.0,4,0,1,0,1,Alexandria,East,Sidi Gaber,1st,No,under_construction,2160486.71
194.8,4.0,3,0,1,1,1,Cairo,Old Cairo,Downtown,2nd,No,completed,5782648.86
147.6,5.0,4,0,1,1,1,Mansoura,Central,El Mashaya,2nd,No,completed,2837524.52
128.4,3.0,2,0,1,0,1,Cairo,New Cairo,Rehab,1st,Yes,under_construction,5393910.34
83.8,5.0,4,0,1,1,1,Giza,West Giza,Sheikh Zayed,1st,Yes,completed,5147375.59
248.4,5.0,4,0,1,1,1,Giza,New Giza,New Giza,2nd,Semi,completed,15224357.64
107.6,2.0,2,0,1,1,1,Tanta,Central,El Geish,1st,No,completed,2033801.11
119.9,5.0,4,0,0,1,1,Cairo,Old Cairo,Maadi,3rd,Yes,completed,4906058.15
84.0,3.0,3,0,1,1,1,Cairo,Old Cairo,Maadi,2nd,Semi,completed,3233888.04
85.0,2.0,2,0,1,1,0,Cairo,Old Cairo,Maadi,1st,No,under_construction,2622804.38
91.7,,1,1,1,1,1,Giza,West Giza,Sheikh Zayed,1st,No,completed,4638306.26
48.7,2.0,1,0,1,1,1,Cairo,New Cairo,Nasr City,3rd,Semi,under_construction,1250417.64
120.8,3.0,2,0,1,0,1,Cairo,New Cairo,Nasr City,4th,No,completed,3382502.66
176.5,4.0,3,0,0,0,1,Alexandria,East,Sidi Bishr,1st,No,under_construction,3854915.73
98.5,4.0,3,0,1,1,1,Cairo,New Cairo,Fifth Settlement,3rd,No,completed,5695225.59
96.5,3.0,3,0,1,1,1,Alexandria,East,Sidi Bishr,2nd,No,completed,2222525.14
171.2,4.0,3,0,1,1,1,Cairo,Old Cairo,Maadi,3rd,No,under_construction,5591413.75
118.3,2.0,2,0,1,1,1,Cairo,Old Cairo,Zamalek,1st,Yes,completed,8830039.07
76.7,2.0,1,0,1,1,1,Giza,West Giza,Sheikh Zayed,1st,No,under_construction,3526880.93
81.1,2.0,1,0,1,1,1,Cairo,New Cairo,Nasr City,2nd,No,under_construction,1972309.65
117.7,3.0,3,0,1,1,1,Mansoura,Central,Toriel,1st,No,completed,2004376.61
118.2,1.0,1,0,1,0,1,Giza,West Giza,Dokki,2nd,Yes,off_plan,3409686.42
78.9,3.0,2,0,1,0,1,Cairo,Old Cairo,Downtown,1st,No,completed,2760587.49
94.8,4.0,3,0,1,1,1,Giza,West Giza,Haram,2nd,No,off_plan,1514167.19
79.6,2.0,1,0,1,1,1,Cairo,Old Cairo,Maadi,1st,Semi,completed,3218186.46
163.6,4.0,4,0,1,1,0,Giza,West Giza,Dokki,2nd,No,under_construction,4423696.72
162.0,4.0,4,0,0,0,1,Cairo,New Cairo,First Settlement,2nd,No,completed,6572755.85
147.1,3.0,2,0,1,1,1,Cairo,Old Cairo,Maadi,1st,Yes,completed,6818643.21
66.7,2.0,2,0,1,0,1,Giza,New Giza,New Giza,2nd,No,completed,4167573.99
138.1,3.0,3,0,1,1,1,Cairo,Old Cairo,Maadi,1st,Yes,completed,5127590.81
201.0,4.0,3,0,1,0,1,Cairo,Old Cairo,Maadi,2nd,No,completed,7969296.32
91.6,5.0,4,0,1,1,1,Alexandria,West,Agami,1st,Semi,completed,2334949.25
93.9,2.0,1,0,0,1,0,Cairo,Old Cairo,Maadi,2nd,No,completed,3350279.59
69.7,3.0,3,0,1,0,1,Giza,New Giza,New Giza,2nd,No,completed,4187180.09
160.6,3.0,3,0,1,1,1,Alexandria,East,Sidi Gaber,2nd,No,completed,4004621.21
223.4,5.0,4,0,1,1,1,Alexandria,East,Sidi Bishr,1st,Semi,completed,5412523.64
116.8,3.0,2,0,1,0,1,Cairo,Old Cairo,Maadi,3rd,No,completed,4467997.38
65.1,3.0,3,0,1,1,1,Tanta,Central,Saeed,1st,No,under_construction,772970.41
100.8,4.0,4,0,1,1,1,Cairo,New Cairo,Nasr City,2nd,No,completed,3331372.96
86.1,1.0,1,0,1,1,1,Giza,New Giza,New Giza,2nd,No,off_plan,3599665.28
110.6,3.0,2,0,1,0,0,Giza,West Giza,Haram,1st,No,completed,2202604.63
138.2,3.0,3,0,1,1,1,Alexandria,East,Smouha,2nd,No,completed,3668273.78
128.9,2.0,1,0,1,1,1,Cairo,Old Cairo,Downtown,2nd,No,completed,4442321.9
141.5,4.0,3,0,0,1,1,Giza,West Giza,Sheikh Zayed,1st,Yes,completed,6932970.74
103.4,3.0,2,0,1,1,1,Cairo,Old Cairo,Maadi,1st,Semi,off_plan,2722512.68
103.8,2.0,1,0,0,1,1,Cairo,Old Cairo,Maadi,2nd,No,completed,3499525.19
187.4,2.0,1,0,1,0,1,Cairo,Old Cairo,Maadi,2nd,No,completed,6653954.15
75.5,2.0,2,0,1,1,1,Cairo,Old Cairo,Downtown,2nd,Semi,under_construction,2139335.24
184.1,3.0,3,0,1,1,1,Cairo,Old Cairo,Downtown,1st,No,under_construction,4434362.61
113.5,2.0,2,0,1,0,1,Cairo,New Cairo,Madinaty,4th,Yes,completed,5366476.7
220.3,4.0,4,0,1,1,1,Alexandria,East,Sidi Gaber,1st,Semi,completed,5713546.81
102.1,5.0,4,0,0,1,1,Giza,New Giza,New Giza,2nd,No,off_plan,4695717.73
95.9,2.0,1,0,1,0,1,Giza,West Giza,Sheikh Zayed,2nd,No,completed,4545973.22
139.5,2.0,1,0,1,1,1,Tanta,Central,El Geish,1st,No,completed,2238434.22
73.2,2.0,1,0,1,1,1,Giza,West Giza,Dokki,1st,Yes,completed,2333845.09
103.3,2.0,2,0,1,1,1,Cairo,New Cairo,First Settlement,2nd,Yes,completed,5093985.64
132.0,3.0,3,0,1,1,0,Cairo,New Cairo,Nasr City,2nd,No,completed,4133152.17
110.4,2.0,2,0,1,1,1,Giza,New Giza,New Giza,2nd,Semi,completed,5442543.81
167.9,1.0,1,0,1,1,1,Alexandria,East,Smouha,2nd,No,under_construction,3932134.14
130.5,3.0,2,0,1,1,1,Giza,West Giza,6th of October,2nd,No,completed,4504863.57
133.6,3.0,3,0,1,1,1,Alexandria,East,Sidi Bishr,2nd,Yes,completed,3759911.16
92.2,3.0,2,0,1,0,1,Alexandria,East,Smouha,1st,No,under_construction,2326224.29
57.7,2.0,1,0,1,1,1,Cairo,Old Cairo,Maadi,3rd,Yes,off_plan,2016821.55
212.8,1.0,1,0,1,0,1,Alexandria,East,Smouha,1st,No,off_plan,4057737.6
208.9,1.0,1,0,1,1,1,Alexandria,East,Sidi Bishr,2nd,No,completed,4556376.14
94.9,2.0,1,0,1,0,1,Cairo,New Cairo,Madinaty,2nd,No,completed,4211220.24
95.1,4.0,3,0,1,0,1,Alexandria,West,Borg El Arab,2nd,No,completed,1867430.82
70.6,4.0,4,0,1,0,1,Cairo,Old Cairo,Zamalek,1st,No,completed,4940606.15
187.4,1.0,1,0,1,1,1,Alexandria,East,Sidi Gaber,1st,No,under_construction,3524850.74
112.6,,3,1,1,0,1,Cairo,Old Cairo,Downtown,2nd,No,completed,3922641.32
94.8,2.0,1,0,1,1,1,Mansoura,Central,Toriel,1st,No,completed,1372241.23
49.9,,2,1,1,1,1,Alexandria,East,Sidi Gaber,1st,Yes,completed,1403516.46
186.1,3.0,2,0,1,1,1,Giza,West Giza,Mohandessin,2nd,No,completed,6386495.86
159.7,5.0,5,0,1,1,1,Tanta,Central,Saeed,1st,Semi,completed,2133819.8
140.2,2.0,1,0,1,1,1,Giza,New Giza,New Giza,2nd,No,under_construction,6262279.64
113.6,,3,1,1,1,1,Cairo,New Cairo,First Settlement,1st,No,completed,5023600.65
114.1,3.0,3,0,1,0,1,Alexandria,West,Agami,1st,Semi,completed,2829929.66
68.8,5.0,5,0,1,0,1,Giza,New Giza,New Giza,2nd,No,completed,4140835.95
143.0,3.0,2,0,1,0,1,Cairo,Old Cairo,Downtown,1st,No,completed,4974556.93
151.4,2.0,1,0,0,1,1,Alexandria,East,Sidi Bishr,1st,No,completed,3487195.37
171.8,4.0,3,0,1,1,1,Giza,New Giza,New Giza,1st,Semi,completed,9739124.12
124.4,2.0,1,0,1,1,1,Giza,West Giza,6th of October,2nd,Yes,completed,4391751.68
74.0,2.0,2,0,1,1,1,Cairo,New Cairo,Madinaty,2nd,Yes,completed,3863959.61
97.3,3.0,2,0,1,0,0,Cairo,Old Cairo,Downtown,1st,No,completed,3533369.62
147.3,3.0,2,0,1,1,1,Cairo,New Cairo,Nasr City,1st,No,under_construction,3395946.72
70.6,4.0,4,0,1,1,1,Alexandria,West,Agami,1st,No,completed,1511738.04
148.0,2.0,2,0,1,0,1,Cairo,Old Cairo,Zamalek,1st,Yes,under_construction,8675324.36
135.2,3.0,3,0,1,1,1,Cairo,New Cairo,Madinaty,3rd,Yes,completed,7028254.2
106.3,3.0,2,0,1,1,1,Cairo,New Cairo,Heliopolis,2nd,Yes,completed,3976415.12
168.3,1.0,1,0,1,1,1,Cairo,Old Cairo,Zamalek,1st,Semi,off_plan,8280625.92
221.8,3.0,3,0,1,1,1,Cairo,New Cairo,Madinaty,4th,Yes,completed,11029630.17
172.2,3.0,3,0,1,1,1,Giza,West Giza,Mohandessin,2nd,No,completed,6142120.12
79.6,2.0,1,0,1,0,1,Cairo,New Cairo,Nasr City,2nd,Semi,completed,2177309.42
142.0,2.0,1,0,1,1,1,Alexandria,West,Borg El Arab,1st,No,completed,2352831.43
145.0,1.0,1,0,0,0,1,Giza,New Giza,New Giza,2nd,Yes,completed,7163443.02
131.3,3.0,2,0,1,1,1,Tanta,Central,El Geish,2nd,No,completed,1926539.48
99.5,5.0,4,0,1,1,1,Cairo,New Cairo,Fifth Settlement,1st,No,completed,5851145.76
135.4,4.0,4,0,1,0,1,Giza,West Giza,Dokki,2nd,No,completed,4046322.24
113.7,3.0,3,0,1,0,1,Giza,New Giza,New Giza,2nd,Semi,completed,6950474.12
94.2,3.0,3,0,1,0,1,Cairo,Old Cairo,Downtown,2nd,Yes,completed,3241488.96
104.9,3.0,2,0,1,0,1,Cairo,New Cairo,Nasr City,4th,No,completed,2893600.22
74.7,5.0,4,0,1,1,1,Cairo,New Cairo,Fifth Settlement,3rd,No,completed,3923876.94
248.0,4.0,3,0,1,1,1,Alexandria,West,Agami,1st,No,under_construction,4211589.08
169.6,3.0,2,0,1,0,1,Giza,New Giza,New Giza,2nd,Semi,under_construction,7248556.11
167.5,1.0,1,0,1,0,1,Giza,West Giza,Mohandessin,1st,Yes,completed,6549553.95
140.7,1.0,1,0,1,1,1,Cairo,Old Cairo,Downtown,2nd,No,completed,4722874.87
115.9,2.0,1,0,0,0,1,Tanta,Central,Saeed,1st,No,completed,1763106.69
142.5,,2,1,1,1,1,Giza,New Giza,New Giza,1st,Yes,completed,8485220.29
88.9,2.0,1,0,1,1,1,Giza,West Giza,Mohandessin,1st,No,under_construction,2865046.79
177.6,4.0,3,0,1,0,1,Cairo,New Cairo,First Settlement,1st,No,completed,8103307.8
68.5,3.0,3,0,1,1,1,Giza,West Giza,Dokki,2nd,No,completed,2149996.83
103.2,1.0,1,0,1,1,1,Giza,New Giza,New Giza,2nd,No,completed,6490368.02
153.5,,2,1,1,0,1,Giza,New Giza,New Giza,2nd,No,completed,8659544.48
133.6,2.0,2,0,1,1,1,Alexandria,West,Agami,2nd,No,completed,2973979.71
103.9,2.0,2,0,1,1,1,Cairo,Old Cairo,Maadi,3rd,Semi,under_construction,3293783.12
82.6,2.0,1,0,1,1,1,Cairo,New Cairo,Fifth Settlement,3rd,No,completed,4005044.33
76.8,2.0,1,0,1,1,1,Mansoura,Central,Toriel,1st,No,completed,1185611.1
182.8,1.0,1,0,1,1,1,Cairo,New Cairo,Fifth Settlement,3rd,Semi,completed,7676882.63
140.2,1.0,1,0,0,1,1,Alexandria,West,Borg El Arab,2nd,Yes,completed,2493495.21
66.7,3.0,3,0,1,1,1,Cairo,Old Cairo,Zamalek,2nd,No,completed,4232179.36
239.1,4.0,4,0,1,1,1,Cairo,Old Cairo,Maadi,2nd,Yes,under_construction,7317373.32
162.5,3.0,3,0,1,0,1,Cairo,New Cairo,First Settlement,1st,No,completed,6322430.36
166.3,3.0,3,0,1,1,1,Cairo,Old Cairo,Zamalek,2nd,No,completed,9373663.7
157.1,2.0,1,0,0,0,1,Cairo,Old Cairo,Downtown,1st,Semi,completed,4855229.78
139.5,4.0,3,0,0,1,1,Giza,West Giza,Dokki,2nd,Yes,under_construction,3426914.0
115.0,3.0,3,0,0,0,1,Giza,New Giza,New Giza,2nd,No,completed,6908390.77
87.4,4.0,4,0,1,0,1,Cairo,Old Cairo,Zamalek,2nd,Yes,off_plan,4659969.99
70.9,4.0,4,0,1,1,1,Giza,New Giza,New Giza,2nd,No,under_construction,3255929.49
99.1,,3,1,1,0,1,Tanta,Central,Saeed,1st,Yes,under_construction,1308290.2
124.7,4.0,3,0,1,0,1,Alexandria,West,Agami,1st,No,completed,2791798.61
175.0,2.0,2,0,1,1,1,Giza,West Giza,Sheikh Zayed,1st,No,under_construction,6362472.34
120.0,4.0,3,0,1,0,1,Cairo,Old Cairo,Downtown,1st,Semi,completed,3731839.08
196.8,3.0,3,0,1,0,1,Alexandria,East,Sidi Gaber,2nd,No,off_plan,3934179.38
106.2,2.0,2,0,1,1,1,Cairo,Old Cairo,Downtown,2nd,No,completed,3171808.15
136.9,5.0,4,0,1,0,1,Alexandria,West,Borg El Arab,2nd,Yes,completed,2354757.22
116.4,4.0,4,0,1,1,1,Cairo,Old Cairo,Downtown,1st,No,completed,3836150.33
114.9,4.0,4,0,1,1,1,Alexandria,West,Agami,2nd,Semi,under_construction,2062034.8
113.9,3.0,3,0,1,1,1,Mansoura,Central,El Mashaya,2nd,No,completed,1979359.4
85.9,2.0,2,0,1,0,1,Cairo,Old Cairo,Maadi,2nd,No,completed,3138760.69
170.1,3.0,3,0,1,1,1,Giza,New Giza,New Giza,1st,No,off_plan,6938556.26
177.4,4.0,4,0,1,1,1,Cairo,Old Cairo,Maadi,2nd,No,under_construction,5087524.28
212.7,5.0,4,0,1,1,1,Cairo,New Cairo,First Settlement,3rd,Yes,completed,8891629.44
40.1,2.0,1,0,0,0,1,Giza,New Giza,New Giza,2nd,Semi,off_plan,1723866.38
197.3,3.0,2,0,1,1,1,Cairo,New Cairo,Fifth Settlement,3rd,Yes,off_plan,8901793.99
113.1,3.0,2,0,1,1,1,Alexandria,West,Borg El Arab,1st,Yes,under_construction,1713354.61
106.0,2.0,2,0,1,0,1,Alexandria,East,Sidi Gaber,1st,Semi,completed,2559961.32
288.5,3.0,2,0,1,1,1,Cairo,New Cairo,Madinaty,4th,Yes,under_construction,9732532.33
191.2,4.0,3,0,1,1,1,Cairo,New Cairo,Nasr City,2nd,No,completed,5384994.64
135.1,3.0,3,0,1,1,1,Cairo,New Cairo,Rehab,3rd,No,completed,6152492.99
167.7,3.0,3,0,1,0,1,Cairo,New Cairo,Fifth Settlement,3rd,No,under_construction,7522023.54
198.9,2.0,1,0,0,0,1,Alexandria,West,Agami,1st,Semi,off_plan,3360539.96
142.5,1.0,1,0,1,1,1,Cairo,Old Cairo,Downtown,1st,Yes,under_construction,3526471.14
112.7,4.0,4,0,1,1,1,Cairo,Old Cairo,Zamalek,2nd,No,under_construction,5654855.69
192.2,2.0,2,0,1,1,1,Giza,New Giza,New Giza,2nd,Yes,under_construction,10670334.35
130.5,2.0,1,0,1,0,1,Giza,New Giza,New Giza,2nd,Semi,completed,6739911.66
95.7,5.0,4,0,1,1,1,Cairo,Old Cairo,Downtown,2nd,Semi,off_plan,2824574.29
59.2,4.0,3,0,1,1,1,Giza,New Giza,New Giza,1st,No,completed,3505085.11
86.5,2.0,2,0,0,1,1,Alexandria,West,Borg El Arab,1st,No,completed,1343315.12
97.8,4.0,3,0,1,1,1,Cairo,New Cairo,Heliopolis,1st,No,under_construction,2843398.12
118.5,3.0,2,0,1,0,1,Alexandria,East,Sidi Bishr,2nd,No,completed,2783506.84
165.6,2.0,2,0,1,1,1,Cairo,New Cairo,Madinaty,4th,No,off_plan,5027985.13
134.3,2.0,1,0,1,0,1,Giza,West Giza,6th of October,1st,Yes,completed,4694802.37
107.9,2.0,2,0,1,1,1,Alexandria,East,Sidi Gaber,1st,Yes,completed,3244184.63
115.1,2.0,2,0,1,1,1,Cairo,Old Cairo,Downtown,1st,No,under_construction,3206291.14
95.5,3.0,3,0,1,1,1,Alexandria,West,Borg El Arab,2nd,Yes,completed,1745730.41
160.4,3.0,2,0,0,1,1,Cairo,New Cairo,Heliopolis,1st,No,completed,6046371.09
115.9,3.0,2,0,1,1,1,Alexandria,East,Smouha,1st,Semi,completed,3202164.86
79.6,5.0,5,0,1,1,1,Mansoura,Central,Toriel,1st,No,completed,1334591.6
118.0,1.0,1,0,1,0,1,Cairo,Old Cairo,Zamalek,1st,No,completed,8155972.06
114.2,4.0,3,0,1,1,1,Giza,New Giza,New Giza,1st,No,completed,6388896.5
103.9,,3,1,1,1,1,Alexandria,East,Sidi Bishr,1st,No,completed,2376542.19
119.5,2.0,1,0,1,1,1,Giza,New Giza,New Giza,2nd,No,completed,7362559.84
189.7,4.0,3,0,1,1,1,Giza,New Giza,New Giza,1st,Yes,under_construction,10676336.21
161.4,4.0,3,0,1,0,1,Giza,New Giza,New Giza,1st,No,completed,9332926.43
146.4,5.0,4,0,1,0,1,Giza,New Giza,New Giza,1st,Semi,completed,9366122.21
118.6,2.0,2,0,1,1,1,Cairo,New Cairo,First Settlement,1st,No,under_construction,3844204.4
120.9,2.0,1,0,0,1,1,Alexandria,East,Sidi Bishr,2nd,Semi,under_construction,2383299.04
99.2,4.0,4,0,1,0,1,Giza,New Giza,New Giza,1st,No,under_construction,4657048.29
224.5,5.0,5,0,1,1,1,Giza,West Giza,Haram,1st,No,completed,4259565.93
145.4,3.0,2,0,1,1,1,Giza,West Giza,Haram,2nd,No,off_plan,2192727.75
128.0,2.0,1,0,0,1,1,Giza,West Giza,Mohandessin,2nd,No,off_plan,3138467.67
107.9,2.0,2,0,1,1,1,Tanta,Central,Saeed,1st,No,completed,1350668.75
108.3,4.0,3,0,1,0,1,Cairo,New Cairo,Rehab,1st,Semi,completed,4851725.81
117.2,4.0,3,0,0,1,1,Giza,West Giza,Haram,3rd,Semi,completed,3119223.53
244.3,3.0,2,0,1,1,1,Alexandria,West,Agami,2nd,No,under_construction,4229532.62
55.8,2.0,2,0,1,0,1,Cairo,New Cairo,Nasr City,4th,No,under_construction,1434959.54
99.9,2.0,2,0,1,0,1,Cairo,Old Cairo,Downtown,1st,No,completed,3184901.33
108.4,3.0,2,0,0,1,1,Cairo,Old Cairo,Maadi,1st,Semi,completed,4283351.25
154.6,5.0,5,0,0,0,1,Cairo,New Cairo,Fifth Settlement,3rd,Yes,completed,8950824.52
108.5,2.0,2,0,1,1,1,Cairo,Old Cairo,Downtown,1st,Semi,off_plan,2197462.57
85.8,5.0,4,0,1,1,1,Giza,West Giza,Haram,1st,Yes,completed,2148568.57
102.9,3.0,3,0,1,0,1,Alexandria,West,Agami,1st,Semi,under_construction,2240846.95
139.5,2.0,1,0,1,1,1,Giza,New Giza,New Giza,2nd,Semi,under_construction,6009370.72
133.9,4.0,4,0,1,1,1,Cairo,New Cairo,Rehab,1st,Yes,under_construction,4718442.49
133.2,3.0,3,0,1,1,1,Giza,West Giza,Dokki,2nd,No,under_construction,3694276.71
113.9,4.0,3,0,1,0,1,Mansoura,Central,El Mashaya,1st,No,off_plan,1475080.13
87.4,3.0,3,0,0,1,1,Giza,West Giza,Mohandessin,1st,Semi,off_plan,2253061.47
144.2,2.0,1,0,1,1,1,Alexandria,East,Sidi Bishr,2nd,Semi,under_construction,2498208.54
120.7,2.0,1,0,1,0,1,Alexandria,East,Sidi Gaber,2nd,Yes,under_construction,2641646.98
140.1,3.0,2,0,1,1,1,Cairo,Old Cairo,Zamalek,2nd,No,completed,8946923.16
103.3,5.0,4,0,1,0,1,Cairo,New Cairo,Madinaty,4th,Yes,completed,5534185.29
100.6,1.0,1,0,1,0,1,Alexandria,East,Sidi Gaber,1st,Semi,completed,2167449.61
71.0,4.0,3,0,1,1,1,Cairo,New Cairo,Heliopolis,1st,No,completed,2623156.27
125.7,2.0,2,0,1,1,1,Alexandria,West,Agami,1st,No,off_plan,2008011.27
66.0,2.0,1,0,1,0,1,Cairo,New Cairo,First Settlement,3rd,No,under_construction,2217451.76
145.0,2.0,2,0,1,1,0,Giza,New Giza,New Giza,1st,Semi,completed,9057722.2
114.9,3.0,2,0,1,0,1,Giza,West Giza,Dokki,2nd,No,under_construction,2764073.88
141.2,,2,1,1,1,1,Mansoura,Central,Toriel,1st,Yes,completed,2597750.94
127.6,3.0,3,0,1,1,1,Mansoura,Central,Toriel,1st,No,completed,2032056.17
388.2,1.0,1,0,0,1,1,Giza,New Giza,New Giza,2nd,No,under_construction,15392326.42
120.7,3.0,2,0,1,1,1,Giza,New Giza,New Giza,2nd,No,completed,6851124.8
224.5,2.0,2,0,1,1,1,Tanta,Central,Saeed,1st,No,under_construction,2450486.72
157.6,4.0,3,0,1,0,1,Cairo,New Cairo,Rehab,1st,No,completed,7506275.52
95.3,2.0,2,0,1,0,1,Cairo,New Cairo,First Settlement,1st,Yes,under_construction,3442488.16
203.1,3.0,3,0,1,1,1,Cairo,New Cairo,Nasr City,2nd,No,completed,6612515.14
153.4,2.0,1,0,1,1,1,Cairo,New Cairo,Fifth Settlement,3rd,No,under_construction,7190845.87
191.1,3.0,3,0,1,1,1,Cairo,New Cairo,Nasr City,2nd,Semi,completed,6152174.89
131.9,2.0,1,0,0,1,1,Alexandria,East,Sidi Gaber,1st,No,under_construction,3005465.22
85.3,2.0,1,0,1,0,1,Cairo,New Cairo,Fifth Settlement,3rd,Yes,completed,4502730.75
214.8,1.0,1,0,1,1,1,Mansoura,Central,Toriel,1st,Semi,off_plan,2310280.04
121.1,3.0,2,0,0,1,1,Giza,West Giza,Mohandessin,1st,Yes,completed,3991375.51
93.5,3.0,2,0,1,1,1,Tanta,Central,Saeed,1st,No,under_construction,1219936.18
129.5,3.0,2,0,1,1,1,Cairo,Old Cairo,Maadi,3rd,No,completed,4472861.3
153.4,4.0,4,0,1,1,1,Cairo,Old Cairo,Downtown,1st,Yes,off_plan,4162962.31
110.5,5.0,5,0,1,1,1,Alexandria,West,Borg El Arab,2nd,No,completed,2177812.04
129.1,3.0,3,0,1,0,1,Cairo,New Cairo,Nasr City,1st,No,off_plan,2797658.37
102.8,3.0,3,0,1,1,1,Cairo,Old Cairo,Downtown,1st,No,completed,3133731.75
154.3,3.0,3,0,1,1,1,Cairo,Old Cairo,Maadi,1st,Semi,completed,6295555.88
124.5,4.0,4,0,1,0,1,Giza,West Giza,Sheikh Zayed,2nd,No,completed,6113867.67
125.2,5.0,5,0,1,1,1,Giza,West Giza,Sheikh Zayed,2nd,Yes,completed,6602035.04
162.8,4.0,3,0,1,1,1,Tanta,Central,Saeed,1st,No,under_construction,1727303.8
139.8,5.0,5,0,1,1,1,Giza,West Giza,Dokki,1st,Semi,completed,4702919.55
181.8,3.0,2,0,1,1,1,Mansoura,Central,El Mashaya,2nd,No,under_construction,2729084.5
128.3,,2,1,1,1,1,Alexandria,West,Agami,1st,Yes,under_construction,2231825.42
167.7,2.0,1,0,1,0,1,Cairo,Old Cairo,Maadi,1st,Yes,completed,6959846.98
94.7,2.0,1,0,1,1,1,Cairo,New Cairo,Fifth Settlement,3rd,No,completed,5227515.02
128.0,4.0,3,0,1,1,1,Cairo,New Cairo,Heliopolis,1st,No,completed,4702614.34
134.4,1.0,1,0,1,1,1,Giza,New Giza,New Giza,1st,No,off_plan,5843590.64
140.1,3.0,3,0,1,0,1,Tanta,Central,El Geish,1st,Semi,completed,2254227.26
158.2,3.0,3,0,1,0,1,Cairo,New Cairo,Heliopolis,1st,No,under_construction,4549249.78
149.2,2.0,2,0,1,0,1,Cairo,Old Cairo,Maadi,3rd,No,off_plan,3764567.0
126.6,1.0,1,0,0,1,1,Cairo,Old Cairo,Maadi,2nd,No,completed,4090868.88
131.9,2.0,2,0,1,1,1,Mansoura,Central,El Mashaya,1st,No,completed,2334986.7
122.9,,3,1,1,1,1,Giza,New Giza,New Giza,2nd,Semi,completed,6697263.88
130.8,2.0,1,0,1,1,1,Giza,West Giza,Mohandessin,1st,No,under_construction,3722589.08
138.4,,4,1,1,1,1,Cairo,Old Cairo,Zamalek,1st,No,completed,8916280.24
314.8,2.0,1,0,1,1,1,Cairo,Old Cairo,Maadi,2nd,No,under_construction,8435531.38
242.5,2.0,1,0,1,0,1,Mansoura,Central,El Mashaya,1st,No,under_construction,2912886.8
190.0,4.0,3,0,1,0,1,Cairo,Old Cairo,Maadi,1st,Yes,completed,7864505.11
194.9,2.0,1,0,1,0,1,Giza,West Giza,6th of October,2nd,Semi,under_construction,4944569.49
69.5,3.0,2,0,1,1,1,Alexandria,East,Smouha,2nd,Yes,off_plan,1667867.26
121.8,4.0,3,0,1,1,1,Cairo,Old Cairo,Downtown,2nd,Semi,off_plan,3023772.63
191.0,3.0,3,0,1,1,1,Cairo,New Cairo,First Settlement,2nd,Semi,under_construction,6769570.16
80.5,4.0,3,0,1,1,1,Alexandria,West,Agami,1st,No,under_construction,1299863.96
136.0,3.0,2,0,1,1,1,Cairo,Old Cairo,Maadi,3rd,No,completed,5299843.39
69.3,2.0,1,0,0,1,1,Giza,West Giza,Sheikh Zayed,2nd,Yes,completed,3302475.37
165.6,3.0,3,0,1,0,1,Giza,West Giza,Sheikh Zayed,2nd,Semi,completed,8463672.03
103.3,1.0,1,0,1,1,1,Cairo,Old Cairo,Maadi,2nd,Semi,completed,4213945.56
251.9,3.0,3,0,1,1,1,Cairo,New Cairo,First Settlement,1st,Yes,off_plan,8109739.57
137.0,2.0,1,0,0,0,1,Cairo,New Cairo,Madinaty,3rd,No,completed,5241590.6
133.3,3.0,3,0,0,0,1,Cairo,Old Cairo,Maadi,1st,No,completed,4814245.88
93.5,2.0,1,0,1,0,1,Giza,New Giza,New Giza,2nd,Yes,completed,5289216.51
65.4,2.0,1,0,1,0,1,Giza,New Giza,New Giza,1st,Semi,under_construction,3372687.4
204.5,1.0,1,0,1,1,1,Giza,West Giza,6th of October,3rd,Yes,under_construction,5985250.59
111.4,4.0,4,0,1,1,1,Cairo,New Cairo,Rehab,1st,Semi,under_construction,3906543.86
116.3,,3,1,1,1,1,Cairo,Old Cairo,Maadi,2nd,Yes,completed,4642459.5
118.9,3.0,3,0,1,1,1,Giza,New Giza,New Giza,2nd,Yes,under_construction,6538781.98
76.2,2.0,1,0,1,0,1,Mansoura,Central,El Mashaya,2nd,Yes,completed,1589009.39
216.3,2.0,1,0,1,1,1,Giza,New Giza,New Giza,2nd,No,completed,13340712.69
87.4,4.0,4,0,1,1,1,Cairo,Old Cairo,Downtown,2nd,No,completed,2789100.64
120.5,4.0,3,0,1,0,1,Alexandria,East,Sidi Bishr,2nd,No,completed,2848583.71
139.9,3.0,2,0,1,1,1,Giza,West Giza,Haram,3rd,Yes,off_plan,2295753.2
85.4,2.0,2,0,1,1,1,Giza,New Giza,New Giza,1st,No,completed,4968025.16
66.0,1.0,1,0,1,0,1,Giza,West Giza,Mohandessin,2nd,No,completed,2322861.49
138.1,3.0,2,0,1,1,1,Cairo,Old Cairo,Maadi,1st,No,completed,4341463.45
125.6,4.0,3,0,1,0,1,Cairo,New Cairo,Nasr City,1st,Semi,completed,3553964.88
80.7,2.0,1,0,1,0,1,Tanta,Central,El Geish,1st,Yes,under_construction,1130982.13
196.3,5.0,5,0,1,1,1,Giza,New Giza,New Giza,1st,No,off_plan,8738552.97
124.5,3.0,2,0,1,1,1,Cairo,Old Cairo,Downtown,2nd,No,under_construction,3478164.67
279.2,3.0,3,0,1,0,1,Mansoura,Central,Toriel,1st,Semi,under_construction,3423968.91
139.4,2.0,2,0,1,1,1,Giza,West Giza,6th of October,3rd,No,under_construction,3136900.77
106.5,1.0,1,0,1,0,1,Cairo,Old Cairo,Zamalek,2nd,No,completed,6567181.82
229.4,2.0,1,0,1,1,1,Tanta,Central,Saeed,1st,No,completed,2719730.62
63.4,2.0,1,0,1,1,0,Cairo,New Cairo,Madinaty,3rd,Semi,completed,2672088.04
191.1,3.0,2,0,0,1,1,Giza,West Giza,Mohandessin,1st,No,off_plan,4154108.53
184.7,,2,1,1,1,0,Cairo,New Cairo,Rehab,1st,No,off_plan,5884903.09
85.0,2.0,2,0,1,1,1,Cairo,Old Cairo,Maadi,2nd,No,under_construction,2409856.3
109.0,3.0,3,0,0,1,1,Cairo,New Cairo,Rehab,2nd,Yes,under_construction,4560062.56
80.1,3.0,3,0,1,1,1,Cairo,Old Cairo,Zamalek,1st,No,completed,4821265.42
75.7,2.0,1,0,1,0,1,Alexandria,West,Borg El Arab,2nd,No,off_plan,1030537.12
163.8,3.0,2,0,1,1,1,Cairo,Old Cairo,Zamalek,2nd,No,under_construction,8821614.92
82.2,3.0,2,0,1,0,1,Cairo,Old Cairo,Zamalek,1st,No,completed,5424009.77
69.3,4.0,3,0,1,1,1,Cairo,Old Cairo,Zamalek,1st,No,completed,5424208.69
125.0,2.0,1,0,1,0,1,Cairo,Old Cairo,Downtown,2nd,Yes,completed,4721366.27
156.3,3.0,2,0,1,1,1,Alexandria,East,Smouha,1st,No,completed,4235196.47
72.8,3.0,2,0,1,1,1,Cairo,Old Cairo,Downtown,2nd,Semi,under_construction,1931091.28
212.9,2.0,1,0,1,1,1,Tanta,Central,Saeed,1st,No,completed,2183756.69
278.8,3.0,2,0,1,1,1,Mansoura,Central,El Mashaya,1st,Semi,under_construction,3821659.45
70.3,3.0,2,0,1,0,1,Cairo,New Cairo,Heliopolis,2nd,No,completed,2581202.04
169.0,2.0,2,0,0,0,1,Cairo,Old Cairo,Maadi,2nd,Semi,completed,6592143.59
128.8,2.0,2,0,1,1,1,Alexandria,East,Sidi Gaber,1st,No,completed,3171145.69
145.7,2.0,1,0,1,1,1,Mansoura,Central,Toriel,1st,No,completed,1862132.74
256.8,2.0,1,0,1,1,1,Giza,West Giza,Dokki,2nd,No,completed,7755957.71
112.9,3.0,3,0,1,0,1,Alexandria,West,Borg El Arab,1st,No,completed,1912551.39
180.5,3.0,2,0,1,1,1,Cairo,New Cairo,Madinaty,3rd,No,under_construction,6736538.74
111.6,3.0,2,0,1,1,1,Giza,New Giza,New Giza,2nd,No,completed,6072749.43
147.3,4.0,4,0,1,1,1,Alexandria,East,Sidi Gaber,2nd,No,completed,3514600.79
170.1,2.0,1,0,1,0,1,Alexandria,East,Sidi Gaber,2nd,Semi,completed,4482276.2
174.8,3.0,2,0,0,1,1,Cairo,Old Cairo,Zamalek,2nd,No,off_plan,8518015.36
100.8,3.0,2,0,1,0,1,Cairo,New Cairo,Fifth Settlement,2nd,No,completed,4914499.14
173.4,2.0,1,0,1,1,1,Cairo,New Cairo,Nasr City,1st,No,under_construction,4117537.45
71.4,1.0,1,0,1,0,1,Giza,New Giza,New Giza,1st,Semi,under_construction,3155223.4
110.6,2.0,1,0,1,0,1,Giza,New Giza,New Giza,1st,No,completed,6319256.69
113.4,1.0,1,0,1,1,1,Giza,West Giza,6th of October,3rd,No,under_construction,2824738.91
181.3,2.0,1,0,1,1,1,Cairo,New Cairo,Heliopolis,2nd,Yes,completed,7086505.46
103.0,1.0,1,0,1,1,1,Cairo,Old Cairo,Zamalek,1st,Yes,under_construction,5611131.21
148.4,2.0,2,0,1,1,1,Giza,West Giza,6th of October,1st,Semi,completed,4687629.32
97.8,1.0,1,0,1,0,1,Cairo,New Cairo,First Settlement,3rd,Yes,completed,3999129.97
185.1,,3,1,1,0,1,Cairo,New Cairo,Heliopolis,1st,No,completed,6477222.02
91.5,4.0,3,0,1,1,1,Cairo,New Cairo,First Settlement,1st,Semi,under_construction,3175276.21
138.3,2.0,1,0,1,1,1,Alexandria,West,Borg El Arab,2nd,Yes,off_plan,1822810.98
63.9,2.0,1,0,1,0,0,Alexandria,West,Agami,2nd,Yes,completed,1547755.76
107.4,3.0,2,0,1,1,1,Cairo,Old Cairo,Maadi,2nd,Yes,completed,4535956.45
154.7,2.0,1,0,1,1,1,Cairo,New Cairo,First Settlement,3rd,No,under_construction,5014367.89
145.0,3.0,2,0,1,1,1,Cairo,New Cairo,First Settlement,3rd,No,under_construction,4353438.96
73.7,,3,1,1,1,1,Cairo,Old Cairo,Maadi,2nd,No,completed,2832347.03
204.9,2.0,1,0,1,1,1,Cairo,New Cairo,Madinaty,1st,No,under_construction,7434248.63
66.3,3.0,3,0,1,1,1,Giza,New Giza,New Giza,2nd,No,completed,3581428.67
120.7,2.0,1,0,0,0,1,Mansoura,Central,Toriel,1st,Yes,under_construction,1508541.41
143.0,3.0,2,0,1,1,1,Giza,West Giza,Sheikh Zayed,1st,No,off_plan,5132825.01
86.5,5.0,5,0,1,1,1,Cairo,Old Cairo,Zamalek,1st,Semi,completed,5672441.46
138.9,5.0,4,0,1,0,1,Tanta,Central,Saeed,1st,No,completed,1998096.67
62.9,3.0,3,0,1,1,1,Cairo,Old Cairo,Maadi,1st,No,under_construction,1901592.71
99.0,5.0,4,0,1,1,1,Giza,New Giza,New Giza,2nd,No,completed,5675970.22
146.5,1.0,1,0,1,1,1,Giza,New Giza,New Giza,2nd,Yes,completed,8301996.69
131.3,3.0,3,0,1,1,1,Giza,New Giza,New Giza,2nd,Yes,under_construction,6340781.42
128.0,2.0,1,0,1,1,1,Tanta,Central,Saeed,1st,No,completed,2021857.55
100.9,2.0,2,0,0,1,1,Cairo,New Cairo,Heliopolis,2nd,Semi,under_construction,3019352.41
66.0,3.0,2,0,1,1,1,Cairo,New Cairo,Madinaty,4th,Yes,completed,3650738.99
98.1,3.0,2,0,1,1,1,Giza,West Giza,Sheikh Zayed,3rd,No,under_construction,4577168.96
168.0,1.0,1,0,1,1,1,Mansoura,Central,Toriel,1st,No,completed,2299091.26
166.7,3.0,3,0,1,1,1,Cairo,Old Cairo,Maadi,1st,No,completed,6350280.04
143.3,2.0,1,0,1,1,1,Cairo,Old Cairo,Maadi,2nd,No,completed,5298836.89
114.5,3.0,3,0,1,1,1,Cairo,Old Cairo,Downtown,1st,No,completed,3068190.75
80.9,1.0,1,0,1,0,1,Alexandria,East,Sidi Gaber,2nd,No,completed,2157632.74
56.2,3.0,2,0,1,1,1,Cairo,New Cairo,Fifth Settlement,3rd,No,under_construction,2092893.65
120.9,3.0,2,0,1,1,1,Cairo,New Cairo,Fifth Settlement,1st,Semi,completed,6874761.96
90.8,2.0,1,0,1,1,1,Cairo,Old Cairo,Downtown,2nd,No,completed,3283756.78
121.2,5.0,4,0,1,1,1,Alexandria,East,Sidi Gaber,1st,Yes,under_construction,2580629.52
175.9,4.0,3,0,1,1,1,Cairo,Old Cairo,Maadi,2nd,No,under_construction,5142039.53
104.3,,4,1,0,1,1,Cairo,Old Cairo,Downtown,2nd,No,completed,3160927.31
93.5,3.0,3,0,1,1,1,Giza,West Giza,Sheikh Zayed,3rd,No,completed,4776797.2
95.1,3.0,3,0,1,1,1,Cairo,New Cairo,Madinaty,4th,Semi,completed,5232765.75
190.0,3.0,2,0,0,0,1,Giza,West Giza,Haram,3rd,Yes,completed,4128309.97
165.3,4.0,3,0,1,1,0,Cairo,Old Cairo,Maadi,2nd,No,completed,6623324.07
222.0,4.0,4,0,1,1,1,Alexandria,East,Sidi Gaber,1st,No,completed,5651777.23
225.9,2.0,2,0,1,0,1,Cairo,Old Cairo,Maadi,3rd,Semi,off_plan,5477204.35
383.0,3.0,2,0,1,1,1,Cairo,New Cairo,Madinaty,3rd,No,completed,16760834.84
130.1,2.0,1,0,1,1,1,Alexandria,West,Borg El Arab,1st,No,under_construction,2072644.39
65.3,4.0,3,0,1,1,1,Cairo,Old Cairo,Downtown,1st,No,off_plan,1672469.94
127.4,5.0,5,0,0,0,1,Giza,New Giza,New Giza,2nd,Semi,completed,7262555.3
116.7,3.0,2,0,0,1,1,Cairo,New Cairo,Fifth Settlement,2nd,Semi,under_construction,5990696.31
138.4,4.0,4,0,1,0,1,Giza,West Giza,Mohandessin,1st,No,completed,4216200.68
89.0,5.0,4,0,0,1,1,Alexandria,East,Sidi Bishr,1st,Yes,off_plan,1755042.42
135.8,3.0,3,0,1,1,1,Tanta,Central,El Geish,2nd,No,completed,2196102.74
142.5,2.0,1,0,1,1,0,Tanta,Central,Saeed,1st,No,completed,1933577.48
104.3,5.0,4,0,1,0,1,Cairo,New Cairo,First Settlement,2nd,No,under_construction,3625697.56
94.4,4.0,3,0,1,1,1,Giza,West Giza,Mohandessin,1st,Yes,completed,3619394.33
144.0,3.0,2,0,1,1,0,Mansoura,Central,El Mashaya,1st,No,under_construction,2196437.29
95.0,2.0,1,0,1,1,1,Cairo,New Cairo,Heliopolis,1st,No,completed,3405081.47
155.1,2.0,1,0,1,1,1,Cairo,New Cairo,Madinaty,2nd,No,completed,6652723.61
115.6,3.0,3,0,1,1,1,Alexandria,West,Agami,2nd,No,under_construction,1969355.89
147.1,3.0,3,0,1,1,1,Alexandria,East,Smouha,1st,No,under_construction,3847059.5
134.3,3.0,3,0,1,0,1,Giza,West Giza,Sheikh Zayed,1st,Yes,completed,7192105.97
108.3,1.0,1,0,1,1,1,Alexandria,East,Smouha,2nd,No,completed,3039847.51
71.0,3.0,2,0,1,1,1,Cairo,Old Cairo,Maadi,1st,Semi,off_plan,2134929.88
71.8,3.0,3,0,1,1,0,Cairo,New Cairo,First Settlement,3rd,No,completed,3094006.85
123.9,2.0,2,0,1,1,1,Cairo,New Cairo,Nasr City,3rd,No,under_construction,2759201.54
110.4,1.0,1,0,1,1,1,Tanta,Central,Saeed,1st,Semi,under_construction,1212723.16
158.5,2.0,1,0,1,0,1,Giza,New Giza,New Giza,1st,Semi,completed,10789373.97
70.9,3.0,2,0,0,1,1,Giza,New Giza,New Giza,1st,Semi,completed,4201791.09
111.5,1.0,1,0,1,0,1,Giza,West Giza,Sheikh Zayed,3rd,Yes,completed,5862246.95
150.9,2.0,2,0,1,1,1,Giza,West Giza,Sheikh Zayed,1st,No,under_construction,6405077.81
197.2,2.0,1,0,1,1,1,Cairo,New Cairo,Rehab,3rd,Semi,completed,9197894.13
94.2,3.0,3,0,1,1,1,Tanta,Central,El Geish,1st,No,under_construction,1403703.58
93.1,,1,1,1,0,1,Giza,New Giza,New Giza,1st,No,off_plan,3807218.88
139.1,4.0,4,0,1,0,1,Mansoura,Central,El Mashaya,1st,Semi,under_construction,2255273.8
64.0,3.0,2,0,1,1,1,Cairo,Old Cairo,Downtown,2nd,Yes,completed,2304841.05
117.5,3.0,2,0,1,1,1,Giza,West Giza,6th of October,1st,No,under_construction,3052008.52
95.4,3.0,3,0,0,1,1,Alexandria,East,Sidi Bishr,2nd,Yes,completed,2423601.59
85.8,2.0,1,0,0,1,1,Cairo,New Cairo,First Settlement,1st,No,completed,3255570.35
160.7,2.0,2,0,1,1,1,Giza,West Giza,6th of October,3rd,No,completed,5337319.58
145.2,,2,1,1,1,1,Giza,West Giza,Dokki,2nd,No,under_construction,3994589.32
238.1,2.0,1,0,0,0,1,Mansoura,Central,El Mashaya,2nd,No,completed,3863935.44
130.4,3.0,3,0,1,0,1,Alexandria,West,Borg El Arab,1st,No,off_plan,1708047.66
89.1,2.0,2,0,0,0,1,Mansoura,Central,El Mashaya,2nd,No,completed,1524055.41
125.7,2.0,1,0,1,0,1,Mansoura,Central,Toriel,1st,No,completed,1734735.18
71.7,3.0,2,0,1,1,1,Tanta,Central,El Geish,1st,No,off_plan,897664.9
147.7,2.0,2,0,1,1,1,Giza,New Giza,New Giza,1st,No,under_construction,5746289.96
100.8,3.0,2,0,1,0,1,Giza,West Giza,Haram,3rd,No,under_construction,1518319.68
139.5,5.0,4,0,0,1,1,Cairo,New Cairo,Heliopolis,2nd,Semi,off_plan,4243694.46
103.0,1.0,1,0,1,1,1,Giza,New Giza,New Giza,1st,Yes,under_construction,5671442.65
314.0,3.0,2,0,1,1,1,Alexandria,West,Agami,1st,No,completed,6118657.65
110.8,2.0,1,0,1,1,1,Cairo,New Cairo,Fifth Settlement,3rd,Yes,completed,5138341.66
138.9,3.0,3,0,1,1,1,Alexandria,West,Agami,1st,Semi,off_plan,2200732.22
171.9,2.0,2,0,1,1,1,Giza,New Giza,New Giza,1st,Yes,under_construction,8963180.16
98.7,,2,1,1,1,1,Cairo,Old Cairo,Zamalek,1st,No,completed,5277774.41
132.0,1.0,1,0,1,1,1,Giza,West Giza,Mohandessin,1st,Yes,completed,5280929.3
125.4,4.0,3,0,1,0,1,Giza,West Giza,Sheikh Zayed,2nd,Yes,off_plan,4443994.31
93.6,2.0,1,0,0,1,1,Giza,New Giza,New Giza,1st,No,completed,5898315.3
100.9,3.0,3,0,1,1,1,Cairo,Old Cairo,Maadi,1st,Semi,off_plan,2693117.33
100.1,2.0,2,0,1,1,1,Alexandria,West,Agami,1st,Semi,under_construction,1669426.66
163.7,3.0,2,0,0,1,1,Cairo,New Cairo,Fifth Settlement,1st,Yes,off_plan,7337705.12
99.0,3.0,2,0,1,1,1,Giza,West Giza,Sheikh Zayed,1st,Semi,off_plan,3913294.19
165.5,,2,1,1,1,1,Giza,New Giza,New Giza,2nd,Semi,under_construction,9035984.86
182.4,4.0,3,0,1,1,1,Cairo,New Cairo,Heliopolis,2nd,No,completed,6378827.67
88.7,3.0,2,0,1,1,1,Cairo,New Cairo,Rehab,3rd,Yes,completed,4719215.34
189.0,3.0,3,0,1,1,0,Giza,New Giza,New Giza,1st,No,completed,9755010.05
77.8,2.0,1,0,0,0,1,Cairo,Old Cairo,Downtown,2nd,No,completed,2628843.58
224.4,3.0,2,0,1,0,1,Alexandria,West,Borg El Arab,2nd,Yes,completed,4230212.17
286.2,4.0,3,0,1,1,1,Alexandria,West,Borg El Arab,1st,Yes,completed,5496408.25
103.3,2.0,1,0,1,1,1,Giza,West Giza,Sheikh Zayed,1st,Yes,completed,6118989.47
91.4,1.0,1,0,1,0,1,Alexandria,East,Sidi Bishr,1st,No,completed,1711648.43
104.0,3.0,2,0,1,1,1,Giza,New Giza,New Giza,1st,No,completed,5940986.17
172.3,5.0,5,0,1,1,1,Giza,West Giza,Haram,3rd,Yes,off_plan,2532020.66
138.6,4.0,4,0,1,1,1,Mansoura,Central,Toriel,1st,No,completed,2144151.1
64.6,2.0,2,0,1,0,1,Cairo,Old Cairo,Maadi,1st,Yes,off_plan,1794133.17
143.3,1.0,1,0,1,1,1,Giza,West Giza,6th of October,3rd,Semi,completed,4635453.15
186.2,3.0,2,0,1,1,1,Cairo,New Cairo,Heliopolis,2nd,No,off_plan,4744803.17
140.8,3.0,2,0,1,0,1,Tanta,Central,El Geish,1st,Semi,completed,2505867.71
108.4,3.0,2,0,1,0,1,Cairo,Old Cairo,Maadi,1st,Yes,completed,4290835.12
148.5,2.0,1,0,1,1,1,Alexandria,West,Agami,1st,Yes,completed,3404629.76
238.3,4.0,4,0,1,1,1,Giza,West Giza,Sheikh Zayed,1st,No,completed,11537036.71
127.3,4.0,4,0,1,1,1,Cairo,New Cairo,Fifth Settlement,3rd,No,under_construction,4982907.53
148.8,4.0,4,0,1,1,1,Cairo,New Cairo,Fifth Settlement,3rd,No,completed,8453785.68
111.0,2.0,1,0,1,1,1,Cairo,New Cairo,Madinaty,2nd,Semi,completed,5156206.63
72.3,4.0,3,0,1,1,1,Cairo,Old Cairo,Downtown,2nd,Semi,completed,2203787.19
231.5,4.0,4,0,1,1,1,Cairo,Old Cairo,Downtown,1st,No,completed,6891969.32
187.8,4.0,4,0,1,0,1,Giza,West Giza,Sheikh Zayed,2nd,No,completed,8353410.51
79.9,2.0,1,0,1,1,1,Cairo,New Cairo,Rehab,3rd,No,under_construction,2868736.63
51.9,3.0,3,0,1,1,1,Giza,West Giza,Mohandessin,1st,Yes,completed,2078704.93
78.6,3.0,2,0,1,1,1,Giza,New Giza,New Giza,1st,Yes,completed,4974937.39
163.6,3.0,2,0,1,0,1,Giza,West Giza,6th of October,2nd,No,completed,6370968.05
58.7,3.0,2,0,1,1,0,Alexandria,East,Sidi Gaber,1st,No,completed,1458903.99
90.0,2.0,1,0,1,1,1,Giza,West Giza,Mohandessin,1st,No,completed,3308885.27
76.5,3.0,2,0,1,1,1,Giza,West Giza,Mohandessin,2nd,Semi,completed,3008623.72
106.1,3.0,2,0,1,1,1,Cairo,Old Cairo,Maadi,3rd,Yes,under_construction,3465801.43
165.0,,2,1,0,0,1,Cairo,New Cairo,Fifth Settlement,2nd,No,completed,9149702.45
144.7,1.0,1,0,1,1,1,Alexandria,West,Agami,1st,No,completed,2453443.33
100.1,3.0,3,0,0,1,1,Cairo,Old Cairo,Maadi,2nd,Yes,completed,4261016.95
125.0,1.0,1,0,1,0,1,Cairo,Old Cairo,Maadi,1st,No,completed,4163948.89
102.4,1.0,1,0,1,1,1,Giza,West Giza,Haram,1st,Semi,completed,2158708.01
105.3,4.0,4,0,0,1,1,Giza,West Giza,Haram,1st,Yes,completed,2601627.91
114.9,3.0,2,0,1,0,1,Alexandria,West,Agami,2nd,Semi,completed,2389423.36
106.1,3.0,2,0,1,1,1,Cairo,Old Cairo,Zamalek,1st,Semi,completed,6851977.47
168.3,5.0,4,0,1,1,1,Cairo,Old Cairo,Maadi,2nd,Semi,completed,6168602.04
51.7,1.0,1,0,1,0,1,Alexandria,West,Borg El Arab,2nd,Yes,under_construction,711598.65
125.8,3.0,3,0,1,0,1,Tanta,Central,El Geish,2nd,No,completed,1924517.78
107.4,2.0,2,0,1,1,1,Cairo,New Cairo,Heliopolis,1st,Yes,completed,3728382.38
89.0,2.0,1,0,1,1,1,Cairo,New Cairo,Heliopolis,1st,No,completed,3394226.68
133.9,3.0,2,0,1,1,1,Cairo,New Cairo,Rehab,2nd,No,completed,5845995.33
76.8,1.0,1,0,1,1,1,Giza,West Giza,Mohandessin,2nd,No,under_construction,2127036.36
87.0,2.0,1,0,1,0,0,Giza,New Giza,New Giza,1st,Yes,under_construction,4334886.59
56.9,2.0,2,0,0,1,1,Giza,New Giza,New Giza,1st,No,off_plan,2128720.5
256.0,5.0,4,0,1,0,1,Alexandria,West,Borg El Arab,2nd,Yes,under_construction,4325604.52
160.4,2.0,2,0,1,0,1,Cairo,New Cairo,Nasr City,1st,No,completed,4318387.28
124.7,4.0,4,0,1,1,1,Giza,New Giza,New Giza,1st,Semi,completed,7418538.44
65.5,3.0,2,0,1,1,1,Giza,New Giza,New Giza,2nd,Semi,completed,3473505.12
120.3,3.0,2,0,1,1,1,Alexandria,West,Agami,2nd,Yes,completed,2813509.11
143.1,2.0,1,0,1,1,1,Giza,New Giza,New Giza,1st,Yes,completed,9464269.86
107.7,3.0,3,0,0,1,1,Cairo,Old Cairo,Maadi,1st,No,completed,3829927.01
181.1,3.0,2,0,1,1,1,Cairo,New Cairo,Madinaty,4th,No,completed,8265302.26
118.6,4.0,3,0,1,0,1,Alexandria,East,Sidi Gaber,2nd,No,off_plan,1959943.79
183.5,,3,1,1,1,1,Alexandria,East,Sidi Gaber,2nd,Semi,under_construction,3518053.44
203.3,3.0,3,0,1,1,1,Cairo,New Cairo,First Settlement,2nd,Semi,under_construction,6125838.76
129.2,4.0,3,0,1,1,1,Cairo,New Cairo,First Settlement,1st,No,completed,5332944.56
116.8,2.0,1,0,1,1,1,Tanta,Central,Saeed,1st,No,completed,1418450.5
89.1,3.0,3,0,1,1,1,Tanta,Central,El Geish,2nd,Yes,completed,1771318.44
137.2,1.0,1,0,1,0,1,Giza,West Giza,Dokki,2nd,Semi,under_construction,2928315.8
187.4,2.0,2,0,1,0,1,Giza,New Giza,New Giza,2nd,Semi,completed,9954154.04
72.2,2.0,2,0,1,1,1,Mansoura,Central,Toriel,1st,Semi,completed,858540.05
65.7,2.0,2,0,1,1,0,Cairo,Old Cairo,Downtown,2nd,Semi,completed,2070231.87
109.5,2.0,1,0,1,1,1,Giza,New Giza,New Giza,2nd,No,completed,5290859.31
88.3,3.0,2,0,1,1,1,Cairo,Old Cairo,Maadi,2nd,Yes,completed,4209319.24
66.7,2.0,1,0,1,0,1,Giza,New Giza,New Giza,2nd,No,completed,3300634.09
137.2,2.0,2,0,1,1,1,Cairo,New Cairo,First Settlement,1st,Yes,completed,5386109.9
129.4,3.0,2,0,1,0,1,Cairo,New Cairo,Nasr City,1st,No,completed,4168202.41
154.5,1.0,1,0,0,1,1,Alexandria,East,Smouha,1st,Semi,completed,4338039.94
171.4,3.0,3,0,1,1,1,Cairo,New Cairo,Heliopolis,1st,No,under_construction,4385147.96
101.4,2.0,1,0,1,1,1,Cairo,New Cairo,First Settlement,3rd,No,under_construction,3172511.38
83.9,3.0,2,0,1,1,1,Alexandria,East,Sidi Gaber,2nd,No,completed,2183367.37
82.7,3.0,3,0,1,1,1,Mansoura,Central,El Mashaya,1st,No,under_construction,1019227.95
127.5,2.0,2,0,1,1,1,Giza,West Giza,Dokki,1st,No,off_plan,3098540.55
110.9,4.0,3,0,1,1,1,Cairo,New Cairo,First Settlement,2nd,No,completed,5066683.45
150.4,3.0,2,0,0,0,1,Cairo,Old Cairo,Zamalek,2nd,Yes,completed,11294541.07
106.0,3.0,2,0,1,1,1,Alexandria,West,Borg El Arab,1st,Yes,completed,2178935.58
118.6,5.0,4,0,1,1,1,Alexandria,East,Smouha,1st,No,under_construction,2488309.98
129.1,,3,1,1,1,1,Alexandria,East,Sidi Bishr,2nd,No,completed,3293369.22
66.3,4.0,4,0,1,1,1,Giza,West Giza,Dokki,1st,Yes,under_construction,1594865.43
134.0,2.0,1,0,1,1,1,Cairo,Old Cairo,Downtown,1st,No,off_plan,3462015.72
68.4,2.0,2,0,1,1,1,Cairo,New Cairo,Fifth Settlement,1st,No,completed,3315333.72
141.8,1.0,1,0,1,1,1,Cairo,Old Cairo,Maadi,1st,No,completed,5519851.39
176.7,3.0,2,0,1,1,1,Giza,New Giza,New Giza,2nd,No,completed,9059937.83
228.5,2.0,1,0,1,0,1,Giza,New Giza,New Giza,2nd,No,under_construction,9711060.85
83.6,2.0,2,0,1,1,1,Cairo,Old Cairo,Maadi,1st,Yes,completed,3486236.12
109.5,2.0,2,0,0,0,1,Giza,New Giza,New Giza,2nd,No,under_construction,5593083.24
144.0,3.0,2,0,0,1,1,Giza,West Giza,Mohandessin,2nd,No,off_plan,3415502.75
111.6,3.0,3,0,1,0,1,Cairo,New Cairo,Fifth Settlement,2nd,Yes,completed,7449804.14
74.2,4.0,4,0,1,1,1,Giza,New Giza,New Giza,1st,No,completed,4693584.3
85.8,1.0,1,0,1,0,1,Cairo,Old Cairo,Downtown,2nd,No,off_plan,1852655.51
58.6,3.0,2,0,1,1,1,Giza,New Giza,New Giza,2nd,Yes,under_construction,2895747.93
159.0,3.0,2,0,1,0,1,Mansoura,Central,Toriel,1st,Yes,under_construction,2152196.04
172.2,4.0,4,0,1,0,1,Giza,West Giza,Haram,3rd,No,under_construction,2887436.82
53.3,4.0,3,0,0,1,1,Cairo,New Cairo,Heliopolis,2nd,No,completed,1923241.1
102.4,2.0,1,0,0,0,1,Cairo,Old Cairo,Downtown,2nd,Semi,completed,3573170.41
221.0,3.0,2,0,1,0,1,Giza,West Giza,Dokki,2nd,No,completed,6243712.54
132.6,3.0,3,0,1,1,1,Cairo,New Cairo,Heliopolis,1st,Yes,completed,5022739.56
108.0,3.0,2,0,0,0,1,Giza,New Giza,New Giza,2nd,Semi,completed,6278704.82
276.4,2.0,2,0,1,0,1,Cairo,New Cairo,Fifth Settlement,3rd,No,completed,13887484.24
116.8,2.0,2,0,0,1,1,Giza,West Giza,Haram,2nd,No,completed,2201067.18
74.0,1.0,1,0,1,1,1,Cairo,Old Cairo,Downtown,1st,Yes,off_plan,1841056.43
114.7,3.0,2,0,1,1,1,Cairo,New Cairo,Madinaty,2nd,Semi,completed,6179282.85
109.3,3.0,3,0,1,1,1,Giza,New Giza,New Giza,2nd,No,completed,6092487.89
202.5,2.0,1,0,1,1,0,Giza,West Giza,Mohandessin,1st,No,off_plan,4950851.33
62.1,1.0,1,0,0,1,1,Cairo,Old Cairo,Downtown,1st,No,completed,2039216.82
95.5,5.0,4,0,1,1,1,Alexandria,East,Sidi Bishr,2nd,No,completed,2418843.23
208.1,3.0,2,0,0,1,1,Cairo,New Cairo,Heliopolis,1st,Yes,completed,6055210.65
160.8,3.0,3,0,1,1,1,Giza,New Giza,New Giza,2nd,No,completed,8695662.68
85.0,5.0,4,0,1,1,1,Giza,New Giza,New Giza,1st,No,completed,4747106.94
141.8,2.0,1,0,1,1,1,Alexandria,West,Borg El Arab,2nd,No,under_construction,1804884.37
101.1,3.0,2,0,1,0,1,Giza,West Giza,Sheikh Zayed,3rd,No,completed,4619446.98
124.2,3.0,2,0,1,0,1,Cairo,New Cairo,Fifth Settlement,3rd,Semi,completed,6291484.97
134.1,3.0,3,0,1,0,1,Cairo,Old Cairo,Zamalek,1st,No,completed,8652532.97
96.7,4.0,4,0,1,1,1,Giza,New Giza,New Giza,1st,No,under_construction,5225908.52
49.6,4.0,3,0,0,1,1,Tanta,Central,Saeed,1st,No,completed,726446.58
161.6,2.0,2,0,1,1,1,Cairo,New Cairo,Nasr City,1st,No,off_plan,2832595.79
143.6,3.0,3,0,1,1,1,Giza,West Giza,Mohandessin,1st,Yes,completed,4695694.6
116.9,2.0,2,0,1,0,1,Alexandria,East,Smouha,2nd,Yes,under_construction,3274999.08
113.2,2.0,1,0,1,1,1,Giza,New Giza,New Giza,2nd,No,completed,5543984.46
107.5,2.0,1,0,1,1,1,Tanta,Central,Saeed,1st,Semi,under_construction,1464703.28
70.2,1.0,1,0,1,1,1,Alexandria,West,Borg El Arab,1st,No,off_plan,982581.43
84.0,1.0,1,0,1,1,0,Cairo,New Cairo,Heliopolis,1st,Yes,under_construction,2576403.3
151.5,2.0,2,0,1,1,1,Mansoura,Central,Toriel,1st,Semi,under_construction,2039662.36
119.0,4.0,4,0,0,0,1,Cairo,Old Cairo,Maadi,2nd,No,completed,5174157.77
191.8,2.0,2,0,1,0,1,Cairo,Old Cairo,Downtown,2nd,No,completed,6524063.71
205.4,3.0,3,0,1,1,1,Giza,West Giza,Dokki,1st,No,completed,6371158.28
174.9,4.0,3,0,1,1,1,Cairo,Old Cairo,Zamalek,1st,No,completed,11076754.93
65.7,4.0,3,0,1,1,1,Cairo,New Cairo,First Settlement,3rd,No,under_construction,2218344.07
142.3,3.0,3,0,1,1,1,Cairo,New Cairo,Rehab,2nd,No,completed,7010581.62
94.9,3.0,3,0,1,1,1,Giza,West Giza,6th of October,2nd,No,completed,2889149.05
225.0,2.0,1,0,1,1,1,Alexandria,West,Borg El Arab,2nd,Yes,completed,3724313.31
67.6,,1,1,0,0,1,Cairo,New Cairo,Rehab,3rd,Semi,completed,3102450.87
95.6,3.0,3,0,1,1,1,Alexandria,East,Sidi Bishr,1st,Semi,off_plan,1759862.1
153.9,2.0,2,0,0,1,1,Alexandria,East,Sidi Bishr,2nd,No,completed,3741866.31
107.5,3.0,2,0,1,0,1,Giza,West Giza,Haram,2nd,No,completed,2131170.17
134.4,4.0,4,0,0,1,1,Giza,New Giza,New Giza,2nd,Yes,off_plan,5633091.77
72.4,2.0,1,0,1,1,1,Cairo,Old Cairo,Downtown,1st,Yes,completed,2837341.3
129.1,1.0,1,0,1,1,1,Cairo,Old Cairo,Maadi,2nd,No,completed,4870051.81
58.3,4.0,3,0,1,0,1,Cairo,Old Cairo,Maadi,2nd,No,under_construction,1958303.01
74.4,4.0,4,0,1,1,0,Cairo,Old Cairo,Downtown,1st,No,under_construction,2077524.78
112.7,3.0,2,0,1,0,1,Cairo,New Cairo,Heliopolis,1st,No,completed,3467844.7
68.5,2.0,1,0,1,0,1,Alexandria,East,Smouha,3rd,No,completed,1778522.82
72.2,1.0,1,0,0,1,1,Cairo,Old Cairo,Maadi,2nd,Semi,completed,3129901.36
133.3,2.0,1,0,1,0,1,Cairo,Old Cairo,Maadi,3rd,Yes,off_plan,4034814.37
152.9,4.0,3,0,1,1,1,Cairo,New Cairo,Fifth Settlement,2nd,No,completed,7929723.88
187.6,3.0,2,0,1,0,1,Cairo,Old Cairo,Zamalek,2nd,No,under_construction,8830224.69
109.6,3.0,3,0,1,1,1,Cairo,New Cairo,Heliopolis,2nd,Yes,completed,4173740.78
190.1,5.0,4,0,1,1,1,Cairo,Old Cairo,Downtown,1st,Semi,completed,6905407.36
174.6,4.0,4,0,1,1,1,Cairo,New Cairo,Madinaty,2nd,Yes,under_construction,7362646.86
86.4,3.0,3,0,1,1,1,Giza,New Giza,New Giza,2nd,No,completed,5049010.16
286.0,5.0,4,0,1,0,1,Alexandria,West,Agami,1st,Yes,completed,7217499.62
153.5,3.0,3,0,1,1,1,Cairo,New Cairo,First Settlement,3rd,Yes,under_construction,5299401.46
120.7,2.0,1,0,1,1,1,Giza,West Giza,Mohandessin,2nd,No,completed,4527456.76
176.0,2.0,1,0,1,1,1,Tanta,Central,El Geish,2nd,No,completed,3072545.48
126.3,3.0,2,0,1,0,1,Giza,West Giza,6th of October,1st,Semi,completed,4414435.28
119.9,3.0,3,0,1,1,1,Alexandria,East,Smouha,2nd,No,under_construction,3114658.42
168.4,4.0,3,0,1,1,1,Alexandria,West,Agami,2nd,Semi,under_construction,3140642.48
40.1,2.0,2,0,1,0,1,Giza,New Giza,New Giza,1st,No,completed,2069425.32
167.6,3.0,2,0,1,0,1,Tanta,Central,Saeed,1st,Semi,completed,2294119.86
88.3,3.0,2,0,1,1,1,Giza,West Giza,Sheikh Zayed,3rd,No,under_construction,3391193.07
47.7,3.0,3,0,1,1,1,Alexandria,West,Agami,1st,Semi,completed,1083263.27
70.0,2.0,1,0,1,1,1,Giza,West Giza,Mohandessin,1st,Yes,completed,2747121.43
51.0,2.0,1,0,1,1,1,Cairo,New Cairo,Fifth Settlement,1st,Yes,completed,2819367.18
136.8,5.0,4,0,1,1,1,Cairo,Old Cairo,Zamalek,1st,Semi,completed,10589575.46
109.9,3.0,3,0,1,1,1,Giza,New Giza,New Giza,2nd,Semi,off_plan,4756095.49
249.9,3.0,2,0,1,1,1,Mansoura,Central,Toriel,1st,Yes,under_construction,3515509.95
114.0,3.0,3,0,0,1,1,Cairo,New Cairo,Nasr City,4th,No,completed,3470502.39
91.0,3.0,3,0,1,1,1,Giza,West Giza,Sheikh Zayed,1st,No,under_construction,3606618.16
110.5,4.0,3,0,1,1,1,Alexandria,East,Smouha,1st,Semi,completed,3332601.87
92.3,2.0,1,0,1,0,1,Giza,West Giza,Dokki,1st,Semi,completed,2814774.35
68.0,3.0,2,0,1,0,1,Cairo,New Cairo,Madinaty,2nd,No,under_construction,2431794.31
118.5,3.0,3,0,1,1,1,Cairo,Old Cairo,Zamalek,2nd,Semi,completed,7331322.53
77.6,3.0,2,0,1,1,1,Tanta,Central,Saeed,1st,Semi,completed,1226965.85
120.6,5.0,4,0,0,0,1,Cairo,Old Cairo,Downtown,2nd,No,completed,4343530.38
191.7,3.0,3,0,1,0,1,Giza,West Giza,Mohandessin,2nd,No,completed,5985412.75
107.3,,5,1,1,1,1,Giza,New Giza,New Giza,2nd,Yes,completed,7105838.13
131.1,2.0,2,0,1,1,1,Cairo,New Cairo,Fifth Settlement,2nd,No,completed,6583691.92
161.5,3.0,3,0,1,1,0,Giza,West Giza,Mohandessin,2nd,No,under_construction,4601603.71
110.2,5.0,4,0,1,1,1,Alexandria,West,Agami,1st,No,completed,2359066.55
121.9,3.0,3,0,1,0,1,Giza,New Giza,New Giza,2nd,No,completed,7930571.77
190.2,5.0,4,0,0,0,1,Cairo,Old Cairo,Zamalek,2nd,No,completed,13178824.96
107.8,3.0,2,0,1,1,1,Cairo,New Cairo,Heliopolis,2nd,No,completed,3810283.99
101.6,3.0,2,0,1,1,1,Giza,New Giza,New Giza,1st,Yes,completed,6699125.66
94.8,2.0,1,0,1,1,1,Cairo,Old Cairo,Zamalek,1st,No,under_construction,5153449.29
139.8,3.0,2,0,1,1,1,Cairo,New Cairo,Nasr City,4th,Yes,completed,4395988.6
107.7,3.0,2,0,0,0,1,Tanta,Central,Saeed,1st,No,completed,1285566.73
94.7,4.0,3,0,1,0,1,Giza,New Giza,New Giza,1st,Yes,completed,6109769.43
124.5,3.0,2,0,1,1,1,Tanta,Central,Saeed,1st,No,completed,1735592.06
174.4,,2,1,1,0,1,Giza,New Giza,New Giza,2nd,No,completed,9766460.46
118.8,4.0,4,0,1,0,1,Cairo,Old Cairo,Zamalek,2nd,Yes,completed,7981712.74
116.0,2.0,1,0,1,1,1,Cairo,New Cairo,Madinaty,3rd,No,under_construction,4798254.48
218.3,4.0,4,0,1,1,1,Alexandria,West,Agami,1st,Yes,under_construction,4295150.14
81.2,2.0,2,0,1,1,1,Cairo,New Cairo,Nasr City,1st,Yes,completed,2971292.71
116.0,2.0,1,0,0,1,1,Alexandria,West,Borg El Arab,1st,Semi,completed,2286361.19
96.0,3.0,2,0,1,1,1,Cairo,New Cairo,First Settlement,3rd,No,completed,4129437.67
198.6,1.0,1,0,1,1,1,Mansoura,Central,Toriel,1st,No,completed,2882860.68
141.2,2.0,2,0,0,1,1,Giza,West Giza,Dokki,2nd,No,completed,3833388.89
153.1,2.0,1,0,0,0,1,Cairo,Old Cairo,Downtown,1st,No,off_plan,3251208.44
117.2,2.0,1,0,1,0,1,Cairo,New Cairo,First Settlement,2nd,Yes,under_construction,4247207.74
136.0,3.0,2,0,1,1,1,Mansoura,Central,Toriel,1st,No,completed,2049236.99
163.6,,4,1,0,0,1,Alexandria,West,Agami,1st,Semi,completed,3681190.7
88.4,3.0,2,0,1,1,1,Tanta,Central,El Geish,2nd,Yes,under_construction,1414414.66
124.6,4.0,3,0,1,1,1,Alexandria,East,Sidi Bishr,2nd,No,under_construction,2242630.59
176.1,2.0,1,0,1,1,1,Giza,New Giza,New Giza,2nd,No,completed,10942993.67
242.7,,4,1,1,1,1,Mansoura,Central,El Mashaya,1st,No,under_construction,3041878.06
242.5,3.0,2,0,1,0,1,Giza,New Giza,New Giza,1st,Semi,completed,14729278.02
115.5,5.0,5,0,1,1,1,Giza,West Giza,Haram,1st,Yes,completed,2994640.85
97.0,3.0,2,0,1,1,1,Cairo,New Cairo,Madinaty,4th,No,completed,4727360.95
144.5,5.0,4,0,1,1,1,Giza,West Giza,6th of October,2nd,Semi,completed,5012027.89
147.5,3.0,3,0,0,0,1,Giza,West Giza,Haram,1st,No,completed,3139274.63
78.3,5.0,4,0,1,1,1,Cairo,New Cairo,Nasr City,4th,Yes,under_construction,2483396.61
123.8,2.0,1,0,1,1,1,Cairo,Old Cairo,Zamalek,1st,No,completed,8663780.46
102.9,2.0,2,0,1,0,1,Giza,New Giza,New Giza,1st,Semi,completed,5863570.18
149.3,2.0,2,0,0,1,1,Giza,New Giza,New Giza,2nd,Semi,completed,8810126.25
85.7,3.0,2,0,1,0,1,Cairo,Old Cairo,Zamalek,2nd,No,completed,5355068.5
75.6,4.0,3,0,1,0,1,Cairo,Old Cairo,Downtown,1st,No,completed,2851561.73
169.5,,3,1,1,1,1,Cairo,Old Cairo,Zamalek,2nd,No,completed,11725448.29
203.6,2.0,2,0,1,1,1,Giza,West Giza,6th of October,1st,Yes,under_construction,6473029.72
145.8,3.0,2,0,1,0,1,Giza,West Giza,Dokki,1st,No,completed,4256526.71
127.0,3.0,2,0,1,1,0,Cairo,Old Cairo,Zamalek,2nd,Yes,completed,10106646.06
146.5,1.0,1,0,1,1,0,Cairo,New Cairo,Nasr City,3rd,No,under_construction,3390812.57
86.0,2.0,1,0,1,1,1,Alexandria,East,Smouha,2nd,Semi,completed,2671044.26
180.9,1.0,1,0,1,0,1,Cairo,Old Cairo,Downtown,2nd,Semi,completed,5671829.79
168.9,4.0,4,0,1,1,1,Cairo,Old Cairo,Zamalek,1st,Yes,completed,11144807.04
118.5,3.0,3,0,1,0,1,Cairo,Old Cairo,Downtown,2nd,No,completed,4006109.04
138.6,5.0,4,0,0,1,1,Alexandria,West,Agami,2nd,Yes,off_plan,2808162.15
56.6,3.0,2,0,1,0,1,Giza,New Giza,New Giza,1st,No,completed,2812101.3
72.9,3.0,2,0,1,1,1,Cairo,Old Cairo,Zamalek,2nd,Semi,completed,4900826.45
333.5,4.0,4,0,0,0,1,Giza,New Giza,New Giza,1st,No,completed,19989339.42
191.0,2.0,1,0,1,1,1,Alexandria,East,Smouha,3rd,No,completed,5597505.05
126.5,2.0,2,0,1,1,1,Cairo,Old Cairo,Maadi,1st,No,off_plan,3298876.78
167.1,4.0,4,0,1,1,1,Mansoura,Central,Toriel,1st,Yes,completed,2909885.19
129.4,3.0,2,0,1,0,1,Alexandria,West,Borg El Arab,2nd,No,off_plan,1755859.02
65.9,4.0,3,0,0,1,1,Cairo,Old Cairo,Maadi,3rd,Semi,under_construction,2372459.23
115.6,1.0,1,0,1,1,1,Giza,New Giza,New Giza,2nd,Yes,completed,7207759.96
100.9,3.0,3,0,1,1,1,Alexandria,West,Agami,1st,Semi,completed,2544532.21
135.5,4.0,3,0,1,1,1,Cairo,New Cairo,Nasr City,4th,Yes,under_construction,3373856.43
185.7,2.0,1,0,1,0,1,Tanta,Central,Saeed,1st,No,under_construction,2037176.47
232.2,3.0,2,0,1,0,1,Cairo,New Cairo,Rehab,2nd,Yes,under_construction,10425959.92
145.9,5.0,4,0,1,0,1,Cairo,Old Cairo,Downtown,1st,No,completed,5030285.81
90.4,4.0,3,0,1,1,0,Giza,New Giza,New Giza,2nd,No,off_plan,4110126.51
241.2,1.0,1,0,0,0,1,Mansoura,Central,El Mashaya,2nd,Semi,completed,3324264.2
103.4,3.0,3,0,1,1,1,Cairo,Old Cairo,Zamalek,1st,Yes,under_construction,6064713.88
109.1,3.0,2,0,1,1,1,Cairo,New Cairo,Fifth Settlement,1st,No,under_construction,4502063.46
96.6,3.0,2,0,1,1,1,Cairo,New Cairo,Heliopolis,1st,No,under_construction,2761655.83
151.7,4.0,4,0,1,1,1,Alexandria,East,Sidi Gaber,1st,Yes,completed,3900803.38
258.4,2.0,1,0,1,0,1,Giza,West Giza,6th of October,1st,No,completed,8015391.86
95.0,2.0,2,0,1,1,1,Tanta,Central,El Geish,1st,Yes,completed,1773360.78
166.2,1.0,1,0,1,0,1,Giza,New Giza,New Giza,1st,Yes,completed,10392866.67
239.0,2.0,1,0,1,1,1,Cairo,Old Cairo,Maadi,3rd,No,completed,8777788.73
120.3,3.0,3,0,1,1,1,Cairo,Old Cairo,Zamalek,1st,No,under_construction,5191282.05
248.9,2.0,2,0,1,0,1,Cairo,Old Cairo,Downtown,1st,Yes,completed,8863396.22
67.2,1.0,1,0,1,1,1,Tanta,Central,Saeed,1st,No,under_construction,839878.16
194.7,3.0,3,0,1,0,1,Cairo,Old Cairo,Maadi,1st,No,under_construction,6336035.59
63.9,3.0,3,0,0,1,1,Giza,West Giza,Haram,1st,No,completed,1476460.95
142.6,1.0,1,0,1,1,1,Cairo,Old Cairo,Maadi,3rd,No,completed,4578186.07
129.8,4.0,4,0,1,1,1,Alexandria,East,Smouha,3rd,No,completed,3344405.63
100.1,4.0,3,0,0,0,1,Giza,New Giza,New Giza,1st,Yes,completed,6620825.55
104.2,3.0,2,0,1,1,1,Cairo,New Cairo,Fifth Settlement,2nd,No,off_plan,3861308.83
163.7,3.0,2,0,1,0,1,Tanta,Central,El Geish,1st,No,completed,2746965.59
167.9,,2,1,1,1,1,Alexandria,West,Agami,1st,Semi,off_plan,2881173.84
145.1,4.0,4,0,0,0,1,Alexandria,East,Sidi Gaber,2nd,Yes,completed,3790094.91
105.4,3.0,2,0,1,0,1,Mansoura,Central,Toriel,1st,No,completed,1642361.35
141.1,4.0,4,0,0,0,1,Cairo,Old Cairo,Downtown,2nd,No,completed,4627821.94
143.5,1.0,1,0,1,0,1,Giza,West Giza,Dokki,1st,No,completed,4347055.24
150.0,5.0,4,0,0,0,1,Cairo,New Cairo,Heliopolis,1st,Semi,completed,5921059.75
112.2,1.0,1,0,1,0,1,Cairo,New Cairo,Madinaty,1st,No,completed,6036467.32
191.8,4.0,3,0,1,1,1,Cairo,New Cairo,Madinaty,1st,No,under_construction,7100633.48
47.6,2.0,1,0,1,0,1,Alexandria,West,Borg El Arab,1st,No,completed,808443.07
64.6,,1,1,1,1,1,Giza,West Giza,Mohandessin,2nd,No,off_plan,1891539.61
130.4,1.0,1,0,1,0,1,Alexandria,East,Smouha,3rd,Semi,off_plan,2503672.72
84.6,4.0,3,0,0,1,1,Cairo,Old Cairo,Zamalek,2nd,Semi,completed,5219120.56
143.7,3.0,2,0,1,1,1,Cairo,Old Cairo,Maadi,3rd,Yes,completed,6354518.83
70.6,4.0,3,0,1,1,1,Cairo,Old Cairo,Downtown,2nd,Semi,off_plan,1773963.25
117.5,2.0,2,0,1,1,1,Cairo,New Cairo,First Settlement,1st,No,under_construction,3895471.03
120.7,3.0,3,0,1,1,0,Giza,West Giza,6th of October,1st,Semi,completed,4044591.13
240.2,,4,1,1,1,1,Cairo,New Cairo,Madinaty,4th,Semi,under_construction,8825367.01
200.7,4.0,3,0,1,1,1,Giza,West Giza,Mohandessin,1st,No,under_construction,6359014.23
56.7,1.0,1,0,1,1,1,Mansoura,Central,El Mashaya,2nd,No,under_construction,777396.4
114.8,3.0,3,0,1,0,1,Alexandria,East,Sidi Gaber,2nd,No,under_construction,2199667.44
137.4,4.0,3,0,0,1,1,Giza,New Giza,New Giza,2nd,Yes,completed,10437470.57
134.5,3.0,2,0,1,1,1,Giza,New Giza,New Giza,1st,Yes,under_construction,7212923.97
144.0,2.0,2,0,1,1,1,Cairo,New Cairo,Heliopolis,2nd,No,completed,4028678.28
122.3,5.0,4,0,1,1,1,Cairo,New Cairo,First Settlement,1st,Yes,under_construction,5058570.35
182.0,5.0,4,0,1,0,1,Cairo,New Cairo,Rehab,3rd,No,completed,7978281.67
305.9,3.0,2,0,1,1,1,Mansoura,Central,El Mashaya,1st,No,off_plan,3797624.83
224.0,3.0,3,0,1,0,1,Alexandria,West,Borg El Arab,1st,Yes,under_construction,3291790.36
176.9,3.0,2,0,1,1,1,Cairo,Old Cairo,Downtown,1st,Semi,completed,6090655.08
166.7,1.0,1,0,0,1,1,Giza,West Giza,Mohandessin,1st,No,under_construction,4346499.46
85.0,4.0,3,0,1,1,1,Cairo,New Cairo,Fifth Settlement,3rd,No,completed,4844938.55
138.4,3.0,3,0,1,1,0,Alexandria,West,Borg El Arab,2nd,No,off_plan,1694633.13
131.6,2.0,1,0,1,1,1,Giza,New Giza,New Giza,1st,No,off_plan,5113440.6
104.8,3.0,3,0,1,0,1,Alexandria,East,Smouha,2nd,No,completed,2844931.96
112.1,5.0,4,0,1,1,1,Cairo,Old Cairo,Zamalek,2nd,Yes,under_construction,6520960.91
82.7,3.0,2,0,1,1,1,Cairo,New Cairo,Nasr City,2nd,No,off_plan,1831178.75
107.3,2.0,2,0,1,1,1,Cairo,New Cairo,Madinaty,4th,Yes,under_construction,4379748.89
132.1,3.0,2,0,1,0,1,Cairo,New Cairo,First Settlement,2nd,Semi,under_construction,4457548.54
187.9,3.0,2,0,1,1,1,Alexandria,East,Sidi Gaber,1st,No,completed,4908001.96
230.0,3.0,3,0,1,1,1,Cairo,New Cairo,First Settlement,1st,Semi,completed,9425745.97
44.9,3.0,2,0,1,0,1,Mansoura,Central,El Mashaya,1st,Yes,completed,863770.1
73.3,3.0,3,0,1,1,1,Giza,West Giza,Sheikh Zayed,3rd,No,completed,3707434.57
116.6,3.0,3,0,1,1,1,Cairo,New Cairo,Madinaty,2nd,No,completed,5863543.79
115.5,4.0,3,0,1,1,1,Alexandria,East,Sidi Gaber,1st,Yes,off_plan,2517901.46
164.8,5.0,5,0,1,1,1,Giza,West Giza,Dokki,1st,Yes,completed,5464163.95
77.4,2.0,1,0,1,1,1,Giza,New Giza,New Giza,1st,No,completed,3951106.01
103.9,1.0,1,0,1,1,1,Cairo,New Cairo,Rehab,3rd,Yes,off_plan,3505832.16
201.1,2.0,2,0,1,1,1,Giza,New Giza,New Giza,1st,No,completed,12042394.65
99.3,3.0,2,0,1,0,1,Mansoura,Central,Toriel,1st,No,completed,1705268.31
200.4,3.0,2,0,1,1,1,Alexandria,East,Sidi Gaber,1st,Semi,under_construction,4415057.39
152.6,2.0,1,0,1,1,1,Giza,New Giza,New Giza,2nd,No,off_plan,6546045.55
58.8,4.0,3,0,1,1,1,Giza,New Giza,New Giza,2nd,Semi,off_plan,2617665.29
52.6,3.0,3,0,1,1,1,Cairo,Old Cairo,Zamalek,1st,No,completed,3457067.3
79.9,1.0,1,0,0,1,1,Giza,New Giza,New Giza,2nd,Semi,under_construction,3622009.03
47.5,2.0,2,0,1,1,1,Mansoura,Central,Toriel,1st,Yes,under_construction,676038.37
135.3,3.0,2,0,1,0,1,Giza,New Giza,New Giza,1st,No,completed,7801970.83
66.5,2.0,1,0,1,1,1,Giza,West Giza,Mohandessin,1st,Yes,under_construction,2076785.75
64.5,2.0,1,0,1,1,1,Mansoura,Central,Toriel,1st,No,completed,1091922.02
104.6,3.0,3,0,1,1,1,Cairo,New Cairo,Madinaty,1st,No,under_construction,3911037.71
74.7,4.0,3,0,1,1,1,Cairo,Old Cairo,Zamalek,2nd,No,completed,4789799.72
126.3,4.0,4,0,1,1,1,Cairo,Old Cairo,Maadi,1st,No,completed,4958470.78
93.4,3.0,2,0,1,1,1,Mansoura,Central,Toriel,1st,No,completed,1483024.36
170.4,3.0,3,0,1,0,1,Giza,West Giza,Mohandessin,1st,No,completed,5114241.87
139.3,1.0,1,0,1,0,1,Cairo,New Cairo,Nasr City,1st,Yes,completed,4176301.41
197.0,2.0,1,0,1,1,1,Giza,New Giza,New Giza,2nd,No,completed,9851961.48
91.8,4.0,4,0,1,0,1,Alexandria,West,Borg El Arab,1st,No,under_construction,1468498.69
162.2,2.0,2,0,1,0,1,Cairo,Old Cairo,Zamalek,2nd,Yes,completed,11664704.57
88.9,,2,1,1,0,1,Giza,New Giza,New Giza,1st,Yes,completed,5568424.83
104.9,2.0,2,0,1,0,1,Giza,New Giza,New Giza,2nd,No,under_construction,5079372.84
148.3,1.0,1,0,1,0,0,Giza,West Giza,Dokki,2nd,No,completed,3664836.41
90.4,3.0,3,0,0,1,1,Cairo,Old Cairo,Maadi,2nd,Semi,under_construction,2747332.41
113.2,4.0,3,0,1,1,1,Alexandria,East,Smouha,2nd,Yes,completed,3640448.36
197.2,4.0,3,0,1,1,1,Cairo,Old Cairo,Zamalek,2nd,Yes,completed,13391171.66
162.8,1.0,1,0,1,0,0,Tanta,Central,El Geish,2nd,Yes,completed,2423693.48
75.3,3.0,3,0,1,1,1,Alexandria,West,Borg El Arab,2nd,Yes,completed,1359864.48
188.8,3.0,2,0,1,1,1,Cairo,Old Cairo,Maadi,2nd,No,completed,6492271.66
139.3,2.0,1,0,1,0,1,Cairo,New Cairo,First Settlement,1st,Semi,under_construction,4461393.73
132.5,1.0,1,0,1,0,1,Giza,New Giza,New Giza,2nd,No,completed,6800398.98
128.9,2.0,1,0,1,1,1,Alexandria,East,Smouha,2nd,No,under_construction,2941219.25
130.8,3.0,3,0,1,0,1,Cairo,New Cairo,Nasr City,4th,Yes,off_plan,2742504.52
181.2,,4,1,1,1,1,Giza,New Giza,New Giza,1st,Semi,off_plan,8787760.38
69.8,3.0,3,0,1,0,1,Giza,West Giza,6th of October,3rd,No,completed,2490222.11
107.5,2.0,1,0,1,1,1,Giza,West Giza,Dokki,1st,Yes,completed,3819748.29
130.2,5.0,4,0,1,1,1,Alexandria,West,Borg El Arab,1st,No,under_construction,1783354.52
171.9,2.0,1,0,1,0,1,Giza,New Giza,New Giza,1st,Semi,completed,8726311.92
173.3,2.0,1,0,1,0,1,Cairo,New Cairo,Madinaty,4th,No,completed,8754009.45
215.1,2.0,1,0,1,0,1,Giza,West Giza,Haram,2nd,No,off_plan,3138320.33
107.8,,3,1,0,0,1,Cairo,Old Cairo,Maadi,3rd,Yes,completed,4552794.64
197.2,3.0,3,0,1,0,1,Cairo,Old Cairo,Zamalek,1st,Yes,completed,14278574.06
76.2,3.0,3,0,0,0,1,Giza,West Giza,Sheikh Zayed,1st,No,under_construction,3173513.34
80.0,4.0,3,0,1,0,1,Tanta,Central,El Geish,2nd,Semi,completed,1379065.11
147.7,2.0,1,0,1,1,1,Cairo,New Cairo,Rehab,2nd,No,completed,7063722.42
147.3,3.0,3,0,1,1,1,Cairo,New Cairo,Rehab,3rd,No,completed,6676383.74
231.1,4.0,4,0,1,1,1,Cairo,Old Cairo,Maadi,3rd,No,completed,8877554.27
102.8,2.0,2,0,1,0,1,Cairo,New Cairo,Fifth Settlement,1st,No,completed,5599866.79
61.9,3.0,2,0,1,0,1,Giza,West Giza,Haram,1st,No,completed,1245606.89
160.7,3.0,2,0,1,1,1,Cairo,Old Cairo,Downtown,1st,Semi,off_plan,4150790.03
99.9,2.0,1,0,1,1,1,Mansoura,Central,El Mashaya,2nd,No,under_construction,1163552.28
118.2,2.0,1,0,1,1,1,Alexandria,West,Borg El Arab,1st,No,under_construction,1873210.74
121.4,3.0,3,0,1,1,1,Cairo,Old Cairo,Zamalek,1st,No,completed,7998082.6
118.0,2.0,1,0,1,1,1,Giza,West Giza,Mohandessin,2nd,No,completed,3765986.95
280.7,1.0,1,0,1,1,1,Alexandria,West,Agami,1st,No,under_construction,4045956.0
70.9,3.0,2,0,1,1,0,Giza,West Giza,6th of October,2nd,Yes,completed,2447085.49
160.1,3.0,3,0,1,1,1,Cairo,New Cairo,Heliopolis,2nd,Semi,completed,5141933.56
123.4,1.0,1,0,1,1,1,Giza,West Giza,Sheikh Zayed,1st,Semi,completed,6127600.35
91.0,3.0,3,0,1,0,1,Cairo,Old Cairo,Maadi,2nd,Semi,under_construction,2865317.63
71.3,3.0,2,0,1,1,1,Cairo,New Cairo,Heliopolis,2nd,Semi,under_construction,2309113.47
101.6,2.0,2,0,0,1,1,Cairo,Old Cairo,Maadi,3rd,No,under_construction,3187935.51
72.2,3.0,2,0,1,0,1,Mansoura,Central,Toriel,1st,Yes,completed,1113581.4
70.0,3.0,3,0,0,1,1,Cairo,Old Cairo,Downtown,2nd,Yes,completed,2498196.64
254.4,3.0,3,0,1,0,1,Mansoura,Central,Toriel,1st,Yes,completed,4190870.21
96.0,3.0,3,0,1,1,1,Cairo,Old Cairo,Downtown,2nd,Yes,completed,3635514.47
127.5,2.0,1,0,1,1,1,Cairo,New Cairo,Nasr City,4th,Yes,off_plan,2935721.0
166.2,2.0,2,0,1,1,1,Alexandria,East,Smouha,2nd,Semi,under_construction,3864667.47
255.1,1.0,1,0,1,1,1,Giza,West Giza,Mohandessin,1st,No,completed,8110576.79
105.1,3.0,2,0,1,1,1,Giza,West Giza,Dokki,1st,Semi,completed,3670114.48
200.4,5.0,5,0,1,1,1,Giza,New Giza,New Giza,1st,No,completed,10362712.99
54.3,,2,1,1,0,1,Alexandria,East,Sidi Bishr,2nd,No,off_plan,946603.97
163.1,1.0,1,0,1,0,1,Giza,New Giza,New Giza,2nd,No,completed,9452895.44
121.3,3.0,2,0,1,1,1,Giza,New Giza,New Giza,1st,No,completed,6336252.45
115.6,3.0,2,0,1,1,1,Cairo,Old Cairo,Downtown,1st,Semi,completed,4359067.45
193.2,1.0,1,0,1,1,1,Giza,New Giza,New Giza,2nd,No,completed,10736918.59
111.6,2.0,1,0,1,1,1,Tanta,Central,Saeed,1st,Yes,completed,1780648.1
160.0,3.0,2,0,1,1,1,Mansoura,Central,El Mashaya,1st,No,completed,2750371.24
202.1,3.0,2,0,1,1,1,Alexandria,West,Agami,1st,Yes,under_construction,3515053.31
177.3,3.0,3,0,1,1,1,Alexandria,West,Agami,1st,No,completed,3832914.51
305.5,3.0,2,0,1,0,1,Giza,New Giza,New Giza,1st,No,completed,16728984.3
193.5,3.0,3,0,1,1,1,Alexandria,West,Agami,1st,No,completed,4009815.74
85.2,3.0,2,0,1,0,1,Cairo,Old Cairo,Maadi,1st,Yes,completed,3074223.99
106.6,5.0,4,0,1,1,1,Cairo,New Cairo,Fifth Settlement,2nd,Semi,completed,5434129.43
98.1,4.0,3,0,1,1,1,Cairo,New Cairo,Rehab,2nd,No,under_construction,3759683.07
154.7,2.0,1,0,1,1,0,Alexandria,West,Borg El Arab,2nd,Yes,completed,2840599.36
85.6,2.0,1,0,1,1,1,Cairo,New Cairo,Nasr City,2nd,Semi,under_construction,1973509.52
119.1,1.0,1,0,1,1,1,Giza,West Giza,Sheikh Zayed,2nd,No,off_plan,4469765.57
198.7,3.0,2,0,1,1,1,Cairo,Old Cairo,Downtown,1st,No,under_construction,5393331.1
86.0,2.0,1,0,1,1,1,Giza,New Giza,New Giza,1st,No,under_construction,4134992.95
197.8,3.0,3,0,1,1,1,Giza,West Giza,Sheikh Zayed,3rd,No,completed,9503013.79
107.5,3.0,3,0,1,1,1,Giza,West Giza,Sheikh Zayed,3rd,Yes,completed,5917097.34
171.0,1.0,1,0,1,1,1,Giza,West Giza,Mohandessin,1st,No,under_construction,4601204.77
126.3,1.0,1,0,1,1,1,Alexandria,East,Sidi Bishr,2nd,Semi,completed,2726969.34
136.8,2.0,2,0,1,1,1,Giza,New Giza,New Giza,2nd,Semi,completed,8112157.3
113.1,4.0,4,0,1,1,1,Cairo,New Cairo,Madinaty,3rd,Semi,completed,7120251.94
79.3,3.0,3,0,1,0,1,Giza,New Giza,New Giza,1st,No,completed,5224797.27
88.6,2.0,1,0,1,0,1,Cairo,New Cairo,Heliopolis,1st,No,completed,3066933.39
121.0,2.0,1,0,1,0,1,Cairo,New Cairo,Madinaty,4th,Yes,completed,5599742.93
101.0,2.0,1,0,1,1,1,Cairo,Old Cairo,Zamalek,1st,Yes,under_construction,5814805.14
128.6,3.0,2,0,1,0,1,Giza,New Giza,New Giza,1st,Yes,completed,8782433.6
70.7,3.0,2,0,0,1,1,Alexandria,East,Smouha,1st,No,under_construction,1587569.95
76.9,2.0,1,0,0,1,1,Giza,New Giza,New Giza,2nd,Yes,completed,5049398.07
125.8,,3,1,1,1,1,Cairo,Old Cairo,Zamalek,2nd,Yes,under_construction,7547707.87
81.9,3.0,3,0,1,1,1,Cairo,Old Cairo,Zamalek,1st,Semi,completed,5293298.09
174.2,4.0,4,0,1,1,1,Cairo,New Cairo,Fifth Settlement,2nd,No,completed,8740729.14
147.2,2.0,2,0,0,1,1,Alexandria,West,Agami,1st,No,completed,2950039.67
140.1,1.0,1,0,1,1,1,Cairo,New Cairo,Nasr City,1st,No,completed,4416091.92
134.9,4.0,4,0,1,1,1,Giza,West Giza,Sheikh Zayed,1st,No,completed,6766928.99
111.5,5.0,4,0,1,1,1,Alexandria,East,Sidi Bishr,2nd,Semi,completed,2794791.91
109.5,3.0,2,0,1,1,1,Cairo,New Cairo,Rehab,3rd,Yes,under_construction,4339489.23
309.7,3.0,3,0,1,0,1,Giza,West Giza,Mohandessin,1st,Yes,completed,11942949.21
101.8,1.0,1,0,0,1,1,Alexandria,West,Agami,2nd,No,completed,1909710.06
79.7,5.0,4,0,1,1,1,Cairo,Old Cairo,Maadi,2nd,Semi,under_construction,2920292.19
148.1,3.0,2,0,1,0,1,Alexandria,West,Agami,2nd,No,under_construction,2597581.51
73.2,4.0,4,0,0,1,1,Cairo,New Cairo,Madinaty,4th,Yes,completed,4196143.79
128.0,4.0,3,0,1,1,1,Cairo,New Cairo,Heliopolis,2nd,No,under_construction,3663220.42
111.8,5.0,5,0,1,1,1,Cairo,Old Cairo,Downtown,2nd,No,completed,3750051.81
160.3,3.0,3,0,0,1,1,Cairo,New Cairo,Nasr City,1st,No,completed,4029425.35
72.8,5.0,4,0,1,1,1,Cairo,New Cairo,Fifth Settlement,2nd,No,completed,4321593.04
193.6,2.0,1,0,1,0,1,Cairo,Old Cairo,Zamalek,1st,Semi,off_plan,10222266.16
138.2,3.0,3,0,0,1,1,Giza,New Giza,New Giza,1st,No,under_construction,6600611.29
110.4,2.0,1,0,1,1,0,Cairo,New Cairo,Madinaty,2nd,Yes,under_construction,4597847.21
171.7,2.0,1,0,1,1,1,Cairo,New Cairo,Nasr City,2nd,No,under_construction,3892280.63
144.1,4.0,3,0,1,0,1,Cairo,New Cairo,First Settlement,2nd,No,completed,6175818.98
233.2,5.0,4,0,1,1,1,Mansoura,Central,Toriel,1st,No,completed,2978667.51
117.3,3.0,2,0,0,1,1,Cairo,New Cairo,First Settlement,1st,No,completed,4612419.78
110.7,2.0,1,0,1,0,1,Giza,New Giza,New Giza,2nd,No,completed,7257558.68
239.2,4.0,3,0,1,1,1,Giza,New Giza,New Giza,1st,No,completed,11332577.27
100.3,3.0,3,0,0,0,1,Cairo,New Cairo,Rehab,2nd,No,off_plan,3127304.16
183.4,2.0,1,0,1,0,1,Cairo,New Cairo,Heliopolis,1st,No,completed,5205326.44
98.3,3.0,3,0,1,0,1,Cairo,Old Cairo,Downtown,2nd,Semi,off_plan,2622865.88
103.7,4.0,4,0,1,0,1,Giza,West Giza,Dokki,2nd,No,completed,3161032.28
139.7,3.0,2,0,1,1,1,Cairo,Old Cairo,Maadi,1st,Semi,off_plan,4488784.98
136.7,1.0,1,0,1,1,1,Alexandria,West,Borg El Arab,2nd,No,completed,2565268.24
191.6,3.0,2,0,1,1,1,Giza,New Giza,New Giza,2nd,Yes,under_construction,10304251.89
107.9,2.0,1,0,1,1,1,Cairo,New Cairo,First Settlement,1st,Semi,completed,3977466.1
180.9,2.0,1,0,1,0,1,Alexandria,East,Sidi Bishr,1st,No,completed,3933518.67
104.1,3.0,3,0,1,0,1,Giza,West Giza,Haram,3rd,No,under_construction,1909370.45
143.0,4.0,3,0,1,1,1,Giza,New Giza,New Giza,1st,No,under_construction,6100156.28
180.7,3.0,2,0,1,0,1,Alexandria,West,Agami,2nd,Semi,off_plan,2499465.16
87.3,3.0,3,0,0,0,1,Alexandria,East,Sidi Gaber,2nd,Semi,completed,2160982.83
66.0,2.0,1,0,0,1,1,Cairo,New Cairo,Rehab,2nd,Yes,completed,3341336.05
75.0,4.0,3,0,1,1,1,Giza,New Giza,New Giza,1st,No,completed,5219664.22
96.8,3.0,3,0,1,1,1,Cairo,Old Cairo,Downtown,2nd,No,completed,3546843.54
70.9,3.0,2,0,0,1,1,Cairo,Old Cairo,Downtown,1st,Yes,completed,2172106.9
137.4,4.0,3,0,1,0,1,Cairo,New Cairo,Madinaty,2nd,No,completed,5984928.9
134.1,2.0,1,0,1,0,1,Tanta,Central,Saeed,1st,No,off_plan,1261870.4
117.9,,2,1,1,1,1,Mansoura,Central,El Mashaya,1st,No,under_construction,1872695.94
166.6,4.0,4,0,1,0,1,Cairo,Old Cairo,Downtown,1st,No,under_construction,4931103.93
96.8,2.0,1,0,0,0,1,Alexandria,West,Borg El Arab,1st,No,off_plan,1269170.56
114.3,3.0,3,0,1,1,1,Cairo,Old Cairo,Zamalek,1st,Semi,completed,7846050.92
177.3,4.0,4,0,0,0,1,Cairo,New Cairo,Rehab,2nd,Yes,under_construction,7494700.51
61.8,2.0,2,0,1,1,1,Cairo,Old Cairo,Downtown,2nd,Semi,completed,2197733.89
226.0,2.0,2,0,0,1,1,Alexandria,East,Smouha,1st,No,off_plan,4514078.45
57.0,5.0,5,0,0,1,1,Cairo,Old Cairo,Maadi,1st,Semi,completed,2190526.69
184.6,,1,1,0,1,1,Giza,New Giza,New Giza,2nd,No,completed,9896666.96
118.2,4.0,3,0,1,1,1,Alexandria,West,Agami,2nd,No,completed,2445776.86
134.3,2.0,1,0,0,0,1,Cairo,New Cairo,Fifth Settlement,2nd,No,under_construction,4872935.49
98.3,2.0,2,0,1,1,1,Alexandria,West,Borg El Arab,1st,No,completed,1579543.35
213.0,5.0,5,0,1,1,1,Alexandria,West,Borg El Arab,2nd,No,under_construction,2981187.49
194.0,4.0,4,0,1,1,1,Giza,New Giza,New Giza,2nd,No,completed,12361907.05
157.0,5.0,5,0,0,1,1,Alexandria,West,Agami,2nd,No,completed,3216352.77
330.3,4.0,4,0,0,1,1,Giza,New Giza,New Giza,2nd,No,completed,20098475.09
212.8,3.0,2,0,1,1,1,Alexandria,West,Agami,1st,Yes,completed,5265738.92
108.6,1.0,1,0,1,1,1,Cairo,New Cairo,First Settlement,1st,No,completed,4100174.53
97.1,,1,1,1,1,1,Giza,New Giza,New Giza,1st,No,completed,6139947.43
160.1,2.0,2,0,0,1,1,Alexandria,West,Agami,2nd,No,completed,3345850.56
191.3,3.0,3,0,1,1,1,Cairo,New Cairo,Fifth Settlement,1st,Semi,off_plan,8042427.38
112.3,1.0,1,0,0,1,1,Cairo,Old Cairo,Maadi,1st,No,under_construction,3476284.87
54.4,2.0,2,0,1,1,1,Cairo,Old Cairo,Downtown,1st,Yes,under_construction,1650826.73
167.0,3.0,3,0,1,1,1,Alexandria,East,Sidi Gaber,2nd,No,under_construction,3418837.92
113.1,4.0,3,0,1,1,1,Giza,West Giza,6th of October,3rd,No,under_construction,3410119.18
91.1,2.0,1,0,1,1,1,Cairo,Old Cairo,Maadi,1st,No,completed,3175493.8
100.8,3.0,2,0,1,0,1,Alexandria,West,Borg El Arab,2nd,Semi,off_plan,1416506.92
131.7,2.0,2,0,1,1,1,Cairo,New Cairo,Nasr City,3rd,No,completed,3615254.13
164.5,2.0,1,0,1,1,1,Cairo,Old Cairo,Downtown,1st,No,under_construction,4441985.85
125.4,4.0,4,0,0,1,1,Giza,West Giza,6th of October,1st,No,off_plan,3391052.43
176.9,3.0,2,0,1,0,1,Cairo,Old Cairo,Downtown,1st,Semi,completed,5039461.86
102.4,3.0,3,0,1,1,1,Giza,New Giza,New Giza,1st,Semi,under_construction,5394630.78
79.2,3.0,3,0,1,1,1,Alexandria,East,Sidi Bishr,2nd,Semi,completed,1698617.22
185.4,3.0,2,0,1,1,1,Giza,West Giza,Sheikh Zayed,2nd,No,completed,9078115.58
204.3,2.0,1,0,1,1,1,Alexandria,East,Smouha,1st,No,completed,6156097.58
226.1,2.0,2,0,1,1,1,Cairo,New Cairo,Nasr City,4th,Semi,completed,6003233.06
127.4,2.0,1,0,0,1,1,Giza,New Giza,New Giza,1st,No,under_construction,6386241.32
63.5,3.0,2,0,1,0,1,Giza,West Giza,Mohandessin,2nd,Semi,completed,2296386.34
113.6,2.0,2,0,1,1,0,Giza,West Giza,Mohandessin,2nd,No,under_construction,3344385.47
104.8,2.0,2,0,1,1,1,Alexandria,East,Sidi Bishr,2nd,No,completed,2460353.69
125.9,3.0,2,0,1,0,1,Cairo,New Cairo,First Settlement,3rd,Semi,completed,5082503.34
89.1,1.0,1,0,1,1,1,Cairo,New Cairo,Rehab,2nd,No,under_construction,3587000.8
169.0,,4,1,1,1,1,Giza,New Giza,New Giza,2nd,No,completed,9899000.69
104.5,1.0,1,0,1,1,1,Giza,West Giza,6th of October,3rd,Semi,completed,3529651.23
243.4,3.0,2,0,1,0,1,Giza,New Giza,New Giza,2nd,Yes,completed,17060704.08
59.2,2.0,2,0,1,0,1,Tanta,Central,El Geish,2nd,No,under_construction,820631.97
69.9,4.0,4,0,1,1,1,Cairo,New Cairo,Fifth Settlement,3rd,Semi,completed,3943722.67
129.2,2.0,2,0,0,1,1,Giza,West Giza,Mohandessin,2nd,No,completed,4258755.55
107.0,,1,1,1,0,1,Alexandria,West,Borg El Arab,1st,Semi,off_plan,1306535.27
80.1,5.0,4,0,1,1,1,Cairo,New Cairo,Heliopolis,2nd,Yes,under_construction,2732534.47
105.6,3.0,3,0,1,1,1,Cairo,New Cairo,Heliopolis,2nd,Semi,completed,4070078.63
100.7,3.0,3,0,1,1,1,Giza,West Giza,Sheikh Zayed,1st,No,completed,5044779.2
133.0,3.0,3,0,1,1,0,Giza,New Giza,New Giza,2nd,No,completed,7396367.94
152.3,2.0,1,0,0,0,0,Cairo,New Cairo,First Settlement,2nd,Yes,under_construction,5285413.07
146.7,3.0,3,0,1,0,1,Giza,West Giza,Mohandessin,1st,Semi,under_construction,4577490.79
112.3,4.0,3,0,1,1,1,Alexandria,East,Sidi Bishr,2nd,No,completed,2416765.99
77.4,2.0,2,0,1,1,1,Cairo,New Cairo,Heliopolis,1st,Semi,completed,2800767.2
85.7,5.0,5,0,0,0,1,Giza,New Giza,New Giza,1st,Yes,completed,5812843.54
89.5,2.0,2,0,0,1,1,Giza,West Giza,Sheikh Zayed,1st,No,completed,4843159.52
160.9,3.0,2,0,1,0,1,Cairo,Old Cairo,Maadi,3rd,No,off_plan,3992703.16
142.7,2.0,2,0,0,1,1,Alexandria,West,Borg El Arab,1st,No,completed,2669176.18
73.1,5.0,4,0,1,1,1,Cairo,New Cairo,Rehab,3rd,No,completed,3817159.76
246.6,4.0,4,0,1,0,1,Giza,West Giza,Mohandessin,1st,No,off_plan,7050809.49
51.0,1.0,1,0,1,0,1,Cairo,New Cairo,Fifth Settlement,3rd,No,completed,2798587.95
101.2,3.0,3,0,1,1,1,Cairo,Old Cairo,Maadi,2nd,Yes,completed,4811067.63
107.2,5.0,5,0,1,1,1,Giza,New Giza,New Giza,2nd,Yes,completed,6965569.09
128.3,2.0,1,0,1,1,1,Tanta,Central,El Geish,2nd,Yes,completed,2045336.52
122.8,,2,1,1,1,1,Cairo,Old Cairo,Zamalek,1st,No,under_construction,7217687.87
284.9,3.0,3,0,0,1,1,Cairo,Old Cairo,Downtown,1st,Semi,under_construction,7824373.19
111.8,3.0,2,0,1,1,1,Giza,West Giza,Sheikh Zayed,2nd,No,completed,5286244.89
145.4,2.0,1,0,1,0,1,Alexandria,East,Smouha,1st,Semi,under_construction,3328562.58
79.8,3.0,2,0,0,1,1,Cairo,Old Cairo,Maadi,2nd,Semi,under_construction,2112319.42
75.6,1.0,1,0,0,1,1,Mansoura,Central,Toriel,1st,Yes,completed,1280626.64
166.2,3.0,3,0,1,1,1,Cairo,New Cairo,First Settlement,3rd,No,completed,6214297.23
71.2,3.0,2,0,0,1,1,Alexandria,East,Sidi Gaber,2nd,No,completed,1743542.29
137.0,4.0,3,0,1,0,1,Alexandria,West,Agami,1st,No,completed,3216671.89
152.9,5.0,5,0,1,1,0,Cairo,Old Cairo,Zamalek,1st,No,completed,10000347.3
118.1,3.0,3,0,1,1,1,Giza,New Giza,New Giza,2nd,Yes,completed,7757866.78
86.1,1.0,1,0,1,1,1,Cairo,Old Cairo,Zamalek,2nd,Semi,under_construction,4768407.17
119.4,2.0,1,0,1,1,1,Alexandria,West,Borg El Arab,1st,Semi,completed,2515334.11
125.8,3.0,2,0,1,0,1,Giza,New Giza,New Giza,1st,No,under_construction,6538292.28
128.1,5.0,4,0,1,0,1,Cairo,Old Cairo,Downtown,1st,No,completed,3941750.71
166.7,3.0,2,0,1,1,1,Giza,New Giza,New Giza,1st,Semi,completed,9396345.79
68.2,4.0,3,0,1,1,1,Giza,West Giza,6th of October,3rd,Yes,completed,2190030.51
67.3,1.0,1,0,1,1,1,Cairo,Old Cairo,Downtown,2nd,No,completed,2353818.48
88.6,3.0,3,0,1,0,1,Cairo,New Cairo,Madinaty,3rd,Yes,completed,4799025.64
107.0,3.0,2,0,1,0,1,Giza,New Giza,New Giza,1st,Yes,under_construction,5804958.93
158.7,3.0,2,0,1,0,1,Giza,West Giza,Haram,2nd,No,under_construction,2667029.68
97.8,3.0,2,0,1,1,1,Giza,West Giza,Dokki,1st,No,completed,3117318.8
134.8,2.0,1,0,1,1,1,Tanta,Central,El Geish,1st,Yes,completed,2008068.25
118.0,,2,1,1,1,1,Cairo,New Cairo,First Settlement,1st,Semi,under_construction,4370091.75
163.5,1.0,1,0,1,1,1,Cairo,New Cairo,Heliopolis,1st,No,completed,5094118.42
88.4,2.0,2,0,0,1,1,Tanta,Central,El Geish,2nd,No,under_construction,1330602.74
88.7,4.0,4,0,0,1,1,Alexandria,West,Agami,2nd,No,off_plan,1429062.98
103.0,3.0,2,0,1,1,1,Tanta,Central,Saeed,1st,Semi,off_plan,1166778.95
60.5,5.0,5,0,1,0,1,Cairo,Old Cairo,Zamalek,2nd,Yes,completed,5153890.51
156.8,2.0,1,0,1,1,1,Alexandria,West,Borg El Arab,2nd,No,completed,2486320.23
153.1,4.0,3,0,1,1,1,Cairo,Old Cairo,Maadi,2nd,Yes,completed,5638511.46
123.2,3.0,2,0,1,0,1,Mansoura,Central,El Mashaya,2nd,No,completed,2392918.06
84.7,3.0,2,0,1,1,1,Giza,West Giza,Mohandessin,2nd,No,under_construction,2301556.78
173.0,3.0,2,0,1,0,1,Giza,West Giza,Haram,1st,No,completed,3901358.99
212.5,3.0,2,0,1,1,1,Giza,New Giza,New Giza,2nd,No,completed,11767515.21
94.9,1.0,1,0,1,0,1,Giza,New Giza,New Giza,2nd,No,off_plan,3801084.5
174.1,3.0,2,0,0,1,1,Alexandria,West,Agami,1st,Semi,completed,3163885.18
122.1,3.0,2,0,1,1,1,Cairo,New Cairo,Nasr City,3rd,Semi,completed,3943979.12
134.8,3.0,2,0,1,1,1,Cairo,Old Cairo,Downtown,1st,No,completed,3977968.37
105.4,2.0,1,0,1,0,1,Giza,New Giza,New Giza,2nd,Yes,under_construction,5276645.0
160.9,3.0,2,0,1,1,1,Cairo,Old Cairo,Zamalek,2nd,Yes,completed,11627885.62
94.4,2.0,1,0,0,1,1,Cairo,Old Cairo,Downtown,1st,No,completed,3314321.43
168.8,2.0,1,0,1,0,1,Cairo,New Cairo,Fifth Settlement,3rd,No,off_plan,5434095.4
138.4,3.0,2,0,1,0,1,Cairo,Old Cairo,Zamalek,1st,No,completed,8999398.69
107.7,1.0,1,0,1,0,1,Alexandria,East,Sidi Gaber,1st,Semi,off_plan,2017521.18
113.2,3.0,3,0,0,0,1,Alexandria,East,Smouha,2nd,No,completed,3033271.45
134.6,3.0,2,0,1,0,1,Giza,New Giza,New Giza,1st,Yes,completed,9976221.22
143.7,3.0,2,0,1,1,1,Cairo,Old Cairo,Zamalek,2nd,No,completed,9701801.98
181.6,1.0,1,0,1,0,1,Cairo,New Cairo,Rehab,1st,No,completed,8274728.69
115.3,4.0,4,0,1,0,1,Cairo,Old Cairo,Zamalek,2nd,No,completed,7180881.56
227.5,4.0,4,0,1,1,1,Cairo,Old Cairo,Maadi,2nd,No,completed,9037199.28
136.6,3.0,3,0,0,1,1,Alexandria,East,Smouha,1st,No,completed,3913629.86
212.3,3.0,2,0,1,1,1,Alexandria,West,Borg El Arab,2nd,No,completed,3166276.93
61.1,3.0,3,0,1,0,1,Giza,West Giza,Sheikh Zayed,2nd,No,under_construction,2371222.12
98.6,5.0,4,0,1,0,1,Cairo,Old Cairo,Downtown,1st,No,completed,3574588.1
101.8,3.0,2,0,1,1,1,Cairo,Old Cairo,Maadi,3rd,Yes,completed,4271793.14
82.7,2.0,1,0,1,0,1,Cairo,New Cairo,First Settlement,1st,Yes,under_construction,3063439.87
93.7,5.0,5,0,1,1,1,Cairo,New Cairo,Heliopolis,2nd,Semi,under_construction,2931483.15
158.6,2.0,1,0,1,1,1,Cairo,New Cairo,First Settlement,2nd,Yes,under_construction,5410729.75
114.5,4.0,4,0,0,0,1,Cairo,Old Cairo,Downtown,1st,Yes,completed,3604776.36
168.6,5.0,4,0,1,1,1,Alexandria,West,Agami,2nd,No,completed,3661856.61
120.8,3.0,3,0,0,1,1,Cairo,New Cairo,Nasr City,2nd,Semi,completed,3267754.31
158.9,5.0,4,0,1,1,1,Alexandria,East,Sidi Bishr,1st,No,completed,3658490.09
133.8,3.0,2,0,1,0,1,Giza,New Giza,New Giza,2nd,No,completed,8268153.03
192.6,2.0,2,0,1,1,1,Cairo,Old Cairo,Maadi,1st,Semi,off_plan,5668509.42
107.8,1.0,1,0,0,1,1,Giza,West Giza,Dokki,1st,No,completed,2893509.89
141.5,4.0,3,0,1,1,1,Alexandria,West,Agami,2nd,No,completed,2894927.31
108.6,3.0,3,0,1,0,1,Cairo,New Cairo,Nasr City,4th,No,under_construction,2507621.28
117.9,2.0,1,0,1,1,1,Cairo,Old Cairo,Zamalek,1st,Yes,completed,8069885.42
175.2,1.0,1,0,1,1,1,Giza,West Giza,Sheikh Zayed,2nd,No,completed,7936734.48
81.3,3.0,2,0,1,1,1,Tanta,Central,El Geish,2nd,No,completed,1281280.84
157.9,2.0,2,0,1,1,1,Alexandria,East,Sidi Bishr,2nd,No,completed,3455634.41
94.0,2.0,2,0,1,1,1,Giza,New Giza,New Giza,1st,No,off_plan,4032338.27
98.7,4.0,3,0,1,1,1,Cairo,Old Cairo,Maadi,3rd,Semi,completed,4137414.3
154.6,4.0,4,0,1,1,1,Giza,West Giza,Mohandessin,2nd,Yes,completed,6059746.25
104.3,2.0,1,0,1,1,1,Alexandria,East,Sidi Gaber,1st,No,under_construction,2034341.7
105.5,,3,1,1,1,1,Cairo,New Cairo,Nasr City,2nd,Semi,completed,3366461.09
150.7,3.0,2,0,0,1,1,Alexandria,West,Agami,2nd,No,completed,3276098.41
210.1,2.0,2,0,1,1,1,Cairo,New Cairo,Heliopolis,2nd,No,completed,6094075.87
185.8,5.0,5,0,0,1,1,Cairo,Old Cairo,Zamalek,2nd,Yes,under_construction,10163543.45
109.0,2.0,1,0,1,1,1,Cairo,New Cairo,Rehab,3rd,No,completed,4188132.81
233.3,3.0,2,0,1,0,1,Giza,West Giza,6th of October,1st,No,under_construction,5789652.98
150.6,5.0,5,0,1,1,1,Giza,New Giza,New Giza,1st,Yes,completed,11455034.97
146.2,4.0,4,0,0,1,1,Cairo,Old Cairo,Zamalek,2nd,No,completed,8852028.39
155.8,1.0,1,0,1,0,1,Cairo,Old Cairo,Downtown,1st,No,completed,5410055.52
85.5,1.0,1,0,1,1,1,Cairo,New Cairo,Fifth Settlement,3rd,No,completed,4493013.7
88.4,2.0,2,0,1,1,1,Giza,West Giza,Haram,2nd,No,off_plan,1517962.89
112.2,5.0,4,0,0,1,1,Giza,New Giza,New Giza,1st,No,completed,7305150.5
77.9,1.0,1,0,1,1,1,Cairo,New Cairo,First Settlement,2nd,No,under_construction,2774849.19
195.8,4.0,3,0,1,1,1,Giza,West Giza,Sheikh Zayed,2nd,Semi,under_construction,8657361.2
130.9,2.0,1,0,1,0,1,Giza,New Giza,New Giza,2nd,Yes,completed,7685079.56
75.7,4.0,3,0,1,1,1,Giza,West Giza,Haram,1st,Semi,off_plan,1292104.09
120.9,3.0,2,0,1,0,1,Giza,West Giza,Dokki,1st,No,completed,3950234.36
148.7,4.0,3,0,1,1,1,Alexandria,East,Sidi Bishr,1st,No,under_construction,2682313.77
190.5,3.0,3,0,1,1,1,Cairo,Old Cairo,Maadi,1st,No,under_construction,5730620.81
126.3,,1,1,1,1,1,Cairo,New Cairo,Rehab,3rd,Yes,under_construction,4595180.86
191.7,2.0,2,0,0,1,1,Cairo,New Cairo,First Settlement,3rd,No,under_construction,6424651.6
128.0,3.0,3,0,1,1,1,Alexandria,West,Borg El Arab,2nd,Yes,off_plan,1768584.68
108.2,2.0,2,0,1,0,1,Cairo,New Cairo,Nasr City,2nd,Semi,under_construction,2785638.7
56.8,3.0,3,0,1,1,1,Cairo,New Cairo,Nasr City,4th,Semi,under_construction,1357067.08
160.4,5.0,5,0,1,0,1,Alexandria,East,Smouha,2nd,No,completed,4172552.84
98.3,,2,1,1,0,1,Giza,New Giza,New Giza,2nd,Semi,completed,5501819.0
78.9,2.0,2,0,1,0,1,Giza,West Giza,Haram,2nd,No,completed,1530467.95
135.5,2.0,1,0,1,0,1,Giza,New Giza,New Giza,1st,Semi,off_plan,5776776.14
104.3,,4,1,0,1,1,Giza,West Giza,Mohandessin,2nd,No,completed,3867474.48
134.3,1.0,1,0,1,0,1,Giza,West Giza,Sheikh Zayed,2nd,Yes,completed,7016213.24
163.2,2.0,1,0,1,1,1,Giza,West Giza,Mohandessin,2nd,Yes,completed,5569261.23
89.2,3.0,3,0,0,1,0,Cairo,New Cairo,Fifth Settlement,1st,Semi,completed,4632615.28
131.5,3.0,3,0,1,1,1,Tanta,Central,El Geish,2nd,Semi,off_plan,1493855.5
97.7,3.0,3,0,1,0,1,Giza,New Giza,New Giza,1st,No,completed,5634865.19
107.1,4.0,3,0,1,0,1,Cairo,New Cairo,Madinaty,2nd,Semi,completed,5492245.05
135.7,,2,1,1,1,0,Cairo,Old Cairo,Maadi,2nd,No,completed,5210103.7
185.0,3.0,2,0,1,0,1,Alexandria,East,Sidi Gaber,1st,Yes,under_construction,3927265.46
91.9,3.0,2,0,1,1,0,Giza,New Giza,New Giza,1st,Yes,completed,5411132.96
96.5,2.0,1,0,0,1,0,Giza,West Giza,6th of October,2nd,Yes,completed,3073673.46
64.2,,3,1,1,1,1,Cairo,Old Cairo,Maadi,3rd,No,off_plan,1732641.71
104.0,4.0,3,0,1,1,1,Giza,West Giza,6th of October,1st,No,completed,3334970.87
101.8,3.0,3,0,1,1,1,Cairo,New Cairo,Nasr City,4th,No,completed,2609700.12
154.3,3.0,3,0,1,1,1,Cairo,Old Cairo,Zamalek,1st,Semi,completed,9692527.48
191.2,2.0,1,0,1,1,1,Cairo,Old Cairo,Zamalek,1st,No,off_plan,9558176.7
169.9,2.0,2,0,1,0,1,Cairo,New Cairo,Madinaty,4th,No,under_construction,5920992.17
169.3,4.0,4,0,0,1,1,Giza,New Giza,New Giza,2nd,No,under_construction,7230330.5
162.7,2.0,2,0,1,1,1,Alexandria,East,Sidi Gaber,1st,Yes,completed,4429553.74
163.5,3.0,3,0,1,1,1,Giza,New Giza,New Giza,1st,No,completed,8905083.73
200.2,3.0,2,0,1,0,1,Alexandria,East,Sidi Gaber,2nd,Semi,completed,5299249.73
145.8,3.0,3,0,1,0,1,Mansoura,Central,Toriel,1st,Yes,off_plan,1894428.85
133.9,2.0,2,0,1,1,1,Giza,New Giza,New Giza,2nd,No,off_plan,5311523.98
123.9,3.0,2,0,1,1,1,Alexandria,East,Smouha,2nd,No,completed,3599852.57
78.0,2.0,1,0,1,1,1,Cairo,Old Cairo,Downtown,1st,No,completed,2599528.47
73.6,2.0,1,0,1,1,1,Tanta,Central,Saeed,1st,No,completed,1193277.31
77.5,1.0,1,0,1,1,1,Mansoura,Central,Toriel,1st,No,completed,1072497.53
203.5,,2,1,1,1,0,Alexandria,East,Smouha,2nd,Semi,completed,5062112.57
175.8,1.0,1,0,1,0,1,Alexandria,East,Sidi Gaber,2nd,No,completed,4164986.02
99.3,5.0,4,0,1,0,1,Cairo,Old Cairo,Downtown,2nd,No,completed,3328269.86
54.6,3.0,2,0,1,0,1,Alexandria,East,Sidi Bishr,1st,Yes,off_plan,1075423.97
136.0,4.0,3,0,1,1,1,Giza,West Giza,6th of October,1st,No,completed,4492496.41
226.5,,2,1,1,1,1,Cairo,New Cairo,Heliopolis,1st,Yes,completed,9044082.9
109.6,4.0,3,0,1,1,1,Giza,West Giza,Haram,3rd,No,completed,2092019.36
118.6,3.0,3,0,1,1,1,Cairo,New Cairo,Nasr City,1st,Yes,completed,4033636.21
118.7,,1,1,1,1,1,Giza,New Giza,New Giza,1st,No,completed,7601614.63
185.3,2.0,1,0,1,1,1,Cairo,Old Cairo,Zamalek,1st,Semi,completed,12104256.3
96.8,2.0,1,0,0,0,1,Giza,New Giza,New Giza,1st,No,completed,5333504.79
81.5,5.0,4,0,1,0,1,Cairo,New Cairo,Madinaty,3rd,Yes,completed,4331763.55
94.5,3.0,3,0,1,1,1,Giza,West Giza,Dokki,1st,Semi,completed,2827074.73
206.1,1.0,1,0,1,0,1,Giza,New Giza,New Giza,1st,Yes,completed,13353512.63
228.1,,3,1,1,1,1,Alexandria,West,Borg El Arab,1st,No,under_construction,3668364.93
69.6,4.0,3,0,1,1,1,Cairo,New Cairo,Heliopolis,1st,No,completed,2507359.59
196.3,2.0,1,0,1,1,1,Cairo,New Cairo,Madinaty,1st,No,completed,8861823.19
84.3,3.0,2,0,1,1,1,Cairo,Old Cairo,Maadi,2nd,Semi,completed,3319607.41
138.3,3.0,3,0,1,1,0,Alexandria,East,Smouha,2nd,Yes,completed,4024364.19
124.8,3.0,2,0,0,1,0,Cairo,New Cairo,Fifth Settlement,3rd,No,completed,5568199.87
138.4,3.0,2,0,1,1,1,Cairo,Old Cairo,Zamalek,1st,Yes,completed,10749401.13
133.3,4.0,3,0,1,0,1,Cairo,New Cairo,Madinaty,1st,No,completed,5677773.06
124.6,,3,1,1,1,1,Cairo,New Cairo,Nasr City,1st,No,completed,3197112.2
123.6,4.0,3,0,1,1,1,Giza,West Giza,Dokki,2nd,No,completed,4073936.33
81.4,3.0,2,0,0,0,1,Alexandria,East,Sidi Gaber,1st,Yes,completed,2607806.53
150.1,3.0,3,0,1,1,1,Cairo,Old Cairo,Downtown,2nd,No,completed,4783666.99
134.3,1.0,1,0,1,1,1,Cairo,Old Cairo,Maadi,1st,No,off_plan,3613107.04
106.9,3.0,3,0,1,1,1,Mansoura,Central,Toriel,1st,No,completed,1572044.25
115.2,3.0,2,0,0,1,1,Cairo,New Cairo,First Settlement,1st,Yes,under_construction,4464146.88
80.2,1.0,1,0,1,1,1,Mansoura,Central,El Mashaya,2nd,Yes,completed,1425832.84
95.6,3.0,2,0,1,1,1,Alexandria,West,Agami,2nd,No,completed,2069720.2
100.9,4.0,4,0,0,1,0,Mansoura,Central,Toriel,1st,Yes,under_construction,1530387.94
108.0,3.0,2,0,0,0,1,Alexandria,East,Sidi Bishr,1st,No,completed,2245176.39
114.7,3.0,3,0,1,1,1,Giza,West Giza,6th of October,1st,Yes,under_construction,3653740.76
121.0,,1,1,1,1,1,Cairo,New Cairo,Heliopolis,1st,Semi,under_construction,3424127.16
115.1,2.0,1,0,1,1,1,Alexandria,West,Agami,1st,Semi,completed,2214955.7
132.4,2.0,1,0,1,0,1,Giza,West Giza,Sheikh Zayed,2nd,Semi,completed,6415717.44
116.5,3.0,2,0,1,1,1,Alexandria,East,Smouha,1st,Yes,completed,3209069.76
106.1,2.0,2,0,0,0,1,Alexandria,East,Sidi Bishr,2nd,No,completed,2357597.35
95.7,2.0,2,0,1,1,1,Cairo,New Cairo,First Settlement,3rd,Semi,under_construction,3555884.72
181.7,2.0,1,0,1,0,1,Mansoura,Central,Toriel,1st,Yes,completed,2841172.99
130.8,3.0,3,0,1,1,1,Giza,West Giza,Dokki,2nd,No,completed,4100367.75
165.3,2.0,1,0,1,1,1,Alexandria,East,Sidi Bishr,2nd,No,completed,4191460.22
155.8,3.0,3,0,1,0,1,Cairo,Old Cairo,Downtown,2nd,Yes,under_construction,4072432.76
125.1,3.0,3,0,1,1,1,Cairo,Old Cairo,Zamalek,2nd,No,off_plan,5883927.8
167.0,3.0,3,0,1,1,1,Cairo,Old Cairo,Zamalek,1st,No,completed,9810073.41
90.7,4.0,3,0,1,1,1,Cairo,New Cairo,Heliopolis,1st,Semi,under_construction,2694950.41
112.1,5.0,4,0,1,1,1,Giza,West Giza,Haram,2nd,No,completed,2644235.64
124.9,4.0,4,0,1,1,1,Mansoura,Central,El Mashaya,2nd,No,off_plan,1622144.29
188.0,2.0,2,0,1,0,1,Cairo,Old Cairo,Downtown,2nd,No,off_plan,4145365.3
114.4,3.0,2,0,1,1,1,Cairo,New Cairo,Fifth Settlement,1st,No,completed,5710818.22
170.2,2.0,1,0,1,1,1,Cairo,Old Cairo,Downtown,1st,No,completed,5578837.65
71.4,3.0,2,0,1,0,1,Giza,West Giza,6th of October,1st,No,under_construction,1626828.88
96.7,4.0,3,0,1,1,1,Alexandria,West,Agami,2nd,Yes,completed,2272460.38
148.6,4.0,3,0,1,1,1,Giza,West Giza,Dokki,2nd,Semi,under_construction,3600676.2
107.5,3.0,2,0,1,0,1,Tanta,Central,Saeed,1st,No,completed,1690767.97
112.0,3.0,3,0,1,0,1,Giza,West Giza,6th of October,3rd,Semi,under_construction,2718761.62
40.0,3.0,2,0,0,0,1,Cairo,New Cairo,Fifth Settlement,1st,Yes,completed,2514004.61
99.1,3.0,3,0,0,1,1,Cairo,New Cairo,Heliopolis,2nd,Yes,completed,4035770.38
141.7,1.0,1,0,1,1,1,Mansoura,Central,Toriel,1st,No,completed,2053474.2
167.4,3.0,2,0,0,1,1,Giza,West Giza,6th of October,1st,No,completed,5809822.69
182.2,3.0,3,0,1,1,1,Giza,New Giza,New Giza,2nd,No,completed,10603347.85
341.4,4.0,4,0,0,1,1,Alexandria,East,Sidi Gaber,2nd,Yes,completed,10721258.13
128.3,2.0,2,0,1,1,1,Cairo,Old Cairo,Maadi,2nd,No,completed,3954997.69
310.9,4.0,3,0,1,1,1,Giza,West Giza,Sheikh Zayed,3rd,No,completed,15227129.09
234.0,2.0,1,0,1,1,1,Cairo,Old Cairo,Downtown,1st,Yes,completed,7859186.35
112.2,3.0,3,0,0,1,1,Giza,West Giza,Haram,3rd,No,under_construction,1824420.98
134.2,3.0,2,0,1,1,1,Cairo,Old Cairo,Zamalek,2nd,Yes,completed,7551472.06
156.6,2.0,1,0,1,1,1,Cairo,Old Cairo,Downtown,1st,Yes,completed,5624459.45
115.7,3.0,3,0,1,1,1,Tanta,Central,El Geish,1st,No,completed,1960466.94
179.5,1.0,1,0,1,1,1,Giza,West Giza,Haram,3rd,Semi,completed,3757219.99
128.3,4.0,3,0,1,1,1,Mansoura,Central,El Mashaya,1st,No,completed,2499040.32
156.2,2.0,1,0,1,1,1,Giza,New Giza,New Giza,2nd,No,completed,9001300.61
102.6,4.0,3,0,1,1,1,Cairo,Old Cairo,Zamalek,1st,Yes,completed,7104216.69
103.6,2.0,2,0,1,1,1,Cairo,Old Cairo,Maadi,1st,No,under_construction,3276014.88
158.5,3.0,3,0,1,1,1,Cairo,Old Cairo,Zamalek,1st,Yes,completed,11493101.09
102.5,3.0,2,0,1,1,1,Cairo,Old Cairo,Zamalek,1st,Yes,completed,6510135.67
101.8,4.0,3,0,1,0,1,Cairo,New Cairo,Fifth Settlement,1st,Yes,under_construction,5210678.33
74.1,3.0,3,0,1,1,1,Giza,West Giza,6th of October,3rd,Semi,completed,2348748.37
82.1,2.0,1,0,1,1,1,Giza,New Giza,New Giza,2nd,Yes,completed,5035961.56
99.2,3.0,3,0,1,1,1,Cairo,Old Cairo,Maadi,1st,No,completed,3327259.39
144.6,1.0,1,0,1,1,1,Cairo,New Cairo,Madinaty,1st,Semi,completed,6422666.64
64.3,4.0,4,0,1,1,1,Giza,New Giza,New Giza,1st,No,completed,3806624.39
232.2,3.0,2,0,1,1,1,Cairo,Old Cairo,Zamalek,1st,Yes,completed,16087918.03
82.4,,1,1,1,1,0,Cairo,Old Cairo,Maadi,1st,Semi,completed,3209991.73
86.6,1.0,1,0,0,0,1,Giza,West Giza,6th of October,1st,No,completed,2563434.65
132.2,2.0,1,0,1,0,1,Alexandria,East,Smouha,3rd,No,completed,4094032.76
128.3,4.0,3,0,0,1,1,Giza,West Giza,Dokki,2nd,No,completed,3614966.51
90.0,4.0,4,0,1,0,1,Cairo,New Cairo,Rehab,3rd,No,completed,4128434.18
116.8,3.0,2,0,0,1,1,Cairo,Old Cairo,Maadi,3rd,Yes,under_construction,4223045.63
117.8,2.0,2,0,1,1,1,Alexandria,East,Sidi Gaber,1st,Yes,completed,3657787.07
225.4,4.0,4,0,1,0,1,Giza,New Giza,New Giza,1st,No,completed,12967080.54
133.6,3.0,2,0,1,1,1,Giza,West Giza,Dokki,1st,No,under_construction,3201550.31
162.0,3.0,3,0,0,1,1,Cairo,New Cairo,Rehab,1st,Yes,under_construction,6270642.36
142.1,4.0,3,0,1,1,1,Cairo,Old Cairo,Downtown,2nd,Yes,under_construction,4336290.14
273.0,2.0,2,0,1,0,1,Cairo,New Cairo,Rehab,3rd,No,completed,11870329.24
145.6,3.0,2,0,1,1,1,Cairo,New Cairo,Heliopolis,2nd,No,completed,5250839.78
186.8,4.0,3,0,1,0,1,Cairo,Old Cairo,Downtown,1st,No,completed,6064251.55
123.7,4.0,4,0,1,1,1,Tanta,Central,El Geish,2nd,No,under_construction,1509781.94
120.2,2.0,1,0,0,1,1,Cairo,Old Cairo,Zamalek,2nd,Yes,completed,7733935.9
83.5,3.0,3,0,0,1,1,Cairo,New Cairo,Fifth Settlement,2nd,No,completed,4515926.97
89.7,,1,1,1,1,1,Alexandria,West,Agami,1st,No,completed,1648847.48
191.4,3.0,2,0,1,1,1,Giza,New Giza,New Giza,1st,No,completed,10977852.21
133.2,1.0,1,0,1,1,1,Giza,West Giza,Dokki,2nd,No,completed,4072275.09
124.1,3.0,2,0,1,1,0,Cairo,Old Cairo,Maadi,1st,No,completed,4426121.4
100.6,2.0,2,0,1,0,1,Cairo,New Cairo,Fifth Settlement,2nd,No,completed,5411178.61
203.6,2.0,1,0,1,1,1,Alexandria,West,Agami,1st,No,completed,3570335.17
224.6,1.0,1,0,1,1,1,Mansoura,Central,El Mashaya,1st,No,under_construction,2473381.41
63.9,4.0,3,0,1,0,1,Giza,New Giza,New Giza,2nd,No,under_construction,3309583.98
109.2,3.0,3,0,1,1,1,Giza,West Giza,Mohandessin,1st,Semi,completed,3824795.42
129.0,1.0,1,0,1,0,1,Cairo,New Cairo,Heliopolis,2nd,Semi,completed,4393504.77
89.2,1.0,1,0,0,1,1,Cairo,New Cairo,Madinaty,4th,Yes,completed,3808834.23
167.2,2.0,2,0,1,1,1,Cairo,Old Cairo,Downtown,1st,No,completed,5238178.79
143.3,1.0,1,0,1,1,1,Giza,West Giza,Sheikh Zayed,2nd,No,completed,6620275.56
62.3,3.0,2,0,0,1,1,Giza,New Giza,New Giza,1st,No,completed,3859485.05
106.4,2.0,2,0,0,1,1,Giza,New Giza,New Giza,1st,Yes,under_construction,5473411.98
61.5,3.0,2,0,1,0,1,Giza,West Giza,Dokki,1st,Yes,completed,2245798.33
78.9,3.0,2,0,1,0,1,Giza,New Giza,New Giza,2nd,Semi,under_construction,4150008.14
173.7,1.0,1,0,1,0,1,Cairo,Old Cairo,Zamalek,1st,Yes,completed,10629589.34
85.3,1.0,1,0,1,1,0,Cairo,Old Cairo,Zamalek,1st,No,completed,5876596.24
108.2,4.0,4,0,1,1,1,Cairo,Old Cairo,Zamalek,1st,Yes,completed,7950026.28
181.9,2.0,2,0,1,1,1,Cairo,Old Cairo,Downtown,2nd,No,completed,5961333.9
137.1,1.0,1,0,1,1,1,Alexandria,West,Borg El Arab,1st,No,completed,2535981.2
133.2,3.0,3,0,1,0,1,Mansoura,Central,Toriel,1st,No,completed,1965623.91
146.6,2.0,2,0,0,1,1,Cairo,New Cairo,Madinaty,4th,No,completed,6867936.42
86.2,5.0,4,0,0,1,1,Cairo,New Cairo,First Settlement,3rd,Yes,completed,4172791.15
234.2,2.0,2,0,1,1,1,Cairo,Old Cairo,Downtown,2nd,No,off_plan,4352523.51
110.9,3.0,3,0,1,1,1,Cairo,Old Cairo,Maadi,3rd,Semi,under_construction,3810385.29
83.3,4.0,3,0,1,0,1,Cairo,New Cairo,Madinaty,4th,Yes,completed,4467300.66
84.0,5.0,4,0,0,1,1,Giza,West Giza,Sheikh Zayed,3rd,No,completed,4773725.67
120.2,2.0,1,0,1,0,1,Alexandria,East,Smouha,2nd,Yes,completed,3720554.9
156.4,2.0,2,0,1,0,1,Cairo,Old Cairo,Downtown,1st,No,completed,4320216.05
156.7,3.0,2,0,0,0,1,Giza,New Giza,New Giza,2nd,Yes,off_plan,7871772.35
131.6,4.0,3,0,1,1,1,Cairo,Old Cairo,Maadi,1st,Yes,completed,5635497.87
127.1,4.0,3,0,1,1,1,Cairo,New Cairo,Fifth Settlement,2nd,Semi,completed,7018818.6
109.6,3.0,2,0,0,1,1,Giza,West Giza,Haram,1st,Yes,completed,2540142.33
94.7,3.0,2,0,1,1,1,Cairo,Old Cairo,Maadi,2nd,Yes,under_construction,2940537.92
195.4,2.0,1,0,1,1,1,Cairo,New Cairo,Rehab,2nd,No,completed,8074548.51
149.7,4.0,3,0,1,1,1,Giza,West Giza,Mohandessin,2nd,Semi,off_plan,4250055.76
78.6,1.0,1,0,1,0,1,Cairo,Old Cairo,Zamalek,1st,Yes,under_construction,3947409.91
150.2,2.0,1,0,1,1,0,Cairo,New Cairo,Heliopolis,2nd,Yes,under_construction,3999586.83
136.0,3.0,3,0,1,0,1,Cairo,Old Cairo,Downtown,1st,No,completed,4128068.31
189.4,3.0,2,0,1,0,1,Cairo,Old Cairo,Downtown,2nd,No,under_construction,5344867.24
140.8,3.0,3,0,1,1,1,Giza,West Giza,Sheikh Zayed,3rd,Semi,completed,7766434.99
108.9,4.0,4,0,1,1,1,Cairo,Old Cairo,Maadi,3rd,Semi,completed,4116458.97
99.9,4.0,4,0,1,1,1,Giza,West Giza,Dokki,1st,No,completed,2753175.19
198.6,3.0,2,0,1,1,1,Cairo,Old Cairo,Downtown,2nd,Yes,completed,6106548.66
119.0,,1,1,1,1,1,Mansoura,Central,Toriel,1st,No,under_construction,1356052.66
97.3,3.0,3,0,0,1,1,Cairo,Old Cairo,Maadi,3rd,Yes,off_plan,2888772.54
46.9,1.0,1,0,1,1,1,Alexandria,West,Agami,2nd,No,completed,875755.04
159.2,5.0,4,0,1,1,1,Cairo,New Cairo,Nasr City,3rd,Yes,completed,4838716.02
133.3,4.0,3,0,1,1,1,Giza,West Giza,Mohandessin,1st,Semi,completed,5138020.82
127.6,3.0,2,0,1,1,1,Giza,New Giza,New Giza,2nd,No,completed,7525789.82
89.7,3.0,2,0,1,1,1,Giza,New Giza,New Giza,1st,Yes,under_construction,4728691.99
113.4,3.0,2,0,1,1,1,Giza,West Giza,Haram,1st,No,under_construction,1882068.63
145.4,3.0,2,0,1,0,1,Cairo,Old Cairo,Maadi,1st,Semi,completed,5630802.49
51.8,5.0,5,0,1,0,1,Alexandria,West,Borg El Arab,2nd,No,completed,842220.02
123.5,2.0,1,0,1,0,1,Giza,New Giza,New Giza,1st,Yes,completed,7846786.14
156.9,2.0,1,0,1,1,1,Alexandria,East,Sidi Gaber,2nd,No,completed,3588064.94
100.2,,3,1,1,0,1,Alexandria,West,Agami,2nd,No,under_construction,1699869.4
205.2,3.0,3,0,1,1,0,Cairo,New Cairo,First Settlement,2nd,Semi,completed,8397971.72
144.3,1.0,1,0,0,0,1,Mansoura,Central,El Mashaya,1st,Semi,completed,2735091.39
177.1,2.0,1,0,1,0,1,Giza,West Giza,6th of October,1st,No,completed,5220259.41
114.8,4.0,3,0,0,1,1,Cairo,New Cairo,Madinaty,4th,No,completed,5087791.47
98.5,4.0,3,0,1,0,1,Alexandria,East,Sidi Bishr,2nd,No,completed,2418525.02
111.6,4.0,4,0,1,0,1,Giza,West Giza,6th of October,3rd,No,completed,3709797.16
96.4,1.0,1,0,1,1,1,Giza,New Giza,New Giza,1st,No,completed,5374261.87
83.0,3.0,3,0,1,1,1,Alexandria,East,Sidi Bishr,1st,No,completed,2000770.75
120.7,4.0,3,0,1,1,1,Giza,West Giza,6th of October,1st,Yes,completed,4282088.32
155.2,4.0,3,0,1,0,1,Cairo,Old Cairo,Zamalek,2nd,Yes,completed,9686234.71
97.3,1.0,1,0,1,1,1,Cairo,New Cairo,Heliopolis,2nd,Semi,completed,3259042.43
123.0,4.0,3,0,1,0,1,Giza,West Giza,Sheikh Zayed,2nd,Semi,completed,5608653.75
128.9,1.0,1,0,1,0,1,Giza,New Giza,New Giza,1st,No,completed,7298456.87
127.6,,2,1,1,0,1,Cairo,New Cairo,Madinaty,1st,Yes,completed,7545996.6
89.6,2.0,1,0,1,1,1,Giza,West Giza,Mohandessin,2nd,No,completed,3061005.25
186.2,2.0,1,0,1,1,1,Cairo,Old Cairo,Maadi,2nd,Semi,under_construction,5608743.45
218.2,2.0,2,0,1,1,1,Giza,New Giza,New Giza,1st,Semi,completed,11425379.55
90.2,3.0,2,0,1,1,1,Mansoura,Central,Toriel,1st,No,under_construction,1118591.98
125.3,3.0,2,0,1,1,1,Cairo,New Cairo,Rehab,1st,Yes,completed,5874215.98
162.1,2.0,1,0,1,1,1,Giza,New Giza,New Giza,2nd,Semi,completed,8426095.7
166.9,3.0,2,0,1,1,1,Giza,West Giza,Dokki,2nd,Yes,completed,5583578.45
155.8,2.0,1,0,1,1,1,Alexandria,East,Sidi Gaber,1st,Yes,under_construction,3915386.79
124.9,3.0,2,0,1,1,1,Cairo,Old Cairo,Zamalek,2nd,Yes,off_plan,6230895.21
131.2,2.0,1,0,1,0,1,Cairo,Old Cairo,Downtown,2nd,No,completed,3733023.76
174.4,5.0,4,0,1,1,1,Cairo,Old Cairo,Maadi,1st,No,completed,6574872.92
195.7,4.0,4,0,1,1,1,Cairo,Old Cairo,Downtown,1st,Yes,under_construction,5664835.15
117.1,3.0,3,0,1,1,1,Giza,New Giza,New Giza,1st,No,under_construction,5667834.83
102.7,3.0,3,0,1,0,1,Giza,West Giza,Dokki,2nd,No,completed,2692791.86
111.9,4.0,3,0,1,1,1,Giza,West Giza,Mohandessin,1st,Yes,under_construction,3717148.74
164.5,2.0,2,0,0,1,1,Cairo,Old Cairo,Downtown,1st,No,completed,5234444.43
141.2,3.0,2,0,1,1,1,Alexandria,West,Borg El Arab,1st,Yes,completed,2869613.27
101.5,,2,1,1,1,1,Cairo,New Cairo,Madinaty,2nd,No,completed,4941700.46
131.0,3.0,3,0,1,0,1,Cairo,Old Cairo,Maadi,3rd,No,completed,4597086.42
170.0,3.0,3,0,1,1,1,Cairo,New Cairo,Nasr City,3rd,No,under_construction,3637207.93
138.4,4.0,3,0,1,0,1,Cairo,Old Cairo,Downtown,2nd,No,completed,4789414.31
251.0,4.0,3,0,1,1,1,Alexandria,East,Sidi Bishr,2nd,No,completed,5129740.95
168.0,5.0,5,0,1,1,1,Cairo,Old Cairo,Maadi,3rd,Yes,under_construction,5574760.96
217.5,2.0,1,0,1,1,1,Alexandria,East,Sidi Bishr,2nd,No,completed,4676744.85
146.6,,3,1,1,1,1,Cairo,New Cairo,First Settlement,1st,No,off_plan,4473311.59
283.3,1.0,1,0,1,1,1,Giza,New Giza,New Giza,1st,Semi,completed,12778153.05
78.7,3.0,3,0,1,1,1,Cairo,Old Cairo,Downtown,1st,No,completed,2499916.71
145.4,2.0,1,0,1,1,1,Alexandria,West,Borg El Arab,1st,No,under_construction,1928275.11
117.6,3.0,2,0,1,1,1,Mansoura,Central,Toriel,1st,No,under_construction,1488964.61
63.1,1.0,1,0,1,1,1,Giza,New Giza,New Giza,2nd,No,completed,3718764.45
91.7,5.0,5,0,1,1,0,Cairo,Old Cairo,Downtown,1st,No,completed,3268759.66
99.6,1.0,1,0,0,1,1,Tanta,Central,El Geish,1st,No,completed,1504794.42
136.5,4.0,3,0,1,1,1,Giza,New Giza,New Giza,1st,Yes,completed,10028692.63
82.1,4.0,3,0,1,0,1,Cairo,New Cairo,Nasr City,3rd,No,completed,2459111.53
71.2,3.0,3,0,1,1,1,Cairo,Old Cairo,Zamalek,1st,No,completed,4581889.46
197.3,4.0,4,0,1,1,1,Cairo,Old Cairo,Downtown,2nd,Yes,off_plan,5243534.69
148.5,3.0,3,0,1,0,1,Cairo,New Cairo,Nasr City,4th,No,completed,3680912.14
178.5,3.0,2,0,1,1,1,Giza,New Giza,New Giza,2nd,Semi,completed,9922424.4
169.6,1.0,1,0,1,0,1,Cairo,Old Cairo,Downtown,2nd,No,completed,4802255.75
95.6,3.0,3,0,1,1,1,Giza,West Giza,Mohandessin,1st,Yes,completed,3951703.58
104.4,4.0,3,0,1,0,1,Cairo,New Cairo,Nasr City,2nd,Semi,under_construction,2826392.92
95.0,3.0,3,0,1,0,1,Giza,West Giza,Sheikh Zayed,1st,Yes,completed,5551464.01
167.0,4.0,4,0,1,0,1,Giza,New Giza,New Giza,1st,No,completed,9205544.27
126.5,3.0,2,0,0,1,1,Alexandria,West,Agami,1st,No,completed,2850340.36
78.1,3.0,3,0,1,0,1,Tanta,Central,El Geish,1st,Yes,under_construction,1357274.79
98.6,2.0,2,0,1,1,1,Cairo,Old Cairo,Zamalek,2nd,No,completed,5806734.64
136.4,3.0,2,0,1,1,1,Giza,West Giza,Mohandessin,1st,Semi,completed,4372295.89
150.7,2.0,1,0,1,0,0,Cairo,New Cairo,Heliopolis,1st,No,completed,5222387.29
176.3,3.0,3,0,0,1,1,Cairo,New Cairo,First Settlement,2nd,No,completed,7071409.14
89.5,1.0,1,0,0,1,1,Cairo,New Cairo,Madinaty,3rd,No,completed,4440198.83
117.7,,3,1,1,0,1,Cairo,Old Cairo,Downtown,1st,No,off_plan,2726444.59
107.8,3.0,3,0,1,1,1,Giza,West Giza,Haram,2nd,No,completed,2140712.69
154.0,,2,1,1,1,1,Alexandria,West,Borg El Arab,2nd,Semi,completed,2636084.95
89.5,5.0,5,0,1,1,1,Alexandria,West,Agami,2nd,Yes,under_construction,1610634.11
93.7,3.0,3,0,1,1,1,Giza,West Giza,Dokki,2nd,No,off_plan,2015449.05
134.4,5.0,4,0,0,1,1,Cairo,New Cairo,Fifth Settlement,1st,Yes,completed,9117614.01
119.0,4.0,3,0,1,0,1,Giza,New Giza,New Giza,1st,No,completed,6833534.02
166.6,2.0,2,0,1,1,1,Cairo,Old Cairo,Maadi,1st,Yes,completed,5817790.17
116.8,3.0,3,0,1,0,1,Giza,West Giza,Mohandessin,2nd,No,under_construction,3133172.56
126.2,2.0,1,0,1,0,1,Alexandria,West,Borg El Arab,1st,Yes,completed,2344173.35
107.8,5.0,5,0,0,1,0,Alexandria,West,Borg El Arab,1st,No,completed,2054070.5
63.9,4.0,4,0,1,1,1,Alexandria,West,Agami,1st,No,completed,1467510.15
163.6,2.0,2,0,1,1,1,Alexandria,West,Agami,1st,No,completed,3146030.75
99.2,3.0,2,0,1,1,1,Cairo,Old Cairo,Maadi,2nd,No,completed,3799725.02
88.9,3.0,2,0,1,0,1,Alexandria,East,Sidi Bishr,1st,Yes,under_construction,1922048.27
132.5,5.0,4,0,1,0,1,Cairo,Old Cairo,Zamalek,1st,Yes,completed,11161726.93
103.2,5.0,4,0,1,1,1,Cairo,New Cairo,First Settlement,2nd,No,completed,4204018.94
119.1,2.0,1,0,1,1,1,Giza,West Giza,Mohandessin,1st,No,under_construction,2971153.11
136.7,4.0,4,0,0,1,1,Mansoura,Central,Toriel,1st,No,completed,2029774.6
106.7,2.0,1,0,1,1,1,Giza,West Giza,Mohandessin,2nd,Semi,completed,3535623.92
64.6,2.0,2,0,1,1,1,Cairo,New Cairo,Fifth Settlement,2nd,Yes,completed,3586688.75
73.2,,1,1,1,1,1,Cairo,New Cairo,Madinaty,3rd,Semi,completed,3611611.02
206.2,,3,1,1,1,1,Cairo,Old Cairo,Maadi,3rd,Yes,off_plan,6239966.32
95.2,3.0,2,0,1,0,1,Giza,New Giza,New Giza,2nd,Semi,under_construction,4903939.75
102.0,2.0,1,0,1,0,1,Alexandria,East,Sidi Gaber,1st,No,under_construction,2466955.64
184.5,2.0,2,0,1,1,1,Alexandria,West,Borg El Arab,2nd,No,completed,2702806.75
145.1,3.0,3,0,1,0,1,Cairo,New Cairo,Fifth Settlement,2nd,Yes,completed,8851768.0
76.8,4.0,3,0,1,0,1,Alexandria,East,Sidi Gaber,1st,Yes,completed,1993170.49
103.5,5.0,4,0,1,1,1,Cairo,New Cairo,Nasr City,3rd,No,under_construction,2857557.0
170.8,2.0,1,0,1,0,0,Cairo,Old Cairo,Downtown,1st,Semi,off_plan,4067981.56
86.0,3.0,3,0,1,1,1,Cairo,New Cairo,Nasr City,3rd,No,under_construction,2097190.63
98.7,2.0,2,0,1,1,1,Cairo,Old Cairo,Maadi,2nd,Yes,completed,4252190.24
139.6,3.0,3,0,1,0,1,Cairo,New Cairo,Rehab,3rd,Semi,completed,6358855.2
90.9,4.0,4,0,1,1,1,Cairo,Old Cairo,Zamalek,1st,Yes,under_construction,5456627.63
98.8,3.0,2,0,1,1,1,Giza,West Giza,Haram,2nd,No,under_construction,1755115.01
88.9,3.0,3,0,1,0,1,Alexandria,East,Sidi Bishr,2nd,No,completed,1909534.79
91.6,3.0,3,0,1,1,1,Giza,West Giza,Dokki,2nd,Yes,under_construction,2602259.0
175.7,2.0,1,0,0,0,1,Cairo,Old Cairo,Downtown,1st,Semi,completed,5786924.69
72.6,2.0,2,0,1,0,1,Giza,New Giza,New Giza,2nd,No,under_construction,3142042.75
125.7,3.0,2,0,1,0,1,Giza,New Giza,New Giza,2nd,Yes,completed,8234356.58
219.8,4.0,3,0,1,1,1,Cairo,Old Cairo,Maadi,3rd,No,under_construction,6710094.93
220.2,4.0,3,0,1,0,1,Alexandria,West,Agami,1st,Yes,completed,5345847.44
143.0,3.0,3,0,1,1,1,Cairo,New Cairo,Madinaty,2nd,No,completed,6600043.54
120.6,2.0,1,0,1,0,1,Giza,New Giza,New Giza,2nd,No,completed,7049552.87
96.5,3.0,3,0,1,1,1,Tanta,Central,El Geish,2nd,Yes,under_construction,1377669.07
126.6,3.0,3,0,0,0,1,Alexandria,East,Smouha,1st,No,completed,3677522.42
92.3,4.0,3,0,1,1,1,Cairo,New Cairo,Madinaty,2nd,No,completed,4089470.88
125.5,3.0,2,0,0,1,1,Giza,New Giza,New Giza,1st,Yes,under_construction,7568781.39
130.0,3.0,3,0,1,1,1,Cairo,Old Cairo,Downtown,2nd,No,completed,4241859.3
105.2,4.0,4,0,1,1,1,Giza,New Giza,New Giza,2nd,No,off_plan,4267493.89
133.5,3.0,3,0,0,1,1,Cairo,Old Cairo,Zamalek,2nd,No,completed,9501309.55
123.1,2.0,2,0,1,0,1,Cairo,New Cairo,Heliopolis,1st,Yes,completed,4438258.09
149.6,3.0,2,0,1,1,1,Cairo,New Cairo,Heliopolis,2nd,No,completed,4833143.61
78.4,4.0,3,0,0,1,1,Giza,New Giza,New Giza,1st,Yes,completed,4985445.99
176.1,2.0,1,0,1,1,1,Cairo,Old Cairo,Downtown,1st,No,completed,5428473.6
147.5,3.0,3,0,1,1,1,Alexandria,East,Sidi Bishr,2nd,No,completed,3495389.3
85.1,3.0,2,0,1,1,1,Cairo,New Cairo,Rehab,2nd,Semi,completed,3868985.61
111.0,3.0,2,0,0,1,0,Cairo,Old Cairo,Maadi,2nd,Yes,completed,4611909.86
99.0,3.0,3,0,0,1,1,Cairo,New Cairo,Nasr City,2nd,Yes,under_construction,2777615.24
156.5,5.0,4,0,1,1,1,Cairo,Old Cairo,Downtown,2nd,Semi,completed,5415875.82
125.0,3.0,2,0,0,1,1,Cairo,Old Cairo,Maadi,1st,Yes,under_construction,4019577.94
118.1,2.0,1,0,1,1,1,Cairo,Old Cairo,Maadi,3rd,No,completed,4173573.88
73.2,2.0,2,0,0,1,1,Alexandria,West,Borg El Arab,1st,No,off_plan,879455.03
126.1,3.0,3,0,1,1,1,Cairo,Old Cairo,Maadi,1st,Yes,completed,5198848.13
190.1,3.0,2,0,1,1,1,Cairo,New Cairo,First Settlement,2nd,Semi,completed,7575668.0
136.9,3.0,2,0,1,1,1,Giza,West Giza,6th of October,1st,No,completed,4750541.37
141.9,2.0,1,0,1,1,1,Giza,New Giza,New Giza,1st,Semi,completed,8554082.09
102.5,2.0,1,0,0,1,1,Cairo,Old Cairo,Maadi,1st,Semi,completed,4170147.0
134.8,,4,1,1,1,1,Giza,West Giza,6th of October,2nd,Yes,completed,4323263.45
174.9,3.0,2,0,1,0,1,Giza,New Giza,New Giza,2nd,Yes,completed,10164981.78
139.6,4.0,4,0,1,1,1,Alexandria,West,Borg El Arab,1st,No,completed,2701814.47
115.5,3.0,3,0,1,1,1,Alexandria,West,Borg El Arab,1st,Semi,completed,2162315.14
93.6,3.0,2,0,1,0,1,Cairo,Old Cairo,Downtown,2nd,Yes,completed,3180701.88
81.3,3.0,2,0,1,1,1,Cairo,Old Cairo,Downtown,1st,Yes,completed,3071801.38
110.4,3.0,2,0,1,0,1,Giza,West Giza,Mohandessin,1st,No,completed,3778591.82
114.2,3.0,3,0,1,1,1,Cairo,New Cairo,Madinaty,4th,Yes,completed,4872223.87
101.3,4.0,4,0,0,1,1,Alexandria,West,Borg El Arab,2nd,No,off_plan,1341131.12
49.6,3.0,2,0,1,1,0,Giza,New Giza,New Giza,2nd,No,completed,3299400.2
110.3,5.0,5,0,1,0,1,Alexandria,West,Borg El Arab,2nd,No,completed,2327342.02
86.3,3.0,2,0,1,1,1,Cairo,Old Cairo,Zamalek,1st,No,off_plan,4238318.74
122.2,2.0,1,0,1,0,1,Giza,New Giza,New Giza,2nd,No,completed,7465213.24
152.4,2.0,1,0,1,0,1,Giza,West Giza,Mohandessin,2nd,Yes,under_construction,4041794.22
172.7,5.0,4,0,1,1,1,Cairo,Old Cairo,Maadi,3rd,No,completed,6432671.5
146.9,4.0,4,0,1,1,1,Giza,New Giza,New Giza,1st,No,completed,8374985.3
153.7,2.0,1,0,1,0,1,Cairo,New Cairo,Fifth Settlement,2nd,Yes,completed,9737862.15
119.0,2.0,1,0,1,0,1,Alexandria,East,Sidi Gaber,1st,No,under_construction,2618266.65
119.2,3.0,3,0,1,1,1,Giza,New Giza,New Giza,2nd,Yes,completed,7670986.25
158.4,2.0,2,0,1,1,1,Giza,West Giza,Sheikh Zayed,3rd,No,completed,6455022.04
179.6,3.0,3,0,1,0,1,Cairo,New Cairo,Nasr City,4th,No,completed,5746494.96
131.5,3.0,2,0,1,1,1,Cairo,New Cairo,Heliopolis,1st,Yes,completed,5294129.48
101.7,3.0,3,0,0,1,0,Giza,New Giza,New Giza,2nd,No,completed,5443088.49
201.9,4.0,3,0,1,1,1,Tanta,Central,El Geish,1st,Yes,completed,3574254.49
113.3,3.0,3,0,1,0,1,Giza,New Giza,New Giza,1st,No,under_construction,6371838.09
169.4,2.0,1,0,1,1,1,Cairo,New Cairo,Madinaty,2nd,Semi,completed,8774633.21
105.7,1.0,1,0,1,1,1,Cairo,Old Cairo,Downtown,2nd,Yes,completed,3358550.29
169.3,2.0,2,0,1,1,1,Mansoura,Central,Toriel,1st,Yes,completed,2631150.21
138.0,3.0,2,0,1,0,1,Tanta,Central,Saeed,1st,Yes,completed,2055980.47
138.6,3.0,3,0,1,1,1,Tanta,Central,Saeed,1st,Yes,under_construction,1591099.22
142.7,3.0,3,0,1,1,1,Cairo,Old Cairo,Zamalek,1st,No,under_construction,8250710.76
105.7,3.0,2,0,0,1,1,Cairo,New Cairo,First Settlement,2nd,Semi,completed,4903059.67
105.9,3.0,3,0,0,1,1,Giza,New Giza,New Giza,2nd,No,completed,5559557.39
86.1,3.0,3,0,1,1,1,Giza,New Giza,New Giza,1st,No,under_construction,4533371.69
156.9,2.0,2,0,1,1,1,Alexandria,East,Sidi Gaber,2nd,Semi,completed,4021827.3
169.7,4.0,3,0,1,1,1,Giza,New Giza,New Giza,2nd,Semi,off_plan,8103921.02
114.1,2.0,1,0,1,1,1,Cairo,Old Cairo,Downtown,2nd,No,off_plan,2783818.28
112.8,3.0,3,0,1,0,1,Giza,West Giza,Haram,1st,Yes,completed,2495443.76
75.6,3.0,2,0,1,0,1,Cairo,New Cairo,Fifth Settlement,2nd,No,completed,4103303.11
91.8,3.0,2,0,0,0,1,Cairo,New Cairo,Fifth Settlement,2nd,Yes,completed,6715799.98
72.7,,2,1,1,1,1,Cairo,Old Cairo,Downtown,2nd,Semi,completed,2433834.85
128.4,4.0,3,0,1,1,0,Giza,New Giza,New Giza,1st,No,completed,7555288.06
113.5,2.0,2,0,1,1,1,Alexandria,East,Sidi Bishr,2nd,Yes,completed,2863143.56
78.4,5.0,5,0,1,1,1,Cairo,Old Cairo,Zamalek,2nd,Semi,off_plan,4411576.67
85.3,2.0,2,0,1,1,1,Alexandria,West,Agami,1st,No,completed,1763073.96
90.7,1.0,1,0,1,1,1,Cairo,New Cairo,Fifth Settlement,1st,No,completed,4703879.01
72.2,2.0,1,0,1,1,1,Cairo,New Cairo,Madinaty,2nd,Yes,completed,3315872.56
150.3,2.0,2,0,0,1,1,Cairo,New Cairo,Nasr City,2nd,No,completed,3987307.87
78.5,1.0,1,0,1,0,1,Cairo,New Cairo,Rehab,3rd,No,completed,3650396.75
108.2,3.0,2,0,1,0,1,Alexandria,East,Sidi Gaber,1st,No,completed,3022472.62
242.8,,3,1,0,0,1,Cairo,New Cairo,Heliopolis,1st,Semi,completed,8009960.85
111.0,3.0,2,0,0,1,1,Mansoura,Central,El Mashaya,2nd,No,under_construction,1587721.87
61.3,3.0,3,0,0,1,1,Alexandria,East,Sidi Bishr,2nd,No,completed,1607240.06
94.3,4.0,3,0,1,1,1,Giza,West Giza,Mohandessin,1st,No,completed,2785941.46
186.9,2.0,1,0,1,0,1,Cairo,New Cairo,Madinaty,3rd,No,completed,8281973.16
103.1,2.0,1,0,0,1,1,Tanta,Central,Saeed,1st,Semi,under_construction,1118390.52
116.5,3.0,2,0,0,1,1,Cairo,Old Cairo,Zamalek,2nd,Semi,completed,8291030.23
103.0,3.0,3,0,1,1,1,Giza,West Giza,6th of October,2nd,No,under_construction,3164404.03
83.0,4.0,4,0,1,0,1,Alexandria,East,Sidi Bishr,2nd,No,off_plan,1541160.06
173.6,4.0,3,0,1,1,1,Cairo,New Cairo,Madinaty,4th,No,completed,7917969.53
143.5,4.0,4,0,1,1,1,Cairo,New Cairo,First Settlement,1st,Yes,under_construction,5482287.64
116.3,2.0,1,0,1,1,1,Alexandria,West,Borg El Arab,2nd,Yes,off_plan,1682519.49
104.3,5.0,4,0,1,1,1,Alexandria,East,Smouha,3rd,No,under_construction,2322169.34
162.3,5.0,4,0,1,1,1,Giza,New Giza,New Giza,1st,No,completed,9583005.46
97.9,2.0,2,0,1,0,1,Cairo,New Cairo,Heliopolis,2nd,No,completed,3536451.33
203.3,3.0,3,0,1,1,1,Giza,West Giza,6th of October,1st,No,completed,5700361.44
234.9,2.0,2,0,1,1,1,Cairo,Old Cairo,Maadi,2nd,No,completed,7504935.14
146.4,3.0,2,0,1,1,1,Alexandria,West,Agami,1st,Semi,under_construction,2260634.95
153.5,3.0,2,0,1,0,1,Giza,West Giza,Haram,2nd,No,off_plan,2273480.68
140.4,4.0,3,0,0,0,1,Giza,New Giza,New Giza,1st,Semi,under_construction,6599299.75
123.4,4.0,4,0,1,1,1,Giza,West Giza,Dokki,2nd,Yes,off_plan,2875815.5
64.1,1.0,1,0,1,1,1,Alexandria,East,Sidi Bishr,2nd,Yes,under_construction,1148747.67
100.2,2.0,1,0,1,1,0,Cairo,New Cairo,Heliopolis,2nd,Semi,completed,3202044.13
146.8,4.0,4,0,1,1,1,Giza,West Giza,Dokki,2nd,Semi,completed,4984633.48
134.2,2.0,1,0,1,1,1,Giza,West Giza,Haram,1st,No,under_construction,2035060.87
104.2,2.0,1,0,1,1,1,Tanta,Central,Saeed,1st,Yes,completed,1642556.92
103.6,2.0,1,0,1,1,1,Cairo,New Cairo,Madinaty,1st,No,completed,4479861.46
147.8,1.0,1,0,1,0,1,Cairo,Old Cairo,Maadi,3rd,No,under_construction,3590094.32
90.4,4.0,4,0,1,1,1,Cairo,Old Cairo,Maadi,2nd,No,under_construction,2688228.32
101.1,2.0,1,0,1,1,1,Alexandria,East,Smouha,2nd,No,completed,2736928.92
107.4,4.0,4,0,1,0,1,Cairo,New Cairo,First Settlement,3rd,No,completed,4362178.83
110.9,2.0,1,0,0,1,1,Alexandria,West,Borg El Arab,1st,No,under_construction,1334573.73
156.2,5.0,5,0,1,1,1,Alexandria,East,Sidi Gaber,1st,Semi,completed,4814089.85
170.7,5.0,5,0,1,1,1,Giza,West Giza,6th of October,2nd,No,completed,5421382.7
98.1,5.0,5,0,0,1,1,Giza,New Giza,New Giza,2nd,No,completed,6900030.39
74.8,1.0,1,0,1,1,1,Cairo,New Cairo,Madinaty,1st,Semi,completed,3192842.43
145.2,3.0,3,0,1,0,1,Giza,New Giza,New Giza,2nd,Yes,completed,9081073.23
173.6,2.0,2,0,1,1,1,Cairo,New Cairo,Heliopolis,1st,No,completed,5135938.55
153.2,3.0,2,0,1,1,1,Cairo,Old Cairo,Maadi,2nd,No,completed,6327061.57
101.0,,3,1,1,1,1,Giza,West Giza,Dokki,2nd,No,under_construction,2377693.38
134.1,3.0,3,0,1,1,1,Giza,West Giza,Mohandessin,1st,Semi,off_plan,3787598.49
183.4,2.0,2,0,1,1,1,Tanta,Central,El Geish,1st,No,completed,2754823.94
89.6,3.0,2,0,1,1,1,Giza,West Giza,Mohandessin,1st,No,under_construction,2645975.78
103.0,5.0,5,0,1,0,1,Cairo,Old Cairo,Maadi,2nd,No,off_plan,2757707.15
117.6,3.0,2,0,1,1,1,Cairo,New Cairo,Madinaty,2nd,No,under_construction,4194975.43
188.1,,2,1,1,0,1,Mansoura,Central,El Mashaya,2nd,No,completed,3113081.29
156.7,3.0,2,0,1,1,1,Giza,New Giza,New Giza,1st,Yes,completed,9978967.15
89.5,4.0,4,0,1,1,1,Cairo,Old Cairo,Zamalek,2nd,Yes,completed,5971014.72
89.4,2.0,1,0,1,0,1,Tanta,Central,Saeed,1st,Semi,under_construction,997646.23
61.9,3.0,2,0,1,0,1,Cairo,Old Cairo,Maadi,1st,No,completed,2331503.41
119.0,4.0,4,0,1,1,1,Giza,New Giza,New Giza,1st,Yes,completed,8227140.57
109.6,3.0,2,0,1,0,1,Cairo,Old Cairo,Maadi,3rd,No,completed,4370900.37
144.7,2.0,2,0,1,1,0,Cairo,Old Cairo,Zamalek,2nd,Yes,off_plan,7507314.85
154.9,3.0,2,0,0,1,1,Tanta,Central,Saeed,1st,Yes,completed,2228566.4
128.6,,2,1,0,1,1,Alexandria,East,Sidi Bishr,2nd,Yes,off_plan,2024680.06
72.0,2.0,1,0,1,1,1,Cairo,Old Cairo,Maadi,1st,Yes,under_construction,2676301.86
109.7,3.0,2,0,1,1,1,Cairo,New Cairo,Rehab,1st,No,under_construction,3931893.86
131.0,3.0,3,0,0,1,1,Tanta,Central,El Geish,1st,No,under_construction,1818706.93
66.9,2.0,1,0,1,0,1,Cairo,New Cairo,Fifth Settlement,2nd,No,under_construction,2898478.5
99.0,5.0,4,0,1,1,1,Tanta,Central,El Geish,2nd,No,completed,1841599.39
158.1,1.0,1,0,0,1,1,Cairo,Old Cairo,Downtown,2nd,No,completed,4852561.28
88.1,3.0,3,0,0,0,1,Giza,West Giza,Mohandessin,2nd,Yes,under_construction,3112628.1
201.1,3.0,2,0,1,1,1,Cairo,New Cairo,Heliopolis,1st,Semi,completed,7652167.48
94.7,5.0,5,0,1,1,1,Giza,New Giza,New Giza,1st,Yes,completed,5384760.84
126.3,3.0,2,0,1,1,1,Cairo,New Cairo,Rehab,3rd,No,completed,5721502.38
145.6,4.0,4,0,1,1,1,Alexandria,West,Agami,2nd,No,off_plan,2037433.0
97.4,2.0,2,0,1,1,1,Alexandria,West,Agami,2nd,No,completed,1968268.01
166.8,2.0,2,0,1,1,1,Cairo,New Cairo,Rehab,2nd,Semi,under_construction,6363321.55
100.7,1.0,1,0,1,1,1,Cairo,Old Cairo,Maadi,2nd,No,completed,3620117.96
84.8,2.0,1,0,1,1,1,Cairo,Old Cairo,Maadi,3rd,No,completed,3360467.02
105.9,2.0,2,0,0,1,1,Giza,West Giza,Mohandessin,2nd,No,completed,3430584.85
130.8,2.0,1,0,1,1,1,Giza,West Giza,6th of October,2nd,No,off_plan,3108528.06
97.6,2.0,1,0,0,0,1,Giza,New Giza,New Giza,2nd,No,completed,5814379.02
72.3,2.0,1,0,1,0,1,Giza,West Giza,Sheikh Zayed,3rd,No,completed,3437786.91
100.4,,2,1,1,1,1,Giza,West Giza,Mohandessin,2nd,No,completed,3607273.61
101.0,3.0,3,0,1,1,1,Cairo,New Cairo,Nasr City,2nd,No,completed,2810548.92
58.1,,2,1,0,1,1,Cairo,Old Cairo,Maadi,3rd,No,under_construction,1776661.48
239.5,2.0,1,0,0,1,1,Alexandria,West,Borg El Arab,1st,No,completed,4119510.81
109.6,3.0,2,0,1,1,1,Giza,New Giza,New Giza,1st,Semi,off_plan,4526671.77
116.3,3.0,2,0,1,1,1,Giza,West Giza,Sheikh Zayed,1st,Semi,completed,5508270.61
114.7,3.0,2,0,1,1,1,Cairo,New Cairo,Nasr City,1st,Yes,completed,3423820.72
198.8,3.0,3,0,0,1,1,Cairo,New Cairo,Heliopolis,2nd,Yes,off_plan,6027491.22
145.2,2.0,1,0,1,1,1,Cairo,Old Cairo,Downtown,2nd,No,off_plan,3481264.91
140.1,3.0,3,0,1,0,1,Giza,West Giza,Mohandessin,2nd,No,completed,4839768.55
96.4,3.0,2,0,1,0,1,Cairo,Old Cairo,Downtown,2nd,Yes,completed,3459546.05
74.7,4.0,4,0,1,1,1,Giza,New Giza,New Giza,1st,No,completed,4493906.02
256.6,1.0,1,0,1,0,1,Cairo,Old Cairo,Zamalek,1st,No,completed,15558333.39
120.6,3.0,3,0,1,1,1,Cairo,New Cairo,Madinaty,3rd,Semi,completed,6516260.25
113.9,3.0,2,0,1,1,1,Alexandria,West,Agami,2nd,No,completed,2221300.43
88.5,,4,1,1,1,1,Cairo,New Cairo,Fifth Settlement,1st,Semi,completed,5121914.28
81.3,2.0,2,0,1,1,1,Mansoura,Central,El Mashaya,1st,No,under_construction,1077725.32
180.9,3.0,3,0,1,1,1,Giza,West Giza,Mohandessin,1st,No,completed,5708205.73
202.3,2.0,1,0,1,1,1,Cairo,New Cairo,Nasr City,3rd,Yes,completed,5817367.34
138.5,2.0,1,0,0,1,1,Cairo,New Cairo,Rehab,3rd,No,completed,5740998.22
95.2,3.0,3,0,1,0,1,Giza,West Giza,6th of October,3rd,Yes,completed,3025240.35
130.3,4.0,3,0,1,0,1,Cairo,New Cairo,First Settlement,2nd,No,completed,5491480.41
70.9,2.0,1,0,1,1,1,Alexandria,East,Sidi Gaber,2nd,Yes,completed,2219101.25
74.5,2.0,2,0,1,1,1,Giza,New Giza,New Giza,1st,Semi,under_construction,3699434.12
195.0,2.0,2,0,1,1,1,Giza,New Giza,New Giza,2nd,No,completed,11411061.71
147.0,4.0,3,0,1,1,1,Cairo,New Cairo,Heliopolis,1st,No,off_plan,4111868.62
141.7,2.0,1,0,1,1,0,Giza,New Giza,New Giza,2nd,Yes,under_construction,8176398.87
109.5,5.0,5,0,1,0,1,Cairo,Old Cairo,Downtown,2nd,No,completed,3840454.15
64.9,3.0,3,0,1,0,1,Cairo,New Cairo,Madinaty,3rd,Yes,off_plan,2739707.61
96.2,3.0,2,0,1,1,1,Giza,West Giza,Haram,1st,Semi,completed,2209349.27
157.8,3.0,3,0,1,0,1,Giza,New Giza,New Giza,2nd,Yes,under_construction,8272551.9
155.1,4.0,4,0,1,1,1,Giza,West Giza,Dokki,2nd,Yes,completed,5067248.52
130.6,2.0,2,0,1,1,1,Alexandria,East,Sidi Gaber,2nd,Semi,under_construction,2628541.88
84.6,3.0,2,0,1,1,1,Tanta,Central,Saeed,1st,No,completed,1051891.79
113.0,4.0,3,0,1,1,1,Tanta,Central,El Geish,1st,Yes,under_construction,1952147.15
175.3,3.0,2,0,1,1,1,Cairo,Old Cairo,Downtown,2nd,No,completed,5103035.18
101.3,2.0,1,0,1,1,1,Giza,West Giza,6th of October,1st,No,under_construction,2803394.99
107.5,3.0,3,0,1,0,1,Cairo,Old Cairo,Downtown,2nd,No,completed,3773339.66
192.4,2.0,2,0,1,0,1,Cairo,New Cairo,Heliopolis,2nd,No,under_construction,5163563.83
158.3,2.0,1,0,1,0,1,Mansoura,Central,El Mashaya,2nd,Semi,off_plan,2009036.29
124.7,2.0,1,0,0,1,1,Cairo,Old Cairo,Downtown,1st,No,completed,3900983.55
68.9,3.0,2,0,1,0,1,Cairo,Old Cairo,Maadi,1st,No,completed,3073238.82
123.1,3.0,2,0,1,0,1,Giza,West Giza,Mohandessin,1st,Yes,completed,4851236.39
129.5,3.0,3,0,1,1,1,Alexandria,West,Borg El Arab,2nd,No,under_construction,1683178.47
197.4,4.0,4,0,1,0,1,Alexandria,West,Borg El Arab,2nd,No,completed,3191762.88
149.7,4.0,4,0,1,0,1,Cairo,New Cairo,Madinaty,2nd,Semi,under_construction,6096877.56
96.4,2.0,1,0,1,1,0,Alexandria,West,Agami,2nd,Semi,under_construction,1677696.12
79.7,1.0,1,0,1,1,0,Cairo,Old Cairo,Zamalek,1st,Semi,under_construction,3619605.8
95.9,5.0,5,0,0,1,1,Giza,New Giza,New Giza,1st,Yes,under_construction,5652044.47
135.4,3.0,3,0,1,0,1,Cairo,New Cairo,Nasr City,1st,No,off_plan,2800951.19
74.2,3.0,2,0,1,1,1,Giza,New Giza,New Giza,1st,No,completed,4225011.46
181.5,3.0,2,0,1,1,1,Giza,New Giza,New Giza,1st,Semi,completed,9259174.56
116.8,3.0,3,0,1,1,1,Alexandria,East,Sidi Bishr,2nd,No,off_plan,1987895.99
109.3,,1,1,1,1,1,Cairo,New Cairo,First Settlement,3rd,No,completed,4791601.18
113.6,4.0,4,0,1,1,1,Cairo,New Cairo,Nasr City,1st,No,completed,3631735.21
74.4,4.0,3,0,0,1,0,Giza,New Giza,New Giza,1st,No,completed,4399496.55
137.5,3.0,3,0,1,1,1,Giza,New Giza,New Giza,2nd,Semi,completed,8662538.02
73.0,2.0,2,0,1,0,1,Cairo,Old Cairo,Maadi,3rd,No,under_construction,2432056.42
117.2,3.0,2,0,1,1,1,Giza,New Giza,New Giza,2nd,No,completed,6707815.35
185.9,2.0,1,0,1,1,1,Cairo,New Cairo,Fifth Settlement,2nd,No,completed,9408538.12
161.3,3.0,2,0,1,0,1,Giza,West Giza,Mohandessin,1st,No,completed,6550748.82
116.7,2.0,1,0,1,0,1,Cairo,Old Cairo,Zamalek,2nd,No,completed,6695580.02
145.0,2.0,2,0,1,1,1,Alexandria,West,Agami,1st,No,completed,2627190.23
175.0,4.0,3,0,1,1,1,Giza,West Giza,6th of October,2nd,Yes,completed,6398534.94
130.8,3.0,3,0,1,1,1,Giza,West Giza,Dokki,2nd,No,completed,3825658.0
143.1,3.0,2,0,1,1,1,Alexandria,East,Smouha,1st,Yes,completed,4893025.66
73.9,4.0,3,0,1,0,1,Alexandria,West,Borg El Arab,1st,No,under_construction,1197075.27
161.6,5.0,4,0,1,0,1,Tanta,Central,El Geish,2nd,Yes,under_construction,2479779.78
214.6,3.0,2,0,1,1,1,Cairo,New Cairo,Heliopolis,2nd,No,under_construction,5917864.8
103.3,4.0,3,0,1,1,1,Tanta,Central,El Geish,1st,Semi,off_plan,1241752.45
124.7,,1,1,0,1,1,Cairo,New Cairo,Fifth Settlement,1st,Semi,under_construction,4929934.39
85.9,3.0,3,0,1,1,1,Alexandria,East,Sidi Gaber,1st,No,completed,2607504.04
110.7,,2,1,1,0,1,Cairo,Old Cairo,Maadi,1st,Yes,completed,4696540.69
147.6,2.0,1,0,1,1,1,Cairo,New Cairo,Rehab,2nd,No,under_construction,4855935.64
99.1,2.0,1,0,1,0,1,Giza,New Giza,New Giza,2nd,No,completed,6113645.86
87.9,,4,1,1,0,1,Alexandria,West,Borg El Arab,1st,No,completed,1650719.71
75.3,2.0,1,0,1,0,1,Alexandria,West,Agami,2nd,Semi,completed,1602115.4
108.2,3.0,3,0,1,1,1,Giza,New Giza,New Giza,1st,Semi,under_construction,5776266.41
133.8,1.0,1,0,0,1,1,Cairo,Old Cairo,Maadi,3rd,Semi,off_plan,3799099.22
133.6,3.0,2,0,1,1,1,Alexandria,East,Sidi Gaber,1st,Yes,completed,3624608.62
166.3,3.0,2,0,1,1,1,Cairo,New Cairo,Madinaty,3rd,Yes,completed,8723926.89
81.8,3.0,3,0,1,0,1,Tanta,Central,Saeed,1st,Semi,completed,1151476.79
60.9,3.0,3,0,1,1,1,Mansoura,Central,Toriel,1st,No,under_construction,783128.96
159.1,3.0,3,0,1,0,1,Cairo,New Cairo,Heliopolis,1st,No,under_construction,4054723.27
139.0,1.0,1,0,1,0,1,Giza,West Giza,Haram,1st,No,under_construction,2194925.41
157.0,2.0,2,0,1,0,1,Giza,New Giza,New Giza,1st,No,completed,9197232.69
107.7,4.0,3,0,1,1,1,Alexandria,East,Sidi Bishr,2nd,No,completed,2796912.38
120.4,2.0,2,0,0,1,1,Cairo,Old Cairo,Maadi,1st,No,under_construction,3441290.74
127.6,4.0,3,0,1,1,1,Tanta,Central,El Geish,2nd,No,completed,1882463.89
162.1,2.0,1,0,1,1,1,Giza,New Giza,New Giza,1st,Semi,completed,7764442.82
83.7,3.0,2,0,1,0,1,Cairo,New Cairo,Fifth Settlement,2nd,No,completed,4459684.74
99.5,4.0,4,0,1,1,0,Alexandria,West,Agami,1st,No,under_construction,1613982.69
220.0,2.0,2,0,1,1,1,Giza,West Giza,Sheikh Zayed,1st,No,completed,8545701.95
122.9,2.0,1,0,0,0,1,Cairo,New Cairo,Madinaty,3rd,No,completed,5046358.47
113.9,2.0,2,0,1,1,1,Giza,West Giza,Mohandessin,2nd,No,off_plan,2616254.49
107.5,2.0,1,0,1,0,1,Giza,New Giza,New Giza,2nd,No,off_plan,4681342.17
46.7,2.0,1,0,0,1,1,Cairo,New Cairo,First Settlement,3rd,Yes,under_construction,1998442.34
117.3,3.0,2,0,1,1,1,Alexandria,East,Sidi Bishr,1st,Semi,completed,2870214.14
119.9,2.0,2,0,1,0,1,Cairo,Old Cairo,Zamalek,2nd,Semi,off_plan,5587704.69
114.7,3.0,2,0,0,1,1,Giza,West Giza,6th of October,1st,No,completed,3746654.3
55.6,4.0,4,0,1,1,1,Cairo,New Cairo,Fifth Settlement,2nd,Yes,completed,3328147.44
95.1,1.0,1,0,1,1,1,Cairo,Old Cairo,Maadi,1st,Semi,completed,3881171.08
169.7,2.0,1,0,1,1,1,Giza,West Giza,Dokki,1st,Semi,completed,5538286.25
134.8,1.0,1,0,1,0,1,Cairo,Old Cairo,Maadi,2nd,No,under_construction,4303319.31
115.7,5.0,4,0,1,1,1,Alexandria,East,Sidi Bishr,2nd,No,completed,2597865.32
93.1,4.0,3,0,1,1,1,Mansoura,Central,El Mashaya,2nd,No,completed,1663522.57
121.3,4.0,4,0,1,1,1,Cairo,Old Cairo,Zamalek,2nd,Semi,under_construction,7329928.42
192.9,3.0,3,0,1,1,1,Giza,West Giza,Dokki,2nd,Semi,completed,5418941.34
180.2,2.0,1,0,0,1,1,Cairo,Old Cairo,Maadi,2nd,Semi,completed,7343437.48
148.0,4.0,4,0,1,1,1,Giza,West Giza,Haram,3rd,Yes,under_construction,2467542.84
78.9,3.0,2,0,1,1,1,Cairo,New Cairo,Heliopolis,1st,No,completed,3089363.62
154.6,4.0,4,0,1,0,1,Mansoura,Central,El Mashaya,1st,No,completed,2729975.12
104.5,2.0,1,0,1,1,0,Mansoura,Central,El Mashaya,2nd,Yes,under_construction,1547945.13
144.5,2.0,1,0,1,1,1,Cairo,Old Cairo,Zamalek,2nd,No,completed,7806623.88
166.6,3.0,3,0,1,1,1,Cairo,Old Cairo,Zamalek,1st,Yes,completed,12833865.42
114.9,3.0,3,0,0,0,1,Cairo,New Cairo,Madinaty,4th,No,completed,5966712.58
93.5,3.0,2,0,0,1,1,Giza,West Giza,Dokki,2nd,Semi,off_plan,2068999.76
103.9,3.0,3,0,1,0,1,Alexandria,West,Agami,1st,No,completed,2432565.82
160.4,3.0,2,0,1,0,1,Cairo,Old Cairo,Maadi,1st,No,under_construction,4720917.51
105.9,3.0,3,0,1,1,1,Cairo,New Cairo,Fifth Settlement,3rd,Yes,completed,5563606.2
150.4,1.0,1,0,0,1,1,Cairo,Old Cairo,Zamalek,2nd,No,completed,9414606.61
69.2,3.0,3,0,1,0,1,Cairo,New Cairo,Nasr City,4th,No,completed,1962158.95
151.2,2.0,1,0,0,1,1,Alexandria,West,Borg El Arab,1st,No,completed,2618967.95
265.8,4.0,3,0,1,1,1,Cairo,New Cairo,Fifth Settlement,3rd,No,off_plan,11121305.87
126.6,2.0,1,0,1,1,1,Giza,New Giza,New Giza,1st,Yes,completed,6082248.82
135.3,,4,1,0,0,1,Cairo,Old Cairo,Downtown,2nd,Yes,completed,5173098.32
140.5,2.0,1,0,1,1,1,Giza,New Giza,New Giza,2nd,No,completed,8183547.84
102.6,2.0,2,0,1,1,1,Tanta,Central,Saeed,1st,No,completed,1467549.46
116.6,4.0,4,0,1,1,1,Giza,New Giza,New Giza,2nd,No,completed,6548949.06
292.1,3.0,3,0,1,1,1,Cairo,Old Cairo,Zamalek,1st,No,completed,15615028.93
121.1,3.0,2,0,0,0,1,Cairo,Old Cairo,Downtown,2nd,Semi,completed,4521500.43
181.4,2.0,1,0,0,1,1,Giza,New Giza,New Giza,2nd,Yes,completed,10635673.13
125.6,,1,1,1,1,1,Cairo,New Cairo,Nasr City,1st,No,under_construction,3074109.27
195.8,5.0,4,0,1,1,1,Cairo,New Cairo,First Settlement,1st,No,completed,7559778.34
225.4,2.0,2,0,1,1,1,Cairo,Old Cairo,Maadi,3rd,Semi,under_construction,6836572.54
149.5,2.0,1,0,0,0,1,Cairo,Old Cairo,Zamalek,2nd,Yes,under_construction,10817021.43
149.6,3.0,3,0,1,0,1,Cairo,New Cairo,Madinaty,1st,No,completed,6780089.73
87.4,3.0,2,0,1,1,1,Cairo,New Cairo,Fifth Settlement,2nd,Semi,completed,4426855.16
213.6,,3,1,1,1,1,Cairo,New Cairo,Heliopolis,1st,Yes,completed,7179818.19
168.8,3.0,2,0,1,1,1,Alexandria,East,Sidi Bishr,2nd,Semi,under_construction,3473302.96
84.8,2.0,1,0,1,1,1,Cairo,Old Cairo,Downtown,1st,No,completed,2479589.78
121.8,4.0,3,0,1,0,1,Cairo,New Cairo,Nasr City,1st,Yes,completed,3067545.23
90.8,,2,1,1,1,1,Mansoura,Central,El Mashaya,2nd,No,completed,1511712.2
92.7,3.0,2,0,1,1,1,Mansoura,Central,Toriel,1st,No,completed,1476255.24
89.6,,2,1,1,1,0,Giza,New Giza,New Giza,1st,Yes,completed,5973238.5
112.5,2.0,1,0,1,0,1,Cairo,Old Cairo,Downtown,1st,No,completed,4441287.34
136.3,4.0,4,0,1,1,0,Giza,New Giza,New Giza,1st,Semi,under_construction,7682538.42
169.2,3.0,2,0,1,1,1,Tanta,Central,Saeed,1st,No,under_construction,1838505.97
121.2,3.0,2,0,1,1,1,Alexandria,East,Sidi Bishr,2nd,No,completed,2575416.68
293.3,2.0,1,0,1,0,1,Mansoura,Central,El Mashaya,1st,No,completed,4264320.67
150.6,2.0,1,0,1,0,1,Alexandria,East,Sidi Bishr,1st,No,completed,3495593.72
112.5,2.0,1,0,1,0,1,Giza,West Giza,Sheikh Zayed,3rd,Yes,off_plan,3922889.11
179.8,3.0,2,0,1,1,1,Cairo,New Cairo,Rehab,1st,No,completed,7346601.55
116.2,4.0,4,0,1,1,1,Cairo,New Cairo,Nasr City,2nd,Semi,off_plan,2669387.68
88.5,2.0,1,0,1,1,0,Giza,West Giza,Haram,2nd,Yes,completed,1993916.46
121.7,4.0,3,0,1,1,1,Giza,West Giza,Dokki,1st,No,off_plan,2898963.97
141.2,2.0,2,0,1,1,1,Giza,West Giza,Sheikh Zayed,2nd,No,completed,5653723.43
131.1,3.0,3,0,1,1,1,Giza,West Giza,Mohandessin,1st,Yes,completed,5060478.3
173.9,3.0,2,0,1,1,1,Cairo,New Cairo,Nasr City,4th,Semi,completed,5045388.52
49.6,3.0,3,0,1,1,1,Cairo,Old Cairo,Downtown,1st,No,completed,1460685.61
174.6,1.0,1,0,1,1,0,Cairo,Old Cairo,Zamalek,1st,Semi,completed,10160429.17
55.9,4.0,3,0,1,0,1,Giza,West Giza,Dokki,2nd,Semi,completed,2046575.68
107.4,4.0,4,0,0,1,1,Alexandria,West,Agami,2nd,No,off_plan,1700309.66
129.4,3.0,3,0,1,1,1,Cairo,Old Cairo,Maadi,3rd,No,under_construction,3823025.54
81.3,2.0,2,0,1,1,1,Alexandria,West,Borg El Arab,1st,No,completed,1361547.39
100.3,3.0,2,0,1,0,1,Cairo,Old Cairo,Zamalek,2nd,Yes,under_construction,5339345.32
109.9,3.0,3,0,1,0,1,Giza,New Giza,New Giza,1st,Semi,completed,6147956.13
213.0,2.0,2,0,0,0,1,Giza,West Giza,Sheikh Zayed,1st,No,completed,9438660.39
99.9,3.0,3,0,1,1,1,Cairo,Old Cairo,Zamalek,1st,No,completed,6553516.97
142.1,3.0,3,0,1,1,1,Cairo,Old Cairo,Zamalek,1st,No,completed,9496770.46
107.5,2.0,2,0,0,0,1,Giza,New Giza,New Giza,1st,Yes,completed,7558668.83
155.8,4.0,3,0,1,1,1,Alexandria,West,Borg El Arab,2nd,No,completed,2585045.82
107.6,5.0,4,0,1,0,1,Cairo,Old Cairo,Zamalek,2nd,No,off_plan,5712126.12
193.5,5.0,4,0,1,1,1,Giza,New Giza,New Giza,1st,Yes,completed,12859348.03
124.6,2.0,2,0,0,1,0,Cairo,New Cairo,First Settlement,2nd,No,completed,4716926.72
188.1,4.0,4,0,1,1,1,Alexandria,East,Smouha,3rd,Semi,off_plan,4581662.49
133.9,2.0,1,0,1,1,1,Alexandria,East,Sidi Bishr,1st,No,completed,2872018.11
163.6,4.0,3,0,1,0,1,Alexandria,East,Smouha,1st,Yes,completed,5492139.71
110.7,3.0,3,0,1,1,1,Cairo,New Cairo,Heliopolis,1st,No,off_plan,3163141.46
103.0,3.0,2,0,1,0,1,Giza,West Giza,6th of October,3rd,Semi,under_construction,3217149.84
148.9,3.0,2,0,1,1,1,Mansoura,Central,El Mashaya,1st,Yes,completed,2707449.63
112.1,2.0,1,0,1,1,1,Giza,New Giza,New Giza,2nd,Semi,completed,6904322.06
150.4,5.0,4,0,1,0,1,Cairo,New Cairo,Fifth Settlement,1st,No,completed,8073799.47
153.0,3.0,2,0,1,1,1,Cairo,New Cairo,Rehab,2nd,No,completed,6305940.66
174.7,5.0,4,0,0,1,1,Cairo,Old Cairo,Zamalek,1st,Yes,completed,12685593.31
98.0,4.0,3,0,1,1,1,Giza,West Giza,6th of October,2nd,Semi,under_construction,2693617.12
85.5,4.0,3,0,1,0,1,Mansoura,Central,Toriel,1st,No,off_plan,1009500.78
75.4,4.0,3,0,1,1,1,Giza,New Giza,New Giza,1st,No,completed,4483287.72
98.9,3.0,2,0,1,1,1,Cairo,New Cairo,First Settlement,3rd,Yes,completed,4558854.73
140.6,4.0,3,0,1,0,1,Cairo,Old Cairo,Downtown,2nd,Semi,completed,5093617.31
157.3,3.0,2,0,1,0,1,Tanta,Central,El Geish,2nd,Yes,completed,3037355.25
90.2,3.0,3,0,1,0,1,Cairo,New Cairo,Heliopolis,1st,Yes,completed,3740920.8
118.7,3.0,3,0,0,1,1,Mansoura,Central,El Mashaya,2nd,Yes,under_construction,1681560.02
207.4,3.0,3,0,1,0,1,Cairo,Old Cairo,Downtown,2nd,Yes,off_plan,4689592.76
118.5,3.0,2,0,1,1,1,Cairo,New Cairo,Nasr City,4th,No,completed,3181000.43
171.3,2.0,1,0,0,1,1,Alexandria,West,Agami,2nd,No,completed,3309699.55
148.1,3.0,3,0,1,1,1,Cairo,New Cairo,Rehab,1st,No,under_construction,5448090.32
52.6,4.0,4,0,1,1,1,Alexandria,East,Sidi Gaber,2nd,No,completed,1486022.46
207.2,2.0,2,0,1,1,1,Giza,West Giza,Haram,2nd,No,under_construction,3386280.2
216.3,2.0,2,0,1,1,1,Cairo,New Cairo,Madinaty,2nd,No,completed,8060528.73
157.0,3.0,2,0,1,1,1,Alexandria,West,Agami,2nd,No,completed,3794437.15
86.2,2.0,2,0,1,0,0,Cairo,Old Cairo,Downtown,2nd,No,off_plan,1943856.93
139.3,2.0,1,0,0,1,1,Cairo,Old Cairo,Zamalek,2nd,Semi,off_plan,6817872.25
128.6,4.0,4,0,1,1,1,Cairo,Old Cairo,Zamalek,1st,No,completed,8386432.36
157.9,2.0,1,0,1,1,1,Giza,West Giza,Sheikh Zayed,1st,Semi,under_construction,6141044.68
124.3,2.0,1,0,1,0,1,Giza,West Giza,Mohandessin,2nd,No,completed,4024208.13
121.3,4.0,4,0,1,1,1,Cairo,Old Cairo,Downtown,2nd,No,completed,3920544.3
259.1,2.0,1,0,1,0,1,Giza,New Giza,New Giza,1st,Semi,completed,17243272.22
101.9,,1,1,1,0,1,Giza,New Giza,New Giza,1st,Yes,completed,6655083.45
82.4,3.0,2,0,1,0,0,Alexandria,East,Smouha,3rd,No,completed,2366111.65
153.8,3.0,3,0,1,1,1,Cairo,New Cairo,Rehab,3rd,Semi,under_construction,5550731.08
138.6,5.0,5,0,1,0,1,Cairo,Old Cairo,Downtown,2nd,No,completed,4941790.81
85.4,3.0,2,0,1,1,1,Alexandria,West,Agami,2nd,Semi,completed,2118541.92
113.5,3.0,3,0,1,1,1,Cairo,New Cairo,Rehab,3rd,Semi,completed,5637925.98
131.0,2.0,2,0,0,1,1,Giza,New Giza,New Giza,2nd,Yes,off_plan,5377375.95
147.4,3.0,2,0,1,1,1,Cairo,New Cairo,Madinaty,2nd,Yes,under_construction,5093785.12
114.5,2.0,1,0,1,1,1,Giza,West Giza,Dokki,2nd,Semi,completed,3972164.25
122.2,3.0,2,0,0,1,1,Giza,New Giza,New Giza,1st,No,completed,5808559.03
135.2,2.0,2,0,1,0,1,Alexandria,East,Sidi Gaber,2nd,No,completed,3673856.68
158.2,3.0,2,0,1,1,1,Alexandria,West,Agami,2nd,No,completed,3348427.3
96.8,1.0,1,0,0,1,1,Alexandria,West,Borg El Arab,1st,No,completed,1530373.27
121.5,3.0,2,0,1,1,1,Alexandria,East,Sidi Bishr,2nd,No,under_construction,1964854.83
133.0,3.0,2,0,1,0,1,Giza,New Giza,New Giza,1st,Semi,completed,8368151.61
159.8,3.0,2,0,1,1,1,Giza,New Giza,New Giza,2nd,Semi,completed,10398370.01
231.2,4.0,4,0,1,1,1,Cairo,Old Cairo,Zamalek,2nd,No,completed,13826493.38
147.1,4.0,4,0,0,1,1,Cairo,New Cairo,Heliopolis,1st,No,completed,4854114.54
134.9,2.0,1,0,1,1,0,Alexandria,East,Sidi Bishr,2nd,Semi,under_construction,2968929.2
206.2,3.0,2,0,1,0,1,Giza,West Giza,Mohandessin,1st,No,completed,7070987.19
86.0,1.0,1,0,0,0,1,Cairo,Old Cairo,Maadi,1st,Semi,completed,3270343.68
167.9,3.0,3,0,1,0,1,Giza,West Giza,Sheikh Zayed,3rd,No,completed,7690483.39
125.1,2.0,1,0,1,1,0,Cairo,Old Cairo,Maadi,3rd,Yes,completed,5606375.45
179.9,3.0,3,0,1,0,1,Cairo,Old Cairo,Maadi,3rd,Yes,completed,8373033.41
143.5,4.0,4,0,1,1,1,Cairo,Old Cairo,Downtown,1st,Semi,completed,5586575.47
161.3,2.0,1,0,1,1,1,Cairo,New Cairo,First Settlement,1st,Semi,under_construction,5843395.31
109.9,2.0,1,0,1,1,0,Mansoura,Central,Toriel,1st,No,completed,1396533.98
190.2,3.0,2,0,1,1,1,Giza,West Giza,Haram,2nd,Semi,completed,4134203.57
93.8,2.0,1,0,1,1,1,Cairo,New Cairo,Nasr City,4th,No,completed,2918693.19
92.5,5.0,4,0,1,1,1,Cairo,Old Cairo,Zamalek,1st,Yes,completed,7724240.43
74.2,2.0,2,0,1,0,1,Alexandria,West,Agami,2nd,No,under_construction,1209722.93
149.0,4.0,3,0,1,1,1,Cairo,New Cairo,Madinaty,3rd,Semi,under_construction,5724192.81
83.1,2.0,2,0,1,1,1,Cairo,Old Cairo,Zamalek,1st,Semi,off_plan,4013696.73
173.9,4.0,3,0,1,0,0,Giza,West Giza,Mohandessin,2nd,No,completed,6127710.28
95.3,4.0,3,0,1,0,1,Mansoura,Central,El Mashaya,1st,Semi,completed,1724075.47
174.5,2.0,1,0,1,0,1,Alexandria,East,Smouha,3rd,No,off_plan,3027746.14
126.8,2.0,1,0,1,1,1,Alexandria,West,Borg El Arab,1st,No,off_plan,1525326.37
198.8,3.0,2,0,1,1,1,Cairo,New Cairo,Fifth Settlement,3rd,Yes,completed,11012162.42
121.5,3.0,2,0,1,1,1,Cairo,New Cairo,Nasr City,3rd,No,off_plan,2651096.07
121.5,4.0,4,0,1,0,1,Cairo,Old Cairo,Maadi,1st,No,under_construction,3542116.23
221.1,4.0,3,0,1,0,1,Giza,New Giza,New Giza,1st,No,completed,12251813.73
100.1,2.0,1,0,1,1,1,Alexandria,East,Smouha,1st,Yes,completed,3105150.99
122.6,2.0,1,0,1,0,1,Cairo,New Cairo,First Settlement,1st,Semi,completed,5085130.62
76.5,3.0,3,0,1,1,1,Cairo,Old Cairo,Downtown,2nd,Semi,completed,2732550.9
58.4,4.0,3,0,1,1,1,Cairo,Old Cairo,Maadi,1st,Yes,completed,2416095.5
208.4,2.0,2,0,1,0,1,Cairo,Old Cairo,Maadi,2nd,No,completed,6560507.93
132.4,3.0,2,0,0,1,1,Cairo,New Cairo,First Settlement,3rd,No,under_construction,4845153.7
127.3,2.0,1,0,1,1,1,Cairo,Old Cairo,Downtown,2nd,Semi,completed,3797046.63
