area_value,bedrooms_clean,bathrooms_clean,is_studio,has_reception,has_living,has_kitchen,city,town,district,subdistrict,furnished,completion_status,price
82.3,2.0,2,0,1,0,1,Giza,West Giza,Dokki,2nd,No,under_construction,2098301.82
132.2,3.0,3,0,1,1,1,Cairo,Old Cairo,Zamalek,1st,Yes,completed,7845439.8
126.8,2.0,2,0,1,1,1,Cairo,New Cairo,Rehab,1st,Semi,under_construction,4471092.57
106.8,2.0,2,0,1,1,1,Giza,West Giza,Mohandessin,1st,No,completed,3783669.55
129.1,2.0,1,0,1,1,1,Giza,New Giza,New Giza,2nd,Semi,under_construction,6403523.23
81.8,4.0,4,0,1,0,1,Aswan,Central,El Shallal,1st,No,completed,1195547.94
130.9,4.0,3,0,1,1,1,Port Said,East,El Shark,1st,Yes,completed,2853113.32
137.9,4.0,3,0,1,1,1,Cairo,New Cairo,First Settlement,3rd,No,completed,5395285.06
166.7,2.0,1,0,1,1,1,Cairo,New Cairo,First Settlement,1st,Yes,completed,7195633.97
72.3,3.0,2,0,0,1,1,Suez,North,El Arbaien,2nd,Yes,completed,1296058.37
121.7,3.0,3,0,1,1,1,Cairo,New Cairo,First Settlement,3rd,No,off_plan,3592843.52
177.7,2.0,1,0,1,1,1,Giza,West Giza,6th of October,2nd,Semi,completed,6170948.38
241.7,3.0,3,0,1,0,1,Tanta,Central,El Geish,2nd,Yes,under_construction,2877723.81
122.7,3.0,2,0,1,1,1,Suez,South,El Suez District,1st,Yes,under_construction,1523706.65
151.0,2.0,2,0,1,1,1,Luxor,West Bank,El Gezira,1st,Semi,under_construction,1714523.74
172.5,2.0,2,0,1,0,1,Alexandria,West,Agami,2nd,Semi,under_construction,2986659.97
131.5,1.0,1,0,1,1,1,Luxor,West Bank,El Gezira,1st,Yes,completed,2061376.94
76.3,2.0,1,0,1,1,1,Cairo,New Cairo,Rehab,1st,No,completed,3357148.04
133.9,4.0,3,0,1,1,1,Alexandria,West,Agami,1st,No,completed,3033663.03
112.4,1.0,1,0,0,1,1,Mansoura,Central,El Mashaya,2nd,Semi,off_plan,1520520.98
54.0,2.0,1,0,1,1,1,Ismailia,Central,El Afrang,1st,Yes,completed,884311.35
177.5,2.0,2,0,0,1,1,Cairo,Old Cairo,Zamalek,2nd,Semi,under_construction,10039113.63
169.7,4.0,4,0,1,1,1,Suez,North,Faisal,1st,Yes,completed,2742708.64
137.6,2.0,1,0,1,1,1,Cairo,Old Cairo,Maadi,2nd,Semi,completed,4363952.85
59.8,4.0,4,0,0,0,1,Tanta,Central,Saeed,1st,Yes,completed,973636.09
102.9,3.0,2,0,1,1,1,Giza,New Giza,New Giza,2nd,No,off_plan,4222761.93
189.3,,1,1,1,1,1,Giza,New Giza,New Giza,2nd,Yes,under_construction,9184281.79
254.6,1.0,1,0,0,1,1,Giza,West Giza,Mohandessin,1st,No,completed,7757390.6
130.3,1.0,1,0,1,1,1,Tanta,Central,Saeed,1st,No,completed,1656275.57
81.4,2.0,2,0,1,1,1,Luxor,East Bank,El Karnak,1st,Yes,completed,1194437.58
98.9,2.0,1,0,1,1,1,Tanta,Central,Saeed,1st,Semi,under_construction,1240252.83
120.6,2.0,1,0,1,0,1,Port Said,West,El Zohour,1st,Semi,under_construction,2007788.67
51.4,2.0,2,0,1,0,1,Cairo,New Cairo,First Settlement,2nd,Semi,under_construction,1782174.91
180.1,2.0,1,0,0,0,1,Giza,New Giza,New Giza,1st,Yes,off_plan,9549637.81
150.6,2.0,2,0,1,1,1,Port Said,East,El Shark,1st,Yes,under_construction,2735079.07
134.5,3.0,3,0,1,1,1,Aswan,Central,El Shallal,1st,No,completed,1839634.8
95.7,2.0,2,0,0,1,1,Giza,West Giza,Haram,2nd,No,completed,1975888.96
195.5,5.0,4,0,0,1,1,Ismailia,Central,El Afrang,1st,Yes,off_plan,2370793.2
104.5,3.0,2,0,0,0,1,Cairo,New Cairo,First Settlement,1st,Yes,completed,5411920.17
142.9,2.0,2,0,1,1,1,Mansoura,Central,Toriel,1st,No,completed,1924746.47
157.5,3.0,2,0,1,0,0,Giza,West Giza,Mohandessin,2nd,Yes,completed,6663169.2
182.0,,3,1,1,1,1,Cairo,New Cairo,Fifth Settlement,3rd,Yes,completed,9920896.7
103.8,3.0,3,0,1,1,1,Port Said,East,El Shark,1st,No,completed,2042141.5
189.9,2.0,1,0,1,1,1,Cairo,Old Cairo,Maadi,2nd,Yes,under_construction,6079068.28
130.5,3.0,2,0,1,1,1,Suez,South,El Suez District,2nd,Yes,under_construction,1793756.28
120.9,2.0,1,0,1,1,1,Cairo,Old Cairo,Downtown,1st,No,completed,4105428.35
88.4,3.0,2,0,1,1,1,Cairo,New Cairo,Madinaty,2nd,No,off_plan,3217881.18
123.7,3.0,3,0,1,1,1,Giza,New Giza,New Giza,1st,Yes,completed,7597265.62
116.8,4.0,3,0,1,1,1,Tanta,Central,Saeed,1st,Yes,completed,1800106.99
164.6,3.0,3,0,1,0,1,Giza,West Giza,6th of October,2nd,No,completed,5467725.05
92.7,4.0,3,0,1,1,1,Alexandria,East,Sidi Bishr,2nd,No,completed,2162158.19
71.3,4.0,3,0,0,1,1,Port Said,East,El Manakh,1st,No,completed,1019572.37
160.6,1.0,1,0,1,1,1,Giza,New Giza,New Giza,2nd,No,under_construction,7377018.78
152.0,3.0,2,0,0,1,1,Suez,North,Faisal,1st,Yes,completed,2155234.41
244.4,2.0,1,0,1,1,1,Giza,New Giza,New Giza,2nd,Yes,completed,16890771.26
138.4,5.0,5,0,1,1,1,Suez,North,El Arbaien,1st,No,completed,2215630.09
99.4,3.0,2,0,1,0,1,Cairo,Old Cairo,Downtown,1st,No,under_construction,2550647.74
244.5,2.0,2,0,1,1,1,Mansoura,Central,El Mashaya,1st,Yes,completed,3821939.09
220.8,3.0,2,0,1,1,1,Port Said,West,El Zohour,2nd,No,under_construction,3455971.37
125.3,2.0,1,0,1,1,1,Giza,New Giza,New Giza,1st,No,completed,6590019.35
68.6,2.0,2,0,1,0,1,Cairo,New Cairo,Madinaty,4th,No,completed,3264952.97
164.6,3.0,3,0,1,0,1,Alexandria,West,Borg El Arab,1st,No,completed,2611283.24
85.9,5.0,4,0,1,1,1,Cairo,New Cairo,Nasr City,2nd,Semi,under_construction,2218859.84
163.7,4.0,4,0,1,1,1,Cairo,New Cairo,Fifth Settlement,1st,No,completed,6998082.1
94.5,2.0,2,0,1,0,1,Cairo,New Cairo,Rehab,2nd,Semi,completed,4569808.32
75.4,4.0,4,0,1,1,1,Cairo,New Cairo,First Settlement,1st,No,completed,2700484.5
48.0,3.0,2,0,0,1,1,Tanta,Central,Saeed,1st,Yes,under_construction,681182.77
186.4,2.0,2,0,1,0,1,Mansoura,Central,Toriel,1st,No,completed,2223063.47
155.8,4.0,4,0,0,1,1,Port Said,East,El Manakh,2nd,Yes,completed,2699977.19
67.7,4.0,3,0,1,1,1,Cairo,New Cairo,Nasr City,3rd,No,completed,2340160.3
65.8,5.0,4,0,0,0,1,Giza,New Giza,New Giza,1st,Semi,completed,4006755.19
92.0,2.0,1,0,1,1,1,Cairo,Old Cairo,Zamalek,2nd,Yes,off_plan,5359163.91
140.2,3.0,2,0,0,0,1,Alexandria,West,Borg El Arab,1st,Yes,completed,2306952.97
184.0,3.0,2,0,1,1,1,Alexandria,East,Sidi Gaber,1st,No,off_plan,3463823.37
131.7,3.0,2,0,1,1,1,Cairo,New Cairo,Madinaty,4th,Semi,completed,6503008.76
297.7,2.0,1,0,1,1,1,Cairo,Old Cairo,Downtown,1st,Yes,under_construction,7970426.83
171.6,5.0,4,0,0,0,1,Cairo,New Cairo,Fifth Settlement,1st,No,completed,8720297.23
103.7,3.0,3,0,1,0,1,Port Said,East,El Manakh,2nd,Semi,completed,1708750.82
137.7,2.0,2,0,1,1,1,Alexandria,West,Agami,2nd,No,under_construction,2209982.95
74.3,2.0,2,0,1,1,1,Mansoura,Central,Toriel,1st,No,under_construction,963618.16
48.1,4.0,3,0,1,1,1,Suez,North,El Arbaien,2nd,Semi,completed,896176.94
301.6,2.0,2,0,1,1,1,Cairo,Old Cairo,Zamalek,2nd,No,completed,16647336.11
69.6,4.0,4,0,0,0,1,Cairo,Old Cairo,Maadi,2nd,No,completed,2833859.14
162.6,5.0,4,0,1,0,1,Alexandria,East,Sidi Bishr,2nd,No,under_construction,3249878.01
147.6,2.0,2,0,0,1,1,Cairo,New Cairo,Fifth Settlement,1st,Semi,off_plan,5420000.15
137.0,2.0,2,0,1,0,1,Port Said,West,El Zohour,1st,No,completed,2558951.19
145.1,3.0,3,0,1,1,0,Cairo,New Cairo,Madinaty,1st,Yes,under_construction,5979488.06
120.8,3.0,2,0,1,1,1,Cairo,Old Cairo,Zamalek,1st,No,under_construction,6992602.72
161.9,3.0,2,0,0,0,1,Suez,South,El Suez District,2nd,No,completed,2506641.01
185.4,2.0,1,0,1,1,0,Suez,South,El Suez District,2nd,No,completed,2502823.3
152.3,4.0,4,0,1,1,1,Mansoura,Central,El Mashaya,2nd,No,off_plan,2321297.97
144.3,3.0,2,0,0,1,1,Cairo,Old Cairo,Maadi,3rd,Yes,under_construction,4602784.37
210.2,3.0,2,0,1,1,1,Mansoura,Central,Toriel,1st,Semi,completed,3142207.93
142.9,2.0,2,0,1,0,1,Tanta,Central,Saeed,1st,Semi,completed,2088485.69
63.7,2.0,1,0,1,1,1,Aswan,Central,El Sad El Ali,1st,Yes,under_construction,837559.56
137.0,4.0,3,0,1,0,1,Alexandria,West,Borg El Arab,1st,No,completed,2511588.54
95.9,2.0,1,0,1,1,1,Suez,North,Faisal,1st,No,completed,1515919.86
288.7,2.0,1,0,1,1,1,Cairo,Old Cairo,Maadi,2nd,No,completed,9443927.66
120.9,2.0,2,0,1,0,1,Aswan,Central,El Shallal,1st,Semi,completed,1651479.68
151.6,4.0,4,0,0,1,1,Suez,South,El Suez District,2nd,Semi,completed,2193252.9
189.2,3.0,2,0,1,1,1,Alexandria,East,Smouha,2nd,No,completed,5370050.6
84.7,4.0,3,0,1,0,0,Cairo,Old Cairo,Downtown,2nd,No,under_construction,2258254.94
75.2,3.0,3,0,1,0,1,Mansoura,Central,Toriel,1st,Yes,off_plan,905693.37
360.2,,2,1,1,0,1,Port Said,West,El Zohour,2nd,No,completed,6629081.14
203.7,3.0,3,0,1,0,1,Aswan,Central,El Shallal,1st,Semi,completed,3146004.64
147.0,3.0,2,0,1,0,1,Ismailia,Central,El Sheikh Zayed,1st,No,completed,2463519.86
103.2,5.0,4,0,1,1,1,Mansoura,Central,El Mashaya,1st,Yes,completed,2132183.57
205.5,,2,1,1,0,1,Giza,New Giza,New Giza,2nd,No,under_construction,10193748.98
108.4,1.0,1,0,1,0,1,Alexandria,East,Smouha,3rd,Yes,completed,3070385.52
102.7,3.0,3,0,1,1,1,Alexandria,West,Borg El Arab,2nd,Semi,completed,1494071.49
94.0,2.0,1,0,1,1,0,Alexandria,East,Smouha,1st,Yes,off_plan,2198934.18
153.5,4.0,3,0,1,0,1,Giza,New Giza,New Giza,2nd,No,off_plan,6370130.47
85.9,3.0,3,0,1,1,1,Mansoura,Central,El Mashaya,2nd,Semi,under_construction,1247605.36
184.3,4.0,3,0,1,1,1,Mansoura,Central,Toriel,1st,No,under_construction,2064898.78
212.3,2.0,1,0,1,1,1,Giza,New Giza,New Giza,2nd,No,completed,10874601.15
151.1,4.0,3,0,1,1,1,Alexandria,West,Agami,1st,Yes,completed,3524202.74
192.8,3.0,2,0,1,1,1,Giza,West Giza,6th of October,3rd,Semi,under_construction,5227977.97
89.6,2.0,1,0,1,1,1,Cairo,Old Cairo,Zamalek,2nd,No,completed,5240150.93
100.6,2.0,1,0,1,0,1,Cairo,New Cairo,Rehab,2nd,Semi,completed,4711141.55
185.3,4.0,4,0,1,0,1,Alexandria,East,Sidi Bishr,1st,No,completed,4417405.09
154.8,3.0,2,0,1,1,1,Cairo,New Cairo,Rehab,2nd,Yes,completed,7698800.49
123.4,3.0,2,0,1,0,1,Giza,West Giza,Sheikh Zayed,2nd,No,completed,5952797.81
218.6,3.0,2,0,1,1,1,Tanta,Central,El Geish,2nd,Yes,under_construction,2972612.87
67.3,2.0,1,0,1,1,1,Cairo,New Cairo,Rehab,3rd,Semi,under_construction,2279509.38
75.6,1.0,1,0,1,1,1,Alexandria,East,Smouha,1st,Semi,completed,2092453.41
95.9,3.0,2,0,0,1,1,Aswan,Central,El Sad El Ali,1st,Yes,completed,1678587.54
164.5,2.0,1,0,0,1,1,Cairo,New Cairo,Heliopolis,1st,No,under_construction,4847058.29
83.5,2.0,2,0,1,1,1,Cairo,New Cairo,Heliopolis,2nd,No,completed,2691935.26
219.5,2.0,1,0,1,1,1,Alexandria,East,Smouha,3rd,No,completed,6646112.83
114.3,2.0,1,0,1,1,1,Cairo,New Cairo,Rehab,2nd,Semi,completed,4804677.95
101.4,5.0,4,0,1,1,1,Luxor,West Bank,El Gezira,1st,Yes,completed,1753590.43
153.0,4.0,4,0,1,1,1,Port Said,West,El Zohour,2nd,Yes,completed,3390135.89
128.0,5.0,5,0,1,1,1,Alexandria,West,Borg El Arab,1st,Yes,completed,2479463.91
71.0,3.0,2,0,1,1,1,Alexandria,East,Sidi Gaber,1st,Yes,under_construction,1806784.18
165.3,1.0,1,0,1,1,1,Giza,New Giza,New Giza,1st,Yes,completed,10583859.73
80.0,1.0,1,0,1,1,1,Cairo,New Cairo,Fifth Settlement,2nd,No,completed,4253308.52
75.2,3.0,2,0,1,1,1,Cairo,Old Cairo,Maadi,3rd,Semi,under_construction,2112068.29
161.3,4.0,3,0,0,1,1,Cairo,Old Cairo,Maadi,2nd,No,completed,5684627.59
112.2,1.0,1,0,0,0,1,Cairo,Old Cairo,Zamalek,1st,Yes,completed,7662171.78
83.4,3.0,2,0,1,0,1,Cairo,New Cairo,Rehab,3rd,No,completed,3209267.41
108.5,3.0,2,0,0,0,1,Cairo,New Cairo,Fifth Settlement,3rd,No,completed,5593539.89
162.6,3.0,2,0,1,1,1,Aswan,Central,El Shallal,1st,Yes,completed,2450391.58
112.5,4.0,3,0,1,0,1,Alexandria,West,Agami,2nd,Semi,under_construction,2005979.56
138.4,2.0,2,0,1,0,1,Port Said,East,El Manakh,2nd,No,completed,2297713.57
101.0,3.0,2,0,1,1,1,Tanta,Central,Saeed,1st,No,completed,1487781.9
190.8,,1,1,0,1,1,Tanta,Central,El Geish,2nd,Yes,under_construction,2893724.6
158.5,3.0,2,0,1,0,1,Suez,North,El Arbaien,2nd,No,completed,2661967.65
73.2,2.0,2,0,1,0,1,Cairo,New Cairo,Fifth Settlement,1st,Semi,completed,3592360.35
105.0,3.0,2,0,1,0,1,Alexandria,East,Smouha,1st,No,completed,2671483.94
109.2,2.0,1,0,0,1,1,Giza,New Giza,New Giza,2nd,No,under_construction,5193328.58
89.4,2.0,2,0,1,1,1,Alexandria,East,Smouha,3rd,No,under_construction,2174051.23
181.6,2.0,1,0,1,1,1,Giza,West Giza,Dokki,1st,Yes,completed,5638722.9
62.6,5.0,5,0,1,0,1,Suez,North,Faisal,1st,Semi,under_construction,801955.26
130.6,3.0,2,0,1,1,1,Giza,New Giza,New Giza,2nd,No,completed,7338649.35
87.0,4.0,3,0,1,1,1,Mansoura,Central,Toriel,1st,No,under_construction,1037842.36
125.9,3.0,3,0,0,1,1,Cairo,Old Cairo,Maadi,3rd,Yes,under_construction,3866070.7
140.2,2.0,1,0,0,0,1,Cairo,Old Cairo,Maadi,1st,No,completed,5074084.67
151.6,3.0,2,0,1,0,1,Cairo,New Cairo,Rehab,3rd,Semi,under_construction,5430726.16
82.8,3.0,3,0,1,1,1,Cairo,Old Cairo,Maadi,1st,Semi,completed,3166676.27
96.9,2.0,2,0,0,0,1,Cairo,New Cairo,Fifth Settlement,3rd,No,completed,4697792.86
230.4,1.0,1,0,1,1,1,Cairo,New Cairo,Fifth Settlement,2nd,No,under_construction,10629652.64
126.4,2.0,1,0,1,0,1,Cairo,New Cairo,Madinaty,3rd,No,under_construction,4204844.93
162.7,4.0,4,0,1,0,1,Cairo,Old Cairo,Maadi,2nd,Yes,completed,6454972.44
136.9,2.0,1,0,1,0,0,Cairo,Old Cairo,Maadi,2nd,Yes,under_construction,4314168.37
122.9,3.0,2,0,1,0,1,Mansoura,Central,Toriel,1st,Yes,under_construction,1651657.28
133.9,2.0,2,0,1,1,1,Alexandria,East,Sidi Gaber,1st,Semi,completed,3643110.8
132.6,2.0,1,0,1,0,1,Tanta,Central,El Geish,2nd,No,under_construction,1799017.91
88.0,3.0,2,0,0,1,1,Cairo,New Cairo,Fifth Settlement,2nd,Yes,completed,5340546.63
145.5,4.0,3,0,0,1,1,Cairo,New Cairo,Nasr City,1st,No,completed,4335877.04
99.5,2.0,1,0,1,1,0,Cairo,Old Cairo,Maadi,2nd,No,completed,3273972.18
130.1,4.0,4,0,1,1,1,Cairo,New Cairo,Madinaty,2nd,No,completed,6308909.12
116.5,1.0,1,0,1,0,1,Cairo,Old Cairo,Zamalek,1st,Semi,completed,7254591.19
79.9,5.0,4,0,1,1,1,Cairo,Old Cairo,Maadi,1st,Semi,completed,2908189.51
137.2,2.0,2,0,0,1,1,Alexandria,East,Sidi Gaber,2nd,No,under_construction,3087426.41
203.6,3.0,2,0,1,0,1,Giza,New Giza,New Giza,2nd,No,completed,11133388.92
88.8,3.0,2,0,1,1,1,Alexandria,West,Borg El Arab,2nd,No,under_construction,1199835.16
50.6,3.0,2,0,1,1,1,Luxor,East Bank,El Awameya,1st,No,completed,530821.4
109.0,4.0,3,0,1,1,1,Cairo,Old Cairo,Downtown,2nd,No,off_plan,2527647.02
104.3,3.0,3,0,1,0,1,Cairo,New Cairo,Madinaty,3rd,Semi,completed,5059964.3
79.9,3.0,2,0,1,0,1,Tanta,Central,El Geish,2nd,Semi,completed,1474289.24
110.6,3.0,3,0,1,1,1,Ismailia,Central,El Afrang,1st,No,under_construction,1288518.91
161.3,3.0,2,0,1,1,1,Luxor,East Bank,El Karnak,1st,Yes,completed,2288919.57
120.1,2.0,1,0,1,1,1,Alexandria,East,Smouha,2nd,Yes,completed,3555843.24
175.3,3.0,3,0,1,1,1,Mansoura,Central,Toriel,1st,Semi,completed,2600344.31
160.4,2.0,1,0,1,1,1,Alexandria,East,Sidi Bishr,1st,No,completed,3096746.08
131.6,2.0,2,0,1,0,1,Luxor,East Bank,El Karnak,2nd,No,completed,1365259.49
120.4,3.0,3,0,0,1,1,Ismailia,Central,El Afrang,1st,Yes,completed,2048323.4
69.2,2.0,1,0,1,1,1,Cairo,Old Cairo,Downtown,2nd,Semi,completed,2154743.24
130.4,2.0,2,0,1,1,1,Aswan,Central,El Sad El Ali,1st,No,off_plan,1334603.47
83.7,2.0,2,0,1,1,1,Cairo,New Cairo,Madinaty,3rd,No,off_plan,2662810.28
101.2,4.0,3,0,1,0,1,Cairo,New Cairo,Nasr City,3rd,No,under_construction,2612361.48
217.6,,1,1,1,1,1,Ismailia,Central,El Sheikh Zayed,2nd,No,completed,4108442.06
138.7,3.0,2,0,1,0,1,Cairo,Old Cairo,Zamalek,1st,No,completed,8791797.83
146.6,3.0,2,0,1,0,1,Alexandria,East,Sidi Bishr,2nd,No,under_construction,2857676.71
115.9,3.0,2,0,1,0,1,Cairo,New Cairo,First Settlement,1st,Yes,completed,5619067.15
101.0,3.0,2,0,0,1,1,Cairo,Old Cairo,Zamalek,2nd,Semi,completed,7253142.81
97.1,4.0,3,0,1,1,1,Cairo,Old Cairo,Zamalek,1st,No,under_construction,5467044.05
113.7,2.0,1,0,1,1,1,Cairo,Old Cairo,Maadi,3rd,Yes,off_plan,3233875.81
80.8,3.0,2,0,1,1,1,Alexandria,West,Borg El Arab,2nd,Semi,completed,1466919.2
151.8,5.0,4,0,0,1,1,Cairo,New Cairo,Nasr City,3rd,No,completed,4085894.37
141.0,3.0,3,0,1,0,1,Alexandria,West,Borg El Arab,2nd,No,completed,2874282.67
147.6,2.0,1,0,1,1,1,Giza,West Giza,6th of October,2nd,Yes,under_construction,4511745.52
162.2,2.0,2,0,1,0,1,Alexandria,West,Agami,2nd,No,under_construction,2517244.17
133.3,3.0,3,0,1,0,1,Giza,West Giza,Mohandessin,1st,No,completed,4413736.54
138.9,5.0,5,0,1,1,1,Aswan,Central,El Shallal,1st,No,off_plan,1384802.87
134.4,4.0,4,0,1,0,1,Ismailia,Central,El Sheikh Zayed,1st,Yes,completed,2442873.04
110.4,3.0,2,0,1,1,1,Ismailia,Central,El Afrang,1st,Yes,under_construction,1568043.25
130.0,2.0,2,0,1,0,1,Giza,New Giza,New Giza,2nd,Yes,completed,8026199.0
112.6,3.0,2,0,0,1,1,Giza,New Giza,New Giza,2nd,Yes,completed,5702525.38
126.8,,5,1,1,1,1,Giza,New Giza,New Giza,2nd,No,under_construction,6831494.54
78.8,1.0,1,0,1,0,1,Cairo,New Cairo,Fifth Settlement,3rd,Semi,under_construction,3023636.46
69.4,1.0,1,0,1,1,0,Suez,South,El Suez District,1st,No,under_construction,793040.04
122.4,5.0,5,0,1,1,1,Luxor,East Bank,El Awameya,1st,Yes,completed,1658119.87
166.7,2.0,1,0,1,1,1,Alexandria,East,Sidi Gaber,1st,Semi,completed,4249220.61
90.7,2.0,1,0,1,1,1,Tanta,Central,Saeed,1st,Yes,completed,1612196.12
56.0,1.0,1,0,1,0,1,Suez,South,El Suez District,2nd,Yes,completed,1029857.26
93.1,3.0,2,0,1,1,1,Ismailia,Central,El Afrang,1st,Semi,completed,1502577.18
141.0,4.0,4,0,1,1,1,Cairo,Old Cairo,Maadi,2nd,No,completed,5319765.75
180.9,4.0,4,0,1,1,1,Alexandria,West,Agami,2nd,Semi,completed,3994150.33
100.0,4.0,4,0,0,1,1,Suez,South,El Suez District,1st,Yes,off_plan,1117220.1
132.5,5.0,4,0,1,1,1,Giza,West Giza,Mohandessin,2nd,No,completed,4844982.52
144.1,2.0,1,0,1,0,1,Cairo,Old Cairo,Maadi,1st,No,completed,5483095.05
114.0,3.0,2,0,1,0,1,Giza,New Giza,New Giza,2nd,No,under_construction,5569148.82
165.7,2.0,2,0,1,0,1,Cairo,Old Cairo,Zamalek,2nd,Semi,completed,10158741.33
154.2,2.0,1,0,1,1,1,Giza,New Giza,New Giza,1st,No,completed,9502131.6
196.1,,2,1,1,1,1,Cairo,New Cairo,Rehab,2nd,No,under_construction,6479340.11
204.2,3.0,2,0,1,1,0,Port Said,West,El Zohour,1st,No,completed,3755252.08
132.8,2.0,2,0,1,1,1,Giza,New Giza,New Giza,2nd,No,completed,8480489.18
152.6,2.0,1,0,1,1,1,Mansoura,Central,Toriel,1st,Yes,completed,2161342.67
108.6,4.0,3,0,1,1,1,Suez,South,El Suez District,1st,Semi,completed,1982996.73
141.7,3.0,2,0,1,0,1,Giza,New Giza,New Giza,1st,No,completed,8684212.57
132.9,3.0,2,0,1,1,1,Giza,West Giza,Dokki,2nd,No,completed,3897431.01
111.8,4.0,3,0,1,1,1,Giza,West Giza,Dokki,2nd,Yes,under_construction,3213402.58
96.8,3.0,2,0,1,1,1,Ismailia,Central,El Sheikh Zayed,1st,Semi,completed,1864987.69
154.0,3.0,2,0,1,1,1,Cairo,New Cairo,Nasr City,3rd,Yes,completed,4809027.29
128.5,3.0,2,0,1,1,1,Cairo,Old Cairo,Downtown,1st,No,under_construction,3585887.16
76.3,5.0,5,0,1,1,1,Giza,West Giza,6th of October,2nd,No,under_construction,2186456.46
157.6,3.0,2,0,0,1,1,Cairo,Old Cairo,Maadi,1st,No,completed,6413355.66
126.5,3.0,2,0,1,1,1,Tanta,Central,El Geish,2nd,No,completed,1911740.95
147.4,2.0,1,0,1,1,1,Cairo,Old Cairo,Zamalek,2nd,No,completed,9395295.85
106.2,3.0,2,0,1,0,1,Giza,West Giza,6th of October,1st,Yes,completed,3956250.1
45.3,5.0,5,0,1,1,1,Giza,West Giza,Mohandessin,1st,No,under_construction,1464107.99
92.4,2.0,2,0,1,1,1,Cairo,Old Cairo,Downtown,2nd,No,under_construction,2328049.91
110.5,3.0,3,0,1,0,1,Aswan,Central,El Shallal,1st,No,completed,1659602.64
176.9,2.0,2,0,1,1,1,Port Said,East,El Shark,1st,No,under_construction,3099710.42
380.4,2.0,1,0,1,1,1,Tanta,Central,Saeed,1st,No,under_construction,3841838.06
132.7,3.0,2,0,1,1,1,Giza,West Giza,Mohandessin,2nd,Yes,completed,4918230.09
95.3,2.0,2,0,1,1,1,Ismailia,Central,El Sheikh Zayed,1st,No,completed,1689755.71
81.4,3.0,2,0,1,1,1,Suez,North,Faisal,1st,Yes,completed,1131087.81
108.5,,2,1,1,0,1,Ismailia,Central,El Afrang,1st,No,completed,1754923.27
126.4,,2,1,1,1,1,Giza,West Giza,Sheikh Zayed,3rd,Yes,under_construction,6381673.85
75.0,2.0,1,0,1,1,1,Cairo,New Cairo,Fifth Settlement,3rd,No,completed,3740723.02
48.3,4.0,3,0,1,1,1,Tanta,Central,El Geish,1st,Yes,completed,908239.39
164.1,2.0,1,0,1,1,1,Tanta,Central,El Geish,1st,Yes,under_construction,2295586.19
151.8,3.0,2,0,1,1,1,Mansoura,Central,Toriel,1st,No,under_construction,1926947.14
91.8,2.0,1,0,0,1,1,Alexandria,East,Sidi Bishr,1st,Yes,completed,2317240.27
137.9,3.0,2,0,1,1,1,Aswan,Central,El Shallal,1st,Yes,off_plan,1558971.9
89.1,2.0,2,0,1,0,1,Port Said,West,El Zohour,1st,Semi,completed,2011059.36
133.5,1.0,1,0,1,1,1,Mansoura,Central,Toriel,1st,No,under_construction,1786067.13
91.8,3.0,3,0,1,1,1,Tanta,Central,Saeed,1st,Yes,completed,1597813.64
92.1,3.0,2,0,1,0,1,Ismailia,Central,El Sheikh Zayed,2nd,No,completed,1763469.77
131.3,2.0,1,0,1,1,1,Port Said,East,El Shark,2nd,No,completed,2293841.85
91.3,3.0,3,0,1,0,1,Mansoura,Central,El Mashaya,2nd,No,under_construction,1266638.34
97.1,2.0,1,0,1,1,1,Cairo,Old Cairo,Maadi,1st,No,under_construction,3061544.38
124.4,3.0,2,0,1,0,0,Suez,North,Faisal,1st,Yes,under_construction,1395507.3
286.4,2.0,2,0,1,1,1,Suez,South,El Suez District,1st,Semi,under_construction,3057844.96
84.7,,1,1,1,1,1,Giza,New Giza,New Giza,2nd,Semi,completed,5605856.35
90.6,3.0,2,0,1,1,1,Mansoura,Central,El Mashaya,1st,No,completed,1652291.93
116.5,5.0,4,0,0,1,1,Giza,New Giza,New Giza,2nd,Semi,completed,7926104.51
129.3,1.0,1,0,1,1,1,Mansoura,Central,El Mashaya,1st,Semi,completed,2233325.39
128.9,1.0,1,0,0,1,0,Giza,New Giza,New Giza,2nd,No,under_construction,5737434.25
68.1,4.0,3,0,1,1,1,Ismailia,Central,El Afrang,1st,No,completed,1118704.63
162.7,3.0,2,0,0,1,1,Alexandria,West,Agami,2nd,No,under_construction,3132020.21
101.4,5.0,4,0,1,1,1,Cairo,New Cairo,First Settlement,3rd,Semi,completed,4386881.61
187.0,5.0,5,0,1,1,1,Cairo,Old Cairo,Maadi,2nd,Yes,completed,6181630.34
196.2,1.0,1,0,0,1,1,Cairo,Old Cairo,Downtown,2nd,Yes,completed,5951699.98
83.6,3.0,2,0,1,0,1,Giza,West Giza,Dokki,2nd,No,completed,2640818.84
80.2,3.0,2,0,1,1,1,Aswan,Central,El Shallal,1st,No,under_construction,765231.48
80.3,3.0,2,0,1,0,1,Aswan,Central,El Sad El Ali,2nd,No,under_construction,978629.8
102.3,2.0,1,0,1,1,1,Giza,New Giza,New Giza,1st,No,completed,6036706.6
96.1,4.0,4,0,0,1,1,Alexandria,East,Sidi Gaber,2nd,No,completed,2452138.29
186.1,2.0,2,0,1,1,1,Alexandria,West,Agami,2nd,Semi,under_construction,3035863.43
134.8,3.0,2,0,1,1,1,Cairo,Old Cairo,Downtown,1st,No,completed,4498034.92
141.2,1.0,1,0,1,0,1,Cairo,Old Cairo,Downtown,2nd,No,under_construction,4013544.84
246.7,4.0,4,0,1,0,1,Giza,New Giza,New Giza,2nd,Yes,under_construction,12354072.52
58.6,,4,1,1,0,1,Mansoura,Central,Toriel,1st,No,completed,1033394.76
165.4,2.0,2,0,1,0,1,Alexandria,West,Agami,2nd,No,completed,3749731.33
125.8,4.0,4,0,1,0,1,Luxor,West Bank,El Gezira,1st,Yes,off_plan,1604340.55
197.1,3.0,3,0,1,1,1,Alexandria,East,Smouha,2nd,No,completed,6046305.47
104.6,4.0,4,0,0,1,1,Giza,West Giza,6th of October,3rd,No,off_plan,2415684.81
125.2,2.0,1,0,1,0,1,Cairo,New Cairo,Rehab,3rd,No,under_construction,3402853.12
87.2,3.0,2,0,1,1,1,Port Said,West,El Zohour,1st,Semi,completed,2051632.93
131.5,2.0,1,0,1,0,1,Cairo,Old Cairo,Zamalek,1st,No,off_plan,6193093.78
110.3,3.0,2,0,1,0,1,Alexandria,West,Agami,2nd,Semi,completed,2525736.17
111.7,1.0,1,0,0,0,1,Giza,West Giza,Dokki,1st,No,completed,3299213.02
154.0,3.0,3,0,1,1,1,Alexandria,East,Sidi Bishr,2nd,No,completed,3759970.87
71.4,3.0,3,0,1,1,1,Cairo,New Cairo,Rehab,1st,No,under_construction,2608827.35
80.3,4.0,4,0,1,1,1,Giza,West Giza,Sheikh Zayed,1st,No,completed,4130546.66
129.9,3.0,3,0,1,0,1,Suez,North,El Arbaien,2nd,No,completed,2183968.38
86.8,3.0,2,0,1,1,1,Tanta,Central,El Geish,1st,Yes,completed,1550038.1
212.4,3.0,2,0,1,1,1,Suez,North,El Arbaien,1st,Yes,completed,3563041.15
71.5,3.0,2,0,0,0,1,Cairo,Old Cairo,Zamalek,2nd,Yes,under_construction,4347545.44
130.4,3.0,2,0,1,1,1,Mansoura,Central,El Mashaya,2nd,Semi,completed,2639883.28
113.9,4.0,3,0,1,1,1,Giza,New Giza,New Giza,1st,No,completed,6944759.14
206.0,2.0,1,0,1,1,0,Cairo,New Cairo,Rehab,3rd,Semi,completed,8391389.57
94.1,5.0,5,0,1,1,1,Cairo,Old Cairo,Downtown,2nd,Yes,completed,3646315.02
152.8,3.0,3,0,1,1,1,Cairo,Old Cairo,Downtown,1st,Yes,completed,5781078.23
83.3,,2,1,1,1,1,Suez,South,El Suez District,1st,Semi,completed,1222632.67
95.4,2.0,1,0,1,1,1,Port Said,West,El Zohour,2nd,No,completed,2023845.81
97.5,3.0,2,0,1,0,1,Port Said,East,El Shark,1st,Yes,completed,2026113.11
43.9,2.0,2,0,1,0,1,Giza,West Giza,Mohandessin,1st,Yes,completed,1650940.99
85.9,2.0,1,0,1,0,1,Cairo,Old Cairo,Downtown,2nd,No,under_construction,2251842.41
103.1,2.0,1,0,1,1,1,Giza,West Giza,Mohandessin,1st,No,under_construction,2598434.21
106.5,5.0,5,0,1,1,1,Giza,New Giza,New Giza,2nd,Semi,under_construction,5422225.68
71.0,2.0,1,0,1,0,1,Cairo,New Cairo,Fifth Settlement,3rd,Yes,off_plan,2565866.02
87.1,4.0,4,0,0,1,1,Port Said,West,El Zohour,1st,Yes,completed,1852538.67
217.8,3.0,2,0,1,1,1,Giza,New Giza,New Giza,1st,No,under_construction,11291433.25
134.2,4.0,4,0,0,1,1,Mansoura,Central,El Mashaya,2nd,No,completed,2188383.53
118.9,4.0,3,0,1,1,1,Cairo,Old Cairo,Zamalek,2nd,No,completed,8529737.37
92.7,1.0,1,0,1,0,1,Alexandria,West,Agami,1st,Semi,completed,1940964.45
69.6,4.0,3,0,1,0,1,Alexandria,West,Agami,2nd,No,under_construction,1340632.05
151.6,4.0,4,0,1,1,1,Cairo,New Cairo,Heliopolis,2nd,Semi,off_plan,4152959.13
85.3,4.0,4,0,1,0,1,Luxor,East Bank,El Awameya,1st,No,completed,939180.67
125.8,2.0,1,0,1,1,1,Suez,North,El Arbaien,1st,Yes,completed,2056050.61
92.0,1.0,1,0,1,1,1,Aswan,Central,El Shallal,1st,No,completed,1228750.61
88.2,3.0,2,0,1,0,1,Alexandria,West,Agami,1st,No,under_construction,1585887.1
118.1,4.0,4,0,1,1,1,Cairo,Old Cairo,Zamalek,2nd,No,completed,6511685.55
93.4,1.0,1,0,1,1,1,Port Said,West,El Zohour,1st,No,completed,1786198.51
91.8,3.0,2,0,1,0,1,Cairo,New Cairo,Madinaty,4th,No,completed,4793370.79
101.5,5.0,4,0,1,1,1,Giza,West Giza,Haram,1st,No,completed,2382707.28
115.7,1.0,1,0,1,0,1,Giza,West Giza,Sheikh Zayed,2nd,No,completed,6021499.87
211.5,3.0,2,0,1,0,1,Giza,West Giza,Dokki,2nd,Semi,off_plan,4276019.02
67.4,2.0,2,0,1,1,1,Giza,West Giza,Haram,2nd,No,completed,1296739.98
178.9,3.0,3,0,1,1,1,Ismailia,Central,El Sheikh Zayed,2nd,Semi,completed,3000113.49
145.0,4.0,4,0,1,1,1,Giza,New Giza,New Giza,1st,No,under_construction,7877885.67
86.1,3.0,2,0,1,0,1,Cairo,Old Cairo,Maadi,3rd,No,off_plan,2090738.41
163.1,1.0,1,0,1,1,1,Suez,South,El Suez District,1st,No,completed,2262287.45
110.8,2.0,2,0,0,1,1,Cairo,Old Cairo,Maadi,1st,Yes,completed,3977575.14
75.9,3.0,2,0,1,1,1,Cairo,New Cairo,Heliopolis,1st,Yes,completed,3085675.19
79.4,2.0,2,0,1,1,1,Mansoura,Central,El Mashaya,1st,Yes,completed,1492652.9
94.2,1.0,1,0,0,1,1,Suez,South,El Suez District,1st,Semi,completed,1424676.11
48.1,2.0,1,0,0,0,1,Cairo,New Cairo,Heliopolis,2nd,No,off_plan,1386273.14
135.9,2.0,2,0,1,1,1,Tanta,Central,Saeed,1st,Yes,completed,2054415.48
126.3,3.0,3,0,1,0,1,Giza,New Giza,New Giza,2nd,Yes,completed,8391561.48
108.5,3.0,2,0,0,0,1,Alexandria,West,Agami,1st,No,under_construction,2104494.75
114.5,2.0,1,0,1,1,1,Mansoura,Central,El Mashaya,1st,No,completed,1969321.3
100.2,3.0,2,0,1,0,1,Aswan,Central,El Sad El Ali,2nd,Yes,completed,1959954.65
84.4,3.0,3,0,1,0,1,Port Said,West,El Zohour,1st,No,under_construction,1378209.33
253.0,,1,1,1,1,1,Cairo,New Cairo,First Settlement,3rd,No,under_construction,9094484.39
82.7,3.0,3,0,1,1,1,Alexandria,East,Sidi Gaber,2nd,Yes,under_construction,1958571.08
110.5,2.0,2,0,1,1,1,Luxor,East Bank,El Awameya,1st,Yes,completed,1323459.36
168.6,3.0,2,0,1,1,1,Cairo,New Cairo,Rehab,1st,No,off_plan,5485179.27
245.7,3.0,3,0,1,0,1,Cairo,New Cairo,Fifth Settlement,2nd,Yes,under_construction,9894673.11
176.6,5.0,5,0,1,1,1,Cairo,New Cairo,First Settlement,3rd,Semi,completed,7897313.41
90.8,2.0,1,0,1,0,1,Luxor,West Bank,El Gezira,1st,Yes,completed,1457371.84
159.8,4.0,4,0,1,0,1,Cairo,New Cairo,Rehab,1st,Yes,off_plan,5403559.02
104.0,1.0,1,0,1,1,1,Suez,North,El Arbaien,1st,No,completed,1518696.41
162.0,4.0,3,0,1,1,1,Cairo,Old Cairo,Zamalek,1st,No,under_construction,8623703.99
160.9,1.0,1,0,0,0,1,Cairo,New Cairo,First Settlement,3rd,No,off_plan,4356757.9
128.0,2.0,1,0,1,0,1,Luxor,West Bank,El Gezira,1st,No,completed,1797177.45
185.1,4.0,3,0,1,0,1,Cairo,Old Cairo,Zamalek,2nd,Semi,completed,12879589.47
160.5,5.0,5,0,1,1,1,Cairo,New Cairo,Madinaty,2nd,Yes,under_construction,6711242.27
189.9,4.0,3,0,1,1,1,Alexandria,East,Sidi Bishr,1st,Semi,under_construction,3684897.11
83.3,1.0,1,0,1,0,1,Port Said,East,El Manakh,2nd,Yes,under_construction,1008060.36
129.8,2.0,2,0,1,1,1,Aswan,Central,El Sad El Ali,2nd,Yes,completed,1826334.0
68.5,4.0,4,0,1,1,1,Giza,West Giza,Sheikh Zayed,2nd,No,completed,2986733.02
164.1,2.0,2,0,0,1,1,Alexandria,West,Borg El Arab,2nd,No,completed,2655173.48
128.0,4.0,3,0,1,1,1,Alexandria,West,Borg El Arab,2nd,No,completed,2219561.33
188.4,2.0,1,0,0,1,1,Cairo,Old Cairo,Maadi,2nd,No,under_construction,5328427.34
67.0,4.0,3,0,1,0,1,Giza,West Giza,6th of October,2nd,Semi,completed,2431937.38
101.1,4.0,4,0,1,1,1,Aswan,Central,El Shallal,1st,Yes,completed,1727507.34
139.1,4.0,3,0,1,0,1,Cairo,New Cairo,Heliopolis,2nd,Semi,completed,5043667.33
131.8,,2,1,0,1,1,Tanta,Central,El Geish,2nd,No,completed,2213474.67
210.5,5.0,4,0,1,1,1,Giza,West Giza,Haram,3rd,Semi,completed,4579646.91
144.1,2.0,2,0,1,1,1,Giza,New Giza,New Giza,2nd,No,under_construction,6256758.44
95.8,5.0,4,0,1,1,1,Cairo,Old Cairo,Maadi,1st,Semi,completed,3603900.32
96.1,3.0,3,0,0,1,1,Alexandria,West,Agami,2nd,Semi,off_plan,1692111.58
146.8,3.0,2,0,1,0,1,Cairo,New Cairo,Nasr City,2nd,No,completed,4299232.27
86.1,4.0,4,0,1,0,1,Alexandria,West,Borg El Arab,2nd,Semi,completed,1780122.54
127.2,4.0,3,0,1,1,1,Tanta,Central,Saeed,1st,Yes,completed,1870034.79
156.4,2.0,2,0,1,1,1,Cairo,New Cairo,Fifth Settlement,1st,No,under_construction,6228619.1
82.8,4.0,4,0,0,1,1,Cairo,New Cairo,Fifth Settlement,2nd,No,completed,3957795.13
115.6,2.0,1,0,0,1,1,Giza,West Giza,Dokki,2nd,No,completed,3650128.71
145.1,5.0,4,0,1,0,1,Suez,North,El Arbaien,1st,No,completed,2522118.59
267.9,3.0,2,0,1,1,1,Cairo,Old Cairo,Maadi,1st,Yes,completed,9772436.83
117.8,3.0,2,0,1,1,1,Cairo,Old Cairo,Zamalek,2nd,No,completed,7877862.38
74.9,2.0,2,0,1,0,1,Cairo,Old Cairo,Maadi,1st,Semi,off_plan,1918093.9
97.1,2.0,2,0,1,1,1,Giza,West Giza,6th of October,1st,No,completed,4044497.28
146.7,2.0,1,0,1,1,1,Cairo,New Cairo,Madinaty,1st,No,completed,6848800.24
140.3,3.0,3,0,1,1,1,Cairo,New Cairo,First Settlement,3rd,No,completed,5757727.53
290.0,3.0,3,0,1,0,1,Cairo,New Cairo,Heliopolis,1st,No,off_plan,7680428.8
103.8,2.0,1,0,1,1,1,Alexandria,West,Agami,1st,Yes,under_construction,1946904.97
107.4,1.0,1,0,1,0,1,Giza,West Giza,6th of October,1st,No,under_construction,2855223.12
122.8,3.0,2,0,1,1,1,Ismailia,Central,El Afrang,1st,Semi,completed,1870178.26
94.6,3.0,2,0,1,1,1,Giza,New Giza,New Giza,2nd,No,completed,5288753.54
112.3,3.0,2,0,1,0,1,Cairo,Old Cairo,Downtown,2nd,No,completed,3423230.34
212.6,2.0,1,0,1,1,1,Giza,West Giza,Dokki,2nd,No,under_construction,5339298.63
78.8,1.0,1,0,1,0,1,Cairo,Old Cairo,Maadi,1st,No,completed,2903071.1
105.1,1.0,1,0,1,0,1,Alexandria,East,Smouha,2nd,Yes,completed,3353707.01
86.7,2.0,1,0,1,0,0,Giza,West Giza,6th of October,3rd,No,completed,3181874.71
109.8,4.0,3,0,1,0,1,Giza,West Giza,Haram,1st,Yes,completed,2516191.63
194.8,2.0,1,0,1,1,1,Cairo,Old Cairo,Zamalek,2nd,No,completed,13279112.41
153.6,5.0,5,0,1,1,0,Mansoura,Central,El Mashaya,2nd,No,completed,2795981.69
185.7,3.0,2,0,1,0,1,Luxor,West Bank,El Gezira,1st,Semi,completed,2499200.17
141.0,2.0,2,0,0,0,1,Alexandria,East,Smouha,3rd,No,completed,3763529.81
219.1,3.0,2,0,1,1,1,Tanta,Central,Saeed,1st,No,completed,3175214.02
124.4,4.0,3,0,1,1,1,Giza,New Giza,New Giza,2nd,No,under_construction,4767245.64
160.3,5.0,4,0,0,1,1,Aswan,Central,El Shallal,1st,Yes,under_construction,2150475.97
124.6,4.0,3,0,1,0,1,Cairo,New Cairo,Rehab,1st,Yes,completed,4912705.75
114.3,5.0,4,0,1,0,1,Cairo,New Cairo,Rehab,3rd,Semi,completed,5640343.67
190.1,,1,1,0,1,1,Cairo,Old Cairo,Zamalek,1st,Yes,completed,13694566.25
197.8,5.0,5,0,1,0,1,Alexandria,East,Smouha,1st,Semi,under_construction,4862257.28
66.0,5.0,5,0,1,0,1,Luxor,West Bank,El Gezira,1st,No,completed,949979.01
144.4,2.0,2,0,0,1,1,Alexandria,East,Sidi Bishr,1st,No,off_plan,1860471.2
129.4,3.0,2,0,1,1,1,Luxor,East Bank,El Karnak,2nd,No,completed,1707843.14
243.7,3.0,3,0,1,1,1,Cairo,Old Cairo,Zamalek,2nd,Semi,completed,18069333.7
133.3,2.0,1,0,1,1,1,Tanta,Central,Saeed,1st,Yes,under_construction,1563826.47
189.1,2.0,1,0,1,1,1,Giza,West Giza,Dokki,1st,Yes,completed,5521519.26
130.8,4.0,3,0,1,1,1,Cairo,Old Cairo,Maadi,3rd,No,completed,4515357.51
160.9,3.0,2,0,1,1,1,Cairo,New Cairo,Madinaty,3rd,Semi,completed,9349017.11
70.1,2.0,1,0,0,1,1,Cairo,New Cairo,Rehab,3rd,Yes,completed,3074954.41
107.3,3.0,3,0,1,1,1,Alexandria,West,Agami,2nd,Semi,completed,2520503.77
129.4,2.0,2,0,0,1,1,Giza,New Giza,New Giza,1st,Yes,completed,8373275.75
86.4,2.0,2,0,1,1,1,Cairo,New Cairo,Nasr City,4th,Semi,under_construction,2243507.87
131.4,1.0,1,0,0,0,1,Cairo,Old Cairo,Zamalek,2nd,Yes,completed,8579968.69
168.7,2.0,1,0,1,1,1,Cairo,New Cairo,Fifth Settlement,2nd,No,off_plan,5980627.96
229.3,1.0,1,0,1,0,1,Luxor,East Bank,El Karnak,2nd,No,completed,2307874.1
103.8,3.0,2,0,1,1,1,Cairo,New Cairo,Nasr City,2nd,No,completed,3076681.1
135.3,4.0,3,0,1,1,1,Luxor,West Bank,El Gezira,1st,No,completed,1789305.63
139.9,4.0,4,0,1,1,1,Giza,West Giza,6th of October,3rd,Yes,under_construction,3933397.71
141.0,,1,1,1,1,1,Mansoura,Central,El Mashaya,1st,No,completed,2657385.25
156.1,4.0,4,0,1,1,0,Alexandria,East,Smouha,3rd,No,under_construction,3656017.53
193.6,2.0,1,0,1,1,1,Cairo,New Cairo,Nasr City,3rd,Semi,completed,6103753.36
133.5,3.0,2,0,0,1,1,Tanta,Central,Saeed,1st,No,completed,1890654.09
148.5,3.0,3,0,1,1,1,Aswan,Central,El Sad El Ali,2nd,No,under_construction,1941984.8
121.3,4.0,3,0,0,1,1,Tanta,Central,El Geish,2nd,No,completed,2074626.49
147.4,1.0,1,0,1,0,1,Tanta,Central,Saeed,1st,No,completed,2061162.43
148.6,2.0,2,0,0,1,1,Cairo,Old Cairo,Zamalek,2nd,Yes,completed,10034918.92
68.7,4.0,3,0,1,1,1,Aswan,Central,El Sad El Ali,2nd,Semi,under_construction,890656.51
81.3,2.0,1,0,1,0,1,Port Said,East,El Shark,1st,No,under_construction,1290690.16
102.9,5.0,5,0,1,1,1,Port Said,East,El Manakh,2nd,No,completed,1620993.96
165.4,2.0,1,0,1,0,1,Cairo,Old Cairo,Downtown,2nd,Yes,under_construction,4714096.1
114.9,2.0,1,0,1,1,1,Giza,West Giza,Haram,2nd,Semi,completed,2678404.74
80.2,2.0,2,0,1,0,1,Tanta,Central,Saeed,1st,Yes,completed,1330182.4
128.6,1.0,1,0,1,1,1,Cairo,New Cairo,Nasr City,4th,Yes,completed,4321184.15
170.8,3.0,2,0,1,0,0,Cairo,New Cairo,Heliopolis,2nd,Yes,under_construction,5263074.11
114.0,4.0,3,0,1,1,1,Tanta,Central,El Geish,1st,No,completed,1920061.01
151.9,3.0,2,0,1,1,1,Luxor,West Bank,El Gezira,1st,Yes,completed,2057421.72
85.5,4.0,4,0,1,1,1,Tanta,Central,Saeed,1st,No,completed,1270119.45
95.6,3.0,2,0,1,0,0,Cairo,Old Cairo,Zamalek,1st,No,under_construction,4759429.6
152.8,2.0,2,0,1,0,1,Cairo,Old Cairo,Downtown,2nd,No,completed,4559621.85
130.8,4.0,3,0,1,1,1,Cairo,New Cairo,First Settlement,2nd,No,under_construction,4118069.83
147.1,5.0,4,0,1,0,1,Mansoura,Central,El Mashaya,1st,No,under_construction,1803385.63
138.9,1.0,1,0,1,1,1,Alexandria,East,Smouha,2nd,No,completed,3389344.99
168.8,2.0,2,0,1,1,1,Aswan,Central,El Sad El Ali,2nd,Semi,completed,2779505.23
81.1,2.0,1,0,1,1,1,Port Said,West,El Zohour,1st,No,completed,1542983.53
72.8,5.0,4,0,1,1,1,Cairo,Old Cairo,Maadi,1st,No,off_plan,2346263.51
154.6,3.0,2,0,1,1,1,Alexandria,West,Borg El Arab,2nd,No,under_construction,2107772.94
111.3,3.0,2,0,1,1,1,Giza,New Giza,New Giza,1st,Semi,completed,6634819.19
100.1,2.0,1,0,0,1,1,Giza,New Giza,New Giza,1st,No,completed,6532869.76
203.3,3.0,3,0,1,1,1,Cairo,New Cairo,Fifth Settlement,1st,No,completed,9720285.44
83.9,5.0,4,0,1,1,1,Aswan,Central,El Shallal,1st,Semi,under_construction,974383.51
190.5,4.0,3,0,1,0,1,Mansoura,Central,Toriel,1st,No,under_construction,2242700.59
100.2,3.0,2,0,1,1,0,Cairo,Old Cairo,Downtown,2nd,Semi,completed,3554796.03
156.5,,2,1,1,1,1,Cairo,Old Cairo,Zamalek,1st,No,completed,9961191.03
171.4,3.0,2,0,1,0,1,Alexandria,West,Borg El Arab,2nd,No,completed,2803892.75
150.8,2.0,1,0,1,1,1,Cairo,New Cairo,Heliopolis,1st,No,under_construction,4268933.51
111.9,4.0,4,0,1,0,1,Cairo,New Cairo,Heliopolis,2nd,Yes,completed,4254405.88
179.0,4.0,4,0,1,1,1,Mansoura,Central,Toriel,1st,Yes,completed,2787889.83
56.0,2.0,1,0,1,1,1,Ismailia,Central,El Sheikh Zayed,1st,No,completed,950298.81
318.7,2.0,1,0,1,0,1,Alexandria,East,Sidi Gaber,2nd,No,completed,7188476.56
153.3,4.0,4,0,1,1,1,Cairo,New Cairo,Heliopolis,1st,No,under_construction,4089191.5
153.2,1.0,1,0,1,0,1,Giza,West Giza,Mohandessin,1st,No,completed,4690344.17
86.6,4.0,3,0,1,1,1,Ismailia,Central,El Afrang,1st,No,completed,1414792.16
154.2,3.0,3,0,1,1,1,Cairo,New Cairo,Heliopolis,1st,No,off_plan,3863047.39
126.4,3.0,2,0,1,0,1,Cairo,New Cairo,Madinaty,3rd,No,under_construction,4888602.47
198.1,2.0,1,0,1,1,1,Giza,New Giza,New Giza,1st,No,off_plan,8719666.53
146.3,3.0,2,0,1,0,1,Cairo,Old Cairo,Maadi,2nd,Yes,completed,6001627.83
147.3,1.0,1,0,1,1,1,Cairo,Old Cairo,Zamalek,2nd,No,completed,9186289.12
301.3,2.0,2,0,1,0,1,Giza,West Giza,6th of October,2nd,No,completed,9745286.49
93.6,2.0,1,0,1,1,1,Suez,South,El Suez District,2nd,No,off_plan,1002102.6
130.4,3.0,2,0,1,1,1,Ismailia,Central,El Sheikh Zayed,1st,Yes,off_plan,1780866.54
83.7,5.0,5,0,1,0,1,Cairo,Old Cairo,Maadi,1st,No,completed,3498813.69
88.8,5.0,4,0,1,1,1,Giza,West Giza,Mohandessin,1st,No,off_plan,2471192.24
85.2,2.0,1,0,1,1,1,Ismailia,Central,El Afrang,1st,Yes,under_construction,992812.89
118.4,,2,1,1,1,1,Cairo,New Cairo,Rehab,2nd,No,completed,4880023.69
75.0,3.0,2,0,0,0,1,Cairo,Old Cairo,Downtown,2nd,Semi,completed,2580065.29
148.7,3.0,2,0,1,1,1,Mansoura,Central,El Mashaya,1st,Semi,completed,2918946.17
119.3,2.0,2,0,0,1,1,Cairo,New Cairo,Heliopolis,2nd,No,under_construction,3508719.12
109.6,3.0,2,0,1,1,1,Port Said,West,El Zohour,2nd,No,completed,2430353.14
87.9,5.0,4,0,1,1,1,Giza,West Giza,Mohandessin,2nd,No,completed,2983927.92
89.4,1.0,1,0,1,0,1,Giza,New Giza,New Giza,2nd,No,completed,4082197.56
94.2,3.0,2,0,1,1,1,Cairo,Old Cairo,Zamalek,2nd,Semi,under_construction,5308922.36
109.9,3.0,2,0,1,0,1,Aswan,Central,El Sad El Ali,2nd,No,completed,1868471.48
64.1,2.0,1,0,0,0,1,Mansoura,Central,Toriel,1st,No,completed,1052789.17
175.0,4.0,3,0,1,1,1,Cairo,New Cairo,Nasr City,3rd,Semi,completed,5803325.93
58.8,3.0,2,0,0,1,1,Port Said,East,El Manakh,1st,Semi,completed,936807.64
155.8,1.0,1,0,1,1,1,Giza,New Giza,New Giza,2nd,No,completed,8593564.1
120.6,1.0,1,0,1,1,1,Port Said,West,El Zohour,2nd,Yes,off_plan,1904975.48
91.6,3.0,2,0,1,0,1,Port Said,East,El Manakh,2nd,Semi,under_construction,1190746.82
169.8,5.0,4,0,0,1,1,Mansoura,Central,Toriel,1st,No,under_construction,2566018.57
74.7,1.0,1,0,1,0,1,Luxor,East Bank,El Awameya,1st,No,off_plan,713513.76
110.6,4.0,3,0,1,0,1,Alexandria,East,Smouha,3rd,No,completed,2789285.16
139.7,2.0,2,0,1,1,1,Mansoura,Central,El Mashaya,1st,Semi,completed,2426909.31
108.4,1.0,1,0,1,1,1,Cairo,New Cairo,Rehab,1st,Yes,completed,4704331.82
108.0,4.0,3,0,1,0,0,Suez,South,El Suez District,2nd,No,completed,1693035.74
148.4,3.0,2,0,1,0,1,Cairo,New Cairo,Rehab,3rd,No,completed,6470968.5
116.3,3.0,2,0,1,0,1,Cairo,Old Cairo,Zamalek,2nd,No,completed,7329061.73
81.3,3.0,2,0,1,1,1,Giza,West Giza,Sheikh Zayed,3rd,No,completed,4280415.92
85.9,3.0,3,0,1,1,1,Alexandria,West,Agami,2nd,No,completed,1742938.4
114.8,4.0,3,0,1,1,1,Cairo,Old Cairo,Zamalek,1st,Semi,under_construction,6095629.09
93.8,2.0,1,0,0,1,1,Tanta,Central,El Geish,2nd,No,completed,1357568.89
279.7,2.0,1,0,1,0,1,Luxor,West Bank,El Gezira,1st,Yes,completed,4206139.77
98.6,3.0,2,0,1,1,1,Ismailia,Central,El Afrang,1st,No,completed,1521439.93
106.9,2.0,1,0,0,0,1,Mansoura,Central,El Mashaya,2nd,Semi,completed,1865677.93
219.8,2.0,1,0,1,0,1,Giza,West Giza,Haram,1st,Yes,completed,4429876.52
86.7,2.0,1,0,1,1,1,Luxor,West Bank,El Gezira,1st,No,completed,1150420.59
133.7,2.0,1,0,1,1,1,Giza,New Giza,New Giza,1st,Yes,completed,8620008.72
148.6,4.0,4,0,1,1,1,Cairo,New Cairo,Nasr City,4th,No,completed,4232724.74
68.7,2.0,1,0,1,1,1,Suez,South,El Suez District,2nd,No,completed,986204.62
193.1,4.0,3,0,1,0,1,Cairo,New Cairo,First Settlement,2nd,Semi,completed,7916204.24
116.1,2.0,2,0,1,1,1,Ismailia,Central,El Sheikh Zayed,2nd,Yes,under_construction,1684493.16
118.0,1.0,1,0,1,1,1,Giza,West Giza,Haram,1st,Yes,under_construction,2356542.87
156.8,3.0,2,0,1,0,1,Giza,New Giza,New Giza,1st,Semi,completed,9752753.12
186.6,3.0,2,0,1,1,1,Cairo,Old Cairo,Zamalek,1st,No,completed,11459022.44
281.8,2.0,2,0,1,0,1,Luxor,West Bank,El Gezira,1st,Semi,completed,3848305.31
115.0,3.0,2,0,0,0,1,Cairo,New Cairo,Fifth Settlement,2nd,No,under_construction,4790868.33
82.5,2.0,1,0,1,1,1,Alexandria,East,Smouha,2nd,Yes,completed,2695717.77
102.4,2.0,2,0,1,1,1,Alexandria,West,Agami,1st,Yes,completed,2624512.29
188.5,4.0,3,0,1,1,1,Cairo,Old Cairo,Maadi,1st,No,completed,7187096.29
163.2,4.0,4,0,0,0,1,Aswan,Central,El Shallal,1st,No,completed,2289314.33
169.3,2.0,1,0,1,1,1,Cairo,Old Cairo,Maadi,1st,Semi,completed,6003123.39
142.6,3.0,3,0,1,1,1,Cairo,New Cairo,Madinaty,4th,Semi,completed,6640555.39
102.2,3.0,3,0,1,1,1,Cairo,Old Cairo,Zamalek,2nd,No,completed,5741373.66
106.3,5.0,4,0,1,1,1,Cairo,New Cairo,First Settlement,2nd,No,completed,3811805.31
170.3,4.0,4,0,1,1,1,Luxor,East Bank,El Awameya,1st,No,completed,1978212.44
163.7,2.0,1,0,1,1,1,Cairo,New Cairo,Heliopolis,1st,Yes,off_plan,4246410.45
75.8,5.0,5,0,1,1,1,Tanta,Central,Saeed,1st,No,completed,1278621.93
139.0,3.0,3,0,1,1,1,Tanta,Central,Saeed,1st,No,completed,2065589.17
108.4,3.0,2,0,1,0,1,Giza,West Giza,Sheikh Zayed,2nd,Yes,under_construction,4885116.24
241.3,3.0,2,0,1,1,1,Giza,West Giza,Haram,2nd,No,off_plan,3685290.87
106.4,2.0,1,0,1,0,1,Ismailia,Central,El Sheikh Zayed,1st,No,completed,2134972.85
228.5,2.0,2,0,1,1,1,Port Said,East,El Shark,2nd,Semi,completed,4133985.53
90.0,4.0,3,0,1,1,1,Suez,North,Faisal,1st,No,under_construction,1113563.54
172.4,2.0,1,0,1,0,1,Giza,West Giza,Sheikh Zayed,1st,Yes,completed,8569884.9
191.0,3.0,2,0,1,1,0,Cairo,New Cairo,Rehab,3rd,No,completed,7717769.27
78.9,3.0,2,0,1,1,1,Giza,New Giza,New Giza,1st,Semi,completed,5171931.83
131.7,4.0,3,0,1,1,1,Suez,North,El Arbaien,2nd,No,under_construction,1725563.87
260.0,,2,1,1,1,1,Giza,New Giza,New Giza,1st,No,completed,12297408.79
123.3,1.0,1,0,1,0,1,Giza,New Giza,New Giza,1st,Yes,under_construction,6653291.73
106.3,,2,1,1,1,1,Alexandria,East,Sidi Bishr,2nd,No,completed,2787305.77
99.2,2.0,2,0,0,1,0,Luxor,West Bank,El Gezira,1st,No,completed,1362217.18
113.8,1.0,1,0,0,1,1,Aswan,Central,El Shallal,1st,No,under_construction,1252990.75
96.5,4.0,3,0,1,1,1,Alexandria,West,Borg El Arab,2nd,No,completed,1781673.16
244.2,2.0,1,0,1,1,1,Cairo,Old Cairo,Downtown,2nd,Semi,completed,7359774.96
127.2,3.0,2,0,1,1,1,Cairo,Old Cairo,Downtown,2nd,Yes,completed,4372656.05
60.1,3.0,3,0,1,1,1,Suez,North,Faisal,1st,Yes,under_construction,786651.57
91.3,4.0,3,0,1,0,1,Mansoura,Central,El Mashaya,2nd,Semi,completed,1819946.03
105.5,3.0,2,0,1,0,1,Giza,New Giza,New Giza,2nd,Yes,completed,6358622.23
129.4,2.0,1,0,1,1,1,Port Said,East,El Shark,2nd,Semi,completed,2683903.52
44.7,4.0,3,0,1,0,1,Luxor,West Bank,El Gezira,1st,Semi,under_construction,538591.36
105.6,4.0,3,0,1,1,1,Cairo,New Cairo,First Settlement,1st,Yes,off_plan,3373615.21
86.3,3.0,3,0,1,1,1,Cairo,New Cairo,Madinaty,3rd,Semi,under_construction,3363508.23
319.5,2.0,2,0,1,1,1,Suez,South,El Suez District,1st,Semi,off_plan,2909151.56
104.4,2.0,2,0,1,1,1,Aswan,Central,El Shallal,1st,Yes,under_construction,1486379.35
130.8,3.0,2,0,1,0,1,Giza,West Giza,6th of October,1st,No,completed,4053645.77
126.5,4.0,3,0,1,0,1,Suez,North,El Arbaien,2nd,Yes,completed,2296316.96
145.5,2.0,2,0,1,1,1,Giza,West Giza,6th of October,2nd,Yes,completed,5541035.38
86.2,,1,1,0,1,1,Cairo,Old Cairo,Downtown,1st,No,completed,2526572.3
161.5,2.0,2,0,1,1,0,Giza,West Giza,Dokki,1st,No,completed,5171135.01
122.8,4.0,4,0,1,1,1,Suez,South,El Suez District,1st,Yes,completed,1889310.96
359.4,2.0,1,0,0,0,1,Alexandria,West,Agami,1st,Semi,completed,6738405.08
94.7,4.0,3,0,1,1,1,Alexandria,East,Smouha,1st,No,completed,2828839.46
209.6,1.0,1,0,1,1,1,Cairo,Old Cairo,Downtown,2nd,Semi,completed,5625532.83
233.1,1.0,1,0,1,0,1,Aswan,Central,El Sad El Ali,2nd,No,completed,2989409.17
117.1,3.0,2,0,1,1,1,Cairo,Old Cairo,Zamalek,1st,No,completed,6792148.27
338.5,2.0,2,0,1,1,1,Giza,West Giza,Haram,3rd,No,completed,5843996.37
109.4,3.0,2,0,1,1,1,Giza,New Giza,New Giza,1st,No,completed,6069732.86
110.6,4.0,3,0,1,0,1,Cairo,New Cairo,First Settlement,1st,Semi,under_construction,4395480.37
153.7,4.0,3,0,1,1,1,Luxor,West Bank,El Gezira,1st,No,completed,1900963.38
127.1,4.0,3,0,1,1,1,Luxor,West Bank,El Gezira,1st,No,completed,1936304.72
115.2,2.0,2,0,1,1,0,Alexandria,East,Sidi Gaber,2nd,No,completed,3141644.56
141.2,2.0,2,0,0,0,1,Alexandria,West,Agami,2nd,No,completed,3057522.75
128.6,5.0,4,0,1,0,1,Alexandria,East,Sidi Gaber,1st,No,off_plan,2308014.12
150.1,3.0,2,0,0,0,1,Cairo,New Cairo,Fifth Settlement,2nd,No,under_construction,5395048.15
111.7,2.0,2,0,1,1,1,Port Said,West,El Zohour,2nd,Yes,completed,2610545.11
127.5,2.0,2,0,1,0,1,Suez,North,El Arbaien,1st,No,under_construction,1680196.78
67.8,3.0,2,0,1,1,1,Mansoura,Central,Toriel,1st,No,under_construction,879334.12
154.5,,1,1,1,0,1,Cairo,New Cairo,Rehab,3rd,Yes,completed,6136121.38
244.0,3.0,2,0,1,0,1,Tanta,Central,El Geish,2nd,Yes,completed,4289484.06
76.8,3.0,3,0,0,0,1,Cairo,New Cairo,Heliopolis,1st,No,completed,2593578.78
96.3,2.0,1,0,1,0,0,Port Said,East,El Manakh,1st,Yes,completed,1455052.44
80.5,3.0,2,0,0,0,1,Giza,New Giza,New Giza,2nd,Semi,completed,4988850.1
128.6,,3,1,1,1,1,Alexandria,West,Borg El Arab,1st,No,completed,2048091.94
128.9,4.0,3,0,1,0,1,Giza,New Giza,New Giza,2nd,Yes,under_construction,7453115.31
180.7,1.0,1,0,1,1,0,Ismailia,Central,El Sheikh Zayed,1st,No,under_construction,2204498.17
208.2,5.0,5,0,1,1,1,Aswan,Central,El Shallal,1st,Semi,completed,3121637.65
202.4,3.0,2,0,1,1,1,Port Said,East,El Shark,1st,Semi,completed,3997069.43
99.9,1.0,1,0,1,1,1,Luxor,East Bank,El Awameya,1st,No,completed,1151593.03
109.0,1.0,1,0,0,1,1,Cairo,New Cairo,Heliopolis,1st,Semi,completed,3311387.45
155.4,3.0,2,0,1,1,1,Cairo,Old Cairo,Zamalek,2nd,Yes,under_construction,8825107.88
133.8,5.0,5,0,0,1,1,Cairo,Old Cairo,Maadi,1st,Yes,completed,5519528.43
313.6,3.0,2,0,1,1,1,Suez,North,Faisal,1st,No,completed,4305869.82
203.5,4.0,3,0,1,0,1,Ismailia,Central,El Sheikh Zayed,1st,No,under_construction,2927539.58
123.4,3.0,3,0,1,1,1,Port Said,East,El Shark,2nd,Yes,off_plan,2008365.88
152.9,2.0,2,0,1,0,1,Cairo,New Cairo,Madinaty,3rd,No,completed,6971076.27
123.3,4.0,4,0,1,1,1,Tanta,Central,El Geish,2nd,No,completed,1775876.94
129.9,5.0,4,0,0,1,1,Mansoura,Central,El Mashaya,1st,No,under_construction,1843354.19
130.2,1.0,1,0,1,1,1,Giza,New Giza,New Giza,2nd,Yes,off_plan,5779227.46
192.6,3.0,2,0,1,1,1,Cairo,New Cairo,Madinaty,3rd,Yes,completed,9468495.45
62.2,3.0,2,0,1,1,1,Cairo,New Cairo,Nasr City,2nd,No,completed,2069384.35
160.2,4.0,3,0,1,1,1,Cairo,Old Cairo,Maadi,3rd,No,under_construction,4313651.23
106.2,3.0,2,0,0,1,1,Giza,New Giza,New Giza,2nd,No,completed,6329847.75
103.3,4.0,3,0,1,1,1,Suez,North,El Arbaien,1st,No,under_construction,1098145.04
103.6,3.0,2,0,1,1,1,Suez,South,El Suez District,1st,No,completed,1739668.85
115.1,5.0,5,0,1,1,1,Cairo,New Cairo,Nasr City,4th,No,completed,3224965.59
67.2,2.0,2,0,1,1,1,Cairo,Old Cairo,Zamalek,1st,No,completed,4649892.19
79.1,2.0,2,0,0,0,0,Luxor,East Bank,El Karnak,1st,No,under_construction,919715.29
92.7,,2,1,1,0,0,Cairo,Old Cairo,Downtown,2nd,No,completed,2958992.85
111.7,3.0,3,0,1,1,1,Mansoura,Central,Toriel,1st,Semi,completed,1840072.02
173.0,2.0,1,0,0,1,1,Giza,West Giza,Haram,3rd,No,completed,3121814.26
84.7,5.0,5,0,1,1,1,Cairo,Old Cairo,Zamalek,2nd,Yes,under_construction,4651392.76
146.6,3.0,3,0,1,1,1,Tanta,Central,El Geish,1st,No,under_construction,1569515.11
150.7,1.0,1,0,0,0,1,Alexandria,East,Sidi Bishr,2nd,No,under_construction,2864229.42
118.9,5.0,4,0,1,1,1,Suez,North,Faisal,1st,No,under_construction,1352899.68
122.9,4.0,4,0,1,1,1,Giza,West Giza,Sheikh Zayed,1st,Yes,completed,6773225.45
153.8,2.0,2,0,1,1,1,Luxor,East Bank,El Karnak,1st,No,completed,1819845.4
187.3,3.0,2,0,0,1,1,Port Said,West,El Zohour,1st,No,completed,3429136.73
83.3,2.0,1,0,1,0,1,Giza,New Giza,New Giza,2nd,No,completed,4888669.78
78.0,3.0,2,0,0,1,1,Giza,West Giza,Mohandessin,2nd,No,completed,2865657.01
126.6,2.0,1,0,1,1,1,Cairo,New Cairo,First Settlement,3rd,No,completed,4522078.89
145.8,5.0,5,0,0,1,1,Ismailia,Central,El Sheikh Zayed,2nd,Yes,completed,3190307.96
124.0,3.0,3,0,1,1,1,Cairo,Old Cairo,Zamalek,1st,No,completed,7593209.82
100.2,3.0,3,0,1,1,1,Luxor,West Bank,El Gezira,1st,No,off_plan,1084903.0
75.9,4.0,3,0,1,1,1,Giza,West Giza,Dokki,2nd,No,completed,2329798.51
92.9,2.0,1,0,1,1,1,Cairo,New Cairo,First Settlement,3rd,No,under_construction,2982029.33
80.3,3.0,3,0,1,1,1,Giza,New Giza,New Giza,2nd,No,off_plan,3787399.35
130.6,5.0,4,0,1,1,0,Cairo,New Cairo,First Settlement,2nd,No,completed,5619376.72
110.0,3.0,3,0,1,1,1,Port Said,East,El Manakh,1st,No,completed,1771515.77
138.0,,2,1,1,1,1,Alexandria,West,Borg El Arab,2nd,No,under_construction,1941202.47
176.4,2.0,1,0,1,0,1,Giza,West Giza,Haram,3rd,No,completed,3467569.81
79.2,3.0,2,0,1,1,1,Suez,North,Faisal,1st,Yes,completed,1377205.71
80.3,2.0,2,0,1,0,1,Alexandria,East,Sidi Gaber,1st,Semi,under_construction,1797144.86
200.8,1.0,1,0,1,1,1,Luxor,East Bank,El Awameya,1st,Semi,off_plan,1611345.39
102.1,3.0,2,0,1,0,1,Giza,New Giza,New Giza,2nd,No,under_construction,4806758.16
114.1,1.0,1,0,1,1,1,Ismailia,Central,El Sheikh Zayed,2nd,Yes,completed,2218315.67
117.0,3.0,2,0,1,0,1,Cairo,New Cairo,Rehab,1st,No,under_construction,4660187.41
150.9,1.0,1,0,1,0,1,Giza,West Giza,6th of October,3rd,Semi,completed,4950447.83
105.3,1.0,1,0,0,1,1,Luxor,East Bank,El Awameya,1st,No,off_plan,945814.3
61.9,2.0,2,0,1,1,1,Giza,West Giza,Sheikh Zayed,3rd,Yes,completed,3965713.9
186.1,2.0,1,0,1,1,1,Suez,North,Faisal,1st,No,off_plan,1983674.77
159.0,3.0,2,0,1,1,1,Alexandria,West,Agami,1st,Yes,completed,3606901.76
157.1,5.0,4,0,1,1,1,Giza,West Giza,Mohandessin,1st,Yes,under_construction,5420267.8
105.9,2.0,1,0,1,1,1,Luxor,West Bank,El Gezira,1st,Yes,completed,1505416.27
99.6,3.0,2,0,1,1,1,Aswan,Central,El Shallal,1st,No,completed,1284313.45
153.0,2.0,1,0,1,1,0,Cairo,Old Cairo,Maadi,1st,Semi,completed,6169148.24
130.4,3.0,2,0,0,1,1,Giza,West Giza,Haram,3rd,No,completed,3068685.9
139.1,1.0,1,0,1,0,1,Cairo,Old Cairo,Zamalek,2nd,Semi,completed,9228624.0
122.8,2.0,2,0,0,1,0,Port Said,West,El Zohour,1st,Yes,completed,2428366.89
101.4,3.0,3,0,1,1,1,Aswan,Central,El Sad El Ali,1st,Semi,completed,1473921.36
116.3,4.0,4,0,1,1,1,Luxor,East Bank,El Karnak,1st,No,completed,1643031.1
186.0,1.0,1,0,0,1,1,Giza,West Giza,Haram,1st,No,completed,2945671.46
90.9,4.0,3,0,1,1,1,Suez,North,Faisal,1st,No,under_construction,1047169.05
99.5,2.0,1,0,1,1,1,Alexandria,West,Agami,2nd,No,completed,2028373.64
96.2,1.0,1,0,1,1,1,Aswan,Central,El Sad El Ali,2nd,Yes,off_plan,1233134.45
87.0,2.0,2,0,1,1,1,Cairo,Old Cairo,Zamalek,2nd,No,under_construction,4756437.33
250.3,4.0,4,0,1,1,1,Ismailia,Central,El Sheikh Zayed,1st,Semi,under_construction,3642406.29
216.6,4.0,3,0,1,1,1,Alexandria,East,Sidi Bishr,2nd,No,completed,4938543.09
111.3,5.0,4,0,0,1,1,Giza,West Giza,Sheikh Zayed,2nd,Yes,completed,6061023.64
141.7,2.0,2,0,0,1,0,Ismailia,Central,El Afrang,1st,No,completed,2164410.23
121.8,4.0,4,0,1,1,1,Suez,South,El Suez District,1st,No,completed,1978802.73
223.3,4.0,3,0,1,0,1,Luxor,East Bank,El Awameya,1st,Yes,completed,2559281.0
61.1,1.0,1,0,1,1,1,Aswan,Central,El Shallal,1st,No,under_construction,610406.27
342.5,1.0,1,0,1,0,0,Luxor,West Bank,El Gezira,1st,No,completed,4456899.22
68.7,3.0,3,0,1,1,1,Aswan,Central,El Shallal,1st,Yes,completed,1168115.81
98.6,4.0,3,0,1,1,1,Cairo,Old Cairo,Maadi,1st,No,completed,3725977.51
93.0,3.0,2,0,0,0,1,Luxor,West Bank,El Gezira,1st,No,completed,1313258.59
60.7,4.0,4,0,1,1,1,Tanta,Central,El Geish,2nd,Semi,under_construction,875258.45
123.5,5.0,5,0,1,1,1,Cairo,New Cairo,Madinaty,4th,No,completed,6638649.88
173.1,2.0,2,0,1,1,1,Cairo,New Cairo,Fifth Settlement,1st,Yes,completed,12268530.83
101.4,3.0,2,0,1,1,1,Aswan,Central,El Shallal,1st,Yes,under_construction,1162652.51
80.8,2.0,2,0,1,0,1,Cairo,New Cairo,Nasr City,1st,No,off_plan,1679712.03
176.6,3.0,2,0,1,0,1,Port Said,West,El Zohour,1st,No,completed,3064378.16
79.0,4.0,3,0,1,1,1,Cairo,Old Cairo,Maadi,3rd,Yes,completed,3338723.2
104.5,4.0,4,0,1,1,1,Alexandria,West,Borg El Arab,2nd,No,completed,1677272.59
106.8,3.0,3,0,1,0,1,Cairo,Old Cairo,Maadi,3rd,No,completed,4222861.49
309.0,4.0,4,0,0,1,1,Luxor,East Bank,El Awameya,1st,Semi,completed,3523040.28
123.3,3.0,3,0,1,1,1,Luxor,West Bank,El Gezira,1st,No,off_plan,1198144.29
136.0,1.0,1,0,1,0,1,Giza,West Giza,6th of October,2nd,No,completed,4566536.83
110.3,2.0,2,0,1,0,1,Tanta,Central,El Geish,1st,No,completed,1672944.1
97.4,2.0,1,0,1,1,1,Port Said,West,El Zohour,1st,No,completed,1859945.84
103.7,1.0,1,0,1,1,1,Cairo,New Cairo,Rehab,1st,Semi,under_construction,3481839.55
266.5,4.0,3,0,1,0,1,Cairo,Old Cairo,Maadi,2nd,No,completed,7457341.94
105.4,2.0,1,0,1,0,1,Alexandria,East,Smouha,2nd,Yes,completed,3444314.88
107.8,4.0,4,0,1,1,1,Tanta,Central,El Geish,2nd,Semi,off_plan,1292471.44
77.9,3.0,2,0,1,1,1,Cairo,Old Cairo,Downtown,2nd,Semi,completed,2412938.26
75.7,3.0,2,0,1,1,1,Alexandria,East,Sidi Gaber,1st,No,completed,1993674.1
74.8,4.0,3,0,1,0,1,Mansoura,Central,El Mashaya,1st,No,completed,1275105.69
98.6,3.0,3,0,1,0,1,Alexandria,East,Sidi Gaber,1st,Yes,off_plan,1886450.11
130.0,3.0,2,0,0,1,1,Alexandria,East,Sidi Gaber,1st,Yes,under_construction,3288406.74
78.2,4.0,3,0,1,1,0,Luxor,West Bank,El Gezira,1st,No,completed,1211996.39
88.6,4.0,3,0,1,1,1,Giza,New Giza,New Giza,2nd,Yes,under_construction,5378213.58
109.5,1.0,1,0,1,1,1,Giza,New Giza,New Giza,2nd,Semi,completed,5490258.15
106.0,2.0,2,0,1,1,1,Giza,West Giza,Sheikh Zayed,1st,Semi,under_construction,4523676.01
170.5,2.0,1,0,1,1,1,Cairo,New Cairo,Rehab,3rd,No,under_construction,5807059.3
59.6,4.0,4,0,1,1,1,Luxor,East Bank,El Karnak,2nd,No,off_plan,571874.08
116.0,4.0,3,0,1,1,1,Cairo,Old Cairo,Maadi,3rd,No,completed,4052333.13
109.2,3.0,3,0,1,1,1,Giza,New Giza,New Giza,1st,Semi,completed,7289315.39
118.1,3.0,2,0,1,0,0,Giza,West Giza,Mohandessin,1st,Semi,completed,4587256.65
81.6,3.0,2,0,0,1,1,Cairo,New Cairo,Rehab,3rd,No,completed,3904449.07
133.7,1.0,1,0,1,1,1,Cairo,New Cairo,Heliopolis,1st,Yes,completed,3848230.74
82.5,3.0,3,0,1,1,1,Mansoura,Central,El Mashaya,1st,No,completed,1371143.05
103.4,4.0,3,0,0,1,1,Giza,West Giza,Haram,3rd,No,completed,2213138.89
184.3,,2,1,0,1,1,Cairo,New Cairo,Heliopolis,2nd,Semi,under_construction,5778762.62
132.4,5.0,4,0,1,1,1,Suez,South,El Suez District,2nd,Semi,completed,2064026.88
113.6,2.0,1,0,1,1,1,Cairo,Old Cairo,Downtown,2nd,Yes,completed,4211155.02
129.5,3.0,3,0,0,1,1,Cairo,Old Cairo,Zamalek,2nd,Semi,completed,7938091.01
103.5,3.0,3,0,1,1,1,Giza,West Giza,Mohandessin,2nd,No,completed,3751951.72
74.7,2.0,2,0,1,1,1,Cairo,New Cairo,Rehab,1st,Yes,completed,3558381.73
142.5,3.0,2,0,1,1,1,Cairo,New Cairo,Heliopolis,2nd,Yes,completed,4102937.24
123.1,2.0,1,0,1,0,1,Giza,West Giza,Haram,1st,No,under_construction,2105417.09
107.0,2.0,1,0,0,0,1,Mansoura,Central,Toriel,1st,No,completed,1749679.14
110.5,3.0,2,0,1,0,1,Suez,South,El Suez District,2nd,No,completed,1615793.0
193.2,2.0,1,0,1,0,1,Giza,New Giza,New Giza,1st,Semi,completed,10178152.17
120.6,1.0,1,0,1,1,1,Ismailia,Central,El Afrang,1st,Yes,off_plan,1455045.28
147.9,5.0,5,0,1,0,1,Alexandria,West,Agami,1st,No,completed,2874737.78
107.4,2.0,1,0,1,0,1,Aswan,Central,El Shallal,1st,Yes,under_construction,1424679.93
130.8,4.0,3,0,1,0,1,Alexandria,West,Borg El Arab,2nd,No,completed,2684135.0
119.9,3.0,2,0,1,0,1,Alexandria,West,Agami,2nd,Yes,completed,3101511.89
147.3,2.0,2,0,1,1,1,Alexandria,East,Sidi Bishr,2nd,No,completed,3600738.9
145.4,2.0,2,0,1,1,1,Alexandria,West,Borg El Arab,1st,Yes,completed,2325937.22
118.1,1.0,1,0,0,1,1,Tanta,Central,El Geish,1st,No,completed,1702419.16
94.1,4.0,3,0,1,1,1,Giza,New Giza,New Giza,1st,Semi,completed,6249795.62
115.5,2.0,1,0,1,1,1,Cairo,New Cairo,Rehab,2nd,Semi,completed,4683253.71
108.5,4.0,4,0,1,1,1,Cairo,New Cairo,Rehab,2nd,Semi,under_construction,4060449.78
55.4,3.0,2,0,1,0,1,Port Said,West,El Zohour,2nd,Yes,off_plan,928190.65
87.6,1.0,1,0,1,1,1,Cairo,New Cairo,Fifth Settlement,3rd,Yes,completed,5091166.3
144.3,3.0,2,0,1,0,1,Cairo,New Cairo,Nasr City,1st,Semi,completed,3915169.64
89.6,3.0,3,0,1,1,1,Luxor,East Bank,El Awameya,1st,No,completed,1048805.99
88.8,2.0,1,0,1,1,0,Cairo,Old Cairo,Zamalek,2nd,Semi,completed,5478093.13
173.4,3.0,2,0,1,1,1,Cairo,New Cairo,First Settlement,2nd,No,completed,6690905.13
93.9,2.0,2,0,0,0,1,Giza,New Giza,New Giza,2nd,Semi,completed,5433690.02
122.0,3.0,2,0,1,1,1,Mansoura,Central,El Mashaya,1st,Yes,under_construction,1782038.98
119.9,2.0,1,0,1,0,1,Mansoura,Central,Toriel,1st,Yes,under_construction,1773833.28
138.0,2.0,2,0,1,1,1,Cairo,New Cairo,Fifth Settlement,2nd,Semi,completed,6245938.49
168.9,2.0,1,0,0,1,1,Alexandria,West,Borg El Arab,2nd,Yes,completed,3373254.94
152.2,3.0,3,0,0,1,0,Cairo,New Cairo,Nasr City,1st,No,completed,4568439.16
91.1,4.0,3,0,1,1,1,Ismailia,Central,El Afrang,1st,No,off_plan,1007666.25
83.1,3.0,3,0,0,1,1,Giza,West Giza,Dokki,2nd,No,completed,2476979.32
91.6,2.0,1,0,1,1,1,Cairo,Old Cairo,Zamalek,2nd,No,completed,5628443.88
113.1,4.0,3,0,0,1,1,Cairo,Old Cairo,Downtown,1st,No,completed,3975308.33
155.9,4.0,3,0,1,1,1,Cairo,Old Cairo,Zamalek,2nd,No,completed,9256263.45
184.3,,1,1,1,1,1,Cairo,New Cairo,Rehab,2nd,Semi,completed,7569291.48
177.6,3.0,2,0,1,0,1,Cairo,New Cairo,Heliopolis,1st,No,completed,5897905.82
84.7,1.0,1,0,0,1,1,Tanta,Central,El Geish,1st,No,completed,1291302.4
92.8,3.0,2,0,1,0,1,Giza,West Giza,Haram,3rd,No,under_construction,1554022.63
102.8,4.0,3,0,1,0,1,Cairo,Old Cairo,Downtown,1st,No,completed,3681590.42
166.0,,4,1,1,1,1,Giza,West Giza,Sheikh Zayed,1st,Semi,completed,7474671.12
146.9,1.0,1,0,1,1,1,Cairo,Old Cairo,Downtown,2nd,No,completed,4609534.26
85.1,3.0,2,0,1,1,1,Cairo,Old Cairo,Maadi,1st,No,off_plan,2278802.28
124.5,4.0,4,0,1,1,1,Giza,New Giza,New Giza,2nd,No,completed,7796676.72
113.6,2.0,2,0,1,1,1,Cairo,Old Cairo,Maadi,1st,Semi,completed,4447333.38
85.6,4.0,4,0,1,1,1,Cairo,New Cairo,Rehab,2nd,Semi,under_construction,3353319.63
161.1,2.0,1,0,1,1,1,Giza,New Giza,New Giza,1st,No,completed,9857577.32
140.6,2.0,2,0,1,1,1,Luxor,East Bank,El Karnak,2nd,No,completed,1679961.82
221.4,4.0,3,0,1,1,1,Suez,North,Faisal,1st,No,completed,3075923.43
76.0,4.0,4,0,1,1,1,Alexandria,West,Borg El Arab,2nd,No,completed,1341574.72
145.3,4.0,3,0,1,1,1,Cairo,Old Cairo,Downtown,1st,Yes,under_construction,4902578.26
171.0,2.0,1,0,1,1,1,Alexandria,West,Agami,2nd,Semi,completed,3806804.31
152.1,1.0,1,0,1,1,1,Alexandria,East,Smouha,3rd,Semi,completed,4057782.22
152.4,1.0,1,0,1,1,1,Cairo,New Cairo,First Settlement,1st,Semi,under_construction,5931300.33
94.4,4.0,3,0,1,1,1,Cairo,New Cairo,Fifth Settlement,2nd,Yes,under_construction,4705503.61
157.7,3.0,3,0,1,0,1,Cairo,Old Cairo,Maadi,2nd,No,completed,5841179.32
98.4,3.0,2,0,1,1,1,Aswan,Central,El Shallal,1st,No,completed,1686822.23
122.7,4.0,3,0,1,1,1,Aswan,Central,El Shallal,1st,No,completed,1752867.94
62.6,2.0,2,0,1,0,1,Giza,West Giza,Dokki,2nd,No,completed,1994058.47
100.6,2.0,1,0,1,0,1,Ismailia,Central,El Afrang,1st,Yes,off_plan,1392195.73
159.3,3.0,3,0,1,0,1,Luxor,East Bank,El Awameya,1st,No,completed,2059736.61
135.0,3.0,3,0,1,1,1,Port Said,East,El Manakh,2nd,Semi,under_construction,1833656.42
131.5,1.0,1,0,1,1,1,Cairo,Old Cairo,Zamalek,2nd,No,completed,8049456.32
108.6,3.0,3,0,0,1,1,Luxor,East Bank,El Awameya,1st,Yes,under_construction,1326646.15
69.8,4.0,3,0,1,1,1,Cairo,Old Cairo,Downtown,1st,Semi,off_plan,1759246.34
96.3,5.0,4,0,1,1,1,Cairo,New Cairo,Rehab,2nd,No,completed,4439636.27
105.6,4.0,3,0,1,1,0,Giza,West Giza,Sheikh Zayed,3rd,No,under_construction,4001969.05
117.8,2.0,1,0,1,1,1,Alexandria,East,Sidi Bishr,1st,No,completed,2371644.53
91.9,4.0,4,0,1,0,1,Mansoura,Central,Toriel,1st,Semi,under_construction,1241732.33
89.6,2.0,2,0,1,0,1,Ismailia,Central,El Afrang,1st,Yes,completed,1709595.93
160.8,2.0,1,0,0,1,1,Cairo,New Cairo,Fifth Settlement,1st,No,completed,8082178.96
94.0,4.0,3,0,1,0,1,Cairo,Old Cairo,Zamalek,2nd,No,completed,5833082.62
105.7,2.0,1,0,1,1,1,Giza,West Giza,6th of October,2nd,Semi,completed,3487505.02
68.6,4.0,4,0,1,1,1,Giza,New Giza,New Giza,1st,Yes,completed,4662165.99
169.6,2.0,2,0,1,1,1,Alexandria,West,Borg El Arab,2nd,Yes,completed,3326596.82
161.8,4.0,3,0,1,1,1,Suez,North,El Arbaien,2nd,Semi,off_plan,1461596.17
87.0,4.0,3,0,1,1,1,Tanta,Central,El Geish,1st,No,under_construction,1133236.06
96.1,5.0,5,0,1,1,1,Giza,New Giza,New Giza,1st,No,completed,6835980.78
138.6,1.0,1,0,1,0,1,Giza,West Giza,Sheikh Zayed,3rd,No,off_plan,4559495.72
181.9,3.0,2,0,1,1,1,Cairo,Old Cairo,Maadi,2nd,Yes,completed,7945449.1
119.9,3.0,2,0,1,0,1,Giza,New Giza,New Giza,1st,No,completed,7434276.0
132.1,,1,1,1,0,1,Cairo,New Cairo,Nasr City,2nd,No,under_construction,2955580.76
113.2,5.0,5,0,0,1,0,Giza,New Giza,New Giza,2nd,Semi,completed,7173860.95
134.1,3.0,3,0,1,0,1,Cairo,New Cairo,First Settlement,1st,Yes,completed,6851008.51
98.9,3.0,3,0,1,1,1,Cairo,New Cairo,Fifth Settlement,2nd,No,completed,5608207.39
168.0,2.0,1,0,1,1,1,Aswan,Central,El Shallal,1st,No,off_plan,1615752.22
96.9,4.0,3,0,1,1,1,Alexandria,West,Borg El Arab,2nd,No,under_construction,1335112.22
182.4,2.0,1,0,1,1,0,Alexandria,East,Sidi Bishr,1st,No,off_plan,2894646.41
195.7,4.0,3,0,0,1,1,Giza,New Giza,New Giza,2nd,No,under_construction,9350540.67
70.7,3.0,2,0,1,1,1,Aswan,Central,El Shallal,1st,Semi,under_construction,885307.45
100.6,2.0,2,0,1,1,1,Mansoura,Central,Toriel,1st,Yes,completed,1547307.64
92.3,5.0,4,0,1,1,1,Suez,South,El Suez District,1st,Yes,completed,1488628.6
86.5,3.0,2,0,0,1,0,Alexandria,West,Agami,1st,No,under_construction,1358284.37
121.8,3.0,3,0,0,1,1,Mansoura,Central,Toriel,1st,No,under_construction,1296272.38
130.9,3.0,2,0,1,1,1,Giza,New Giza,New Giza,2nd,Semi,under_construction,6447866.78
142.5,4.0,4,0,1,1,1,Cairo,New Cairo,Nasr City,1st,No,completed,4199476.88
84.6,3.0,2,0,1,0,1,Ismailia,Central,El Afrang,1st,No,off_plan,1009082.33
127.8,2.0,2,0,1,1,1,Giza,West Giza,Sheikh Zayed,3rd,No,under_construction,5584302.11
89.8,4.0,3,0,1,1,1,Giza,West Giza,Dokki,2nd,No,under_construction,2527389.88
150.6,4.0,4,0,1,1,1,Giza,West Giza,Sheikh Zayed,1st,No,off_plan,4655045.36
127.1,3.0,3,0,1,1,1,Ismailia,Central,El Afrang,1st,No,completed,1826841.82
183.0,3.0,3,0,1,1,1,Port Said,East,El Manakh,1st,No,completed,3025654.45
123.7,2.0,2,0,0,1,1,Giza,New Giza,New Giza,2nd,Semi,completed,7055015.83
92.6,3.0,3,0,1,0,1,Giza,New Giza,New Giza,2nd,No,completed,4908927.27
300.1,3.0,3,0,1,0,1,Cairo,Old Cairo,Downtown,2nd,Semi,under_construction,6906032.1
147.7,1.0,1,0,1,0,1,Giza,West Giza,Sheikh Zayed,2nd,Semi,completed,6507132.63
148.3,3.0,2,0,1,0,1,Aswan,Central,El Shallal,1st,No,completed,2110667.45
106.3,2.0,2,0,1,1,1,Cairo,New Cairo,Madinaty,4th,Yes,completed,5388398.72
143.0,5.0,4,0,1,1,1,Giza,New Giza,New Giza,2nd,Yes,completed,10063150.36
141.9,4.0,3,0,1,1,1,Cairo,Old Cairo,Zamalek,2nd,No,off_plan,6887322.02
125.6,3.0,2,0,1,1,1,Alexandria,West,Borg El Arab,2nd,No,completed,2495250.51
134.4,2.0,2,0,1,1,1,Port Said,East,El Manakh,1st,Semi,completed,2194899.5
152.3,,4,1,1,1,1,Giza,West Giza,Haram,2nd,No,completed,3005964.66
102.2,3.0,3,0,1,0,1,Cairo,Old Cairo,Maadi,1st,No,under_construction,3406756.62
82.6,3.0,2,0,1,1,1,Giza,West Giza,Mohandessin,2nd,No,completed,3097940.79
69.7,2.0,1,0,1,0,1,Giza,West Giza,6th of October,3rd,Yes,completed,2755446.19
108.6,3.0,2,0,1,1,1,Alexandria,East,Sidi Bishr,2nd,No,completed,2532565.59
90.3,3.0,3,0,1,0,1,Giza,West Giza,Haram,1st,Yes,off_plan,1446822.02
159.6,2.0,1,0,1,1,1,Ismailia,Central,El Afrang,1st,Semi,under_construction,2086490.31
45.5,2.0,1,0,1,1,1,Cairo,New Cairo,Fifth Settlement,2nd,Yes,under_construction,2251217.43
153.2,3.0,2,0,1,0,1,Mansoura,Central,El Mashaya,2nd,Yes,completed,2912085.13
127.9,2.0,1,0,1,1,1,Giza,West Giza,Haram,2nd,No,completed,2719191.66
83.9,2.0,1,0,1,0,1,Mansoura,Central,El Mashaya,2nd,Yes,off_plan,1133829.6
182.7,3.0,2,0,1,0,1,Alexandria,West,Agami,1st,Yes,under_construction,3369564.29
65.4,2.0,1,0,1,1,1,Cairo,Old Cairo,Zamalek,1st,No,completed,4049780.04
55.2,1.0,1,0,1,1,1,Giza,West Giza,Sheikh Zayed,2nd,No,off_plan,2031256.8
224.0,3.0,3,0,1,0,1,Cairo,Old Cairo,Zamalek,1st,No,completed,11540223.82
189.7,2.0,2,0,1,1,1,Cairo,Old Cairo,Maadi,3rd,Yes,completed,6470424.4
90.5,3.0,2,0,1,1,1,Mansoura,Central,Toriel,1st,Yes,completed,1463352.68
287.8,2.0,1,0,1,1,1,Alexandria,West,Borg El Arab,2nd,No,completed,4557033.72
79.0,4.0,3,0,1,1,1,Giza,New Giza,New Giza,1st,Semi,completed,4694738.71
81.6,3.0,3,0,1,0,1,Mansoura,Central,El Mashaya,1st,Yes,off_plan,1055861.75
183.6,3.0,3,0,1,1,1,Cairo,New Cairo,Madinaty,4th,Semi,off_plan,6176406.5
148.0,2.0,1,0,1,1,1,Cairo,Old Cairo,Maadi,2nd,No,off_plan,3904737.24
108.5,,2,1,1,1,1,Tanta,Central,El Geish,1st,Yes,under_construction,1724680.34
181.8,4.0,3,0,0,1,1,Ismailia,Central,El Afrang,1st,Semi,completed,2893679.0
139.0,5.0,5,0,1,0,1,Cairo,New Cairo,Fifth Settlement,3rd,Semi,completed,8239271.36
124.5,1.0,1,0,1,1,1,Cairo,Old Cairo,Maadi,1st,No,completed,4498884.34
119.6,1.0,1,0,1,0,1,Cairo,New Cairo,First Settlement,3rd,No,completed,4579325.9
62.2,3.0,2,0,1,0,1,Cairo,New Cairo,First Settlement,2nd,No,under_construction,2073386.51
170.1,1.0,1,0,1,1,1,Alexandria,West,Borg El Arab,1st,Yes,completed,3275500.86
198.5,1.0,1,0,1,1,1,Alexandria,West,Agami,2nd,Yes,completed,4163830.84
209.4,2.0,1,0,1,1,1,Giza,New Giza,New Giza,2nd,No,under_construction,9385158.37
147.1,5.0,5,0,1,1,1,Aswan,Central,El Shallal,1st,No,completed,2243968.68
46.2,4.0,3,0,1,0,1,Alexandria,West,Borg El Arab,1st,Yes,under_construction,868986.24
109.4,4.0,3,0,1,0,1,Cairo,New Cairo,Rehab,3rd,Semi,completed,5142914.53
79.7,2.0,1,0,0,1,1,Luxor,West Bank,El Gezira,1st,Semi,under_construction,959901.83
150.8,2.0,1,0,1,0,1,Cairo,Old Cairo,Zamalek,2nd,Yes,completed,10736457.05
91.3,4.0,3,0,1,1,1,Aswan,Central,El Shallal,1st,No,completed,1193914.99
97.7,3.0,2,0,1,1,1,Ismailia,Central,El Afrang,1st,No,completed,1357479.64
70.8,2.0,1,0,1,1,1,Mansoura,Central,El Mashaya,2nd,No,under_construction,935086.65
157.0,2.0,1,0,1,0,1,Mansoura,Central,Toriel,1st,Yes,completed,2419526.82
85.3,,2,1,1,1,1,Luxor,East Bank,El Awameya,1st,Semi,completed,1009323.22
120.9,3.0,3,0,1,1,1,Giza,West Giza,Haram,2nd,Semi,completed,2408574.22
103.0,3.0,2,0,1,1,1,Mansoura,Central,El Mashaya,1st,No,completed,1818661.08
127.3,2.0,2,0,1,1,1,Mansoura,Central,El Mashaya,1st,Semi,off_plan,1646318.12
104.6,4.0,3,0,1,1,1,Alexandria,East,Sidi Bishr,1st,No,completed,2480085.4
159.9,3.0,3,0,1,0,1,Ismailia,Central,El Sheikh Zayed,1st,No,completed,2917194.39
112.4,5.0,5,0,1,1,1,Cairo,Old Cairo,Maadi,1st,No,completed,4464991.71
101.7,3.0,3,0,1,1,1,Cairo,Old Cairo,Downtown,1st,Yes,under_construction,3248495.04
106.9,2.0,1,0,1,1,1,Luxor,West Bank,El Gezira,1st,Semi,off_plan,1135436.72
72.8,1.0,1,0,1,1,1,Giza,West Giza,6th of October,1st,No,completed,2399960.78
123.2,3.0,3,0,0,1,1,Cairo,New Cairo,Rehab,1st,No,off_plan,3335581.74
132.9,2.0,2,0,1,1,1,Suez,North,El Arbaien,1st,No,under_construction,1712189.26
106.0,4.0,4,0,0,1,1,Port Said,West,El Zohour,2nd,No,completed,2405530.99
117.0,2.0,2,0,0,1,1,Luxor,West Bank,El Gezira,1st,Semi,under_construction,1286823.42
89.6,2.0,1,0,1,1,0,Giza,New Giza,New Giza,1st,Semi,completed,5881675.98
158.8,2.0,1,0,1,0,1,Giza,West Giza,Mohandessin,1st,No,under_construction,4799202.35
102.8,4.0,4,0,1,1,1,Cairo,Old Cairo,Zamalek,1st,No,completed,7196109.2
107.1,3.0,3,0,1,1,1,Cairo,New Cairo,Nasr City,2nd,No,under_construction,2249824.48
126.1,4.0,3,0,1,1,0,Suez,North,Faisal,1st,Semi,completed,1899708.92
110.1,4.0,4,0,0,1,1,Mansoura,Central,Toriel,1st,Yes,completed,1868766.48
107.0,1.0,1,0,1,1,1,Giza,New Giza,New Giza,1st,No,completed,6254218.81
109.1,4.0,3,0,1,1,1,Ismailia,Central,El Afrang,1st,No,off_plan,1279205.78
171.4,3.0,3,0,1,0,1,Giza,West Giza,Haram,3rd,Semi,under_construction,3018566.33
116.1,2.0,1,0,1,1,1,Cairo,New Cairo,Rehab,2nd,Semi,under_construction,4089858.24
78.1,1.0,1,0,1,1,1,Ismailia,Central,El Sheikh Zayed,2nd,No,under_construction,991022.15
207.7,2.0,1,0,1,0,1,Tanta,Central,El Geish,2nd,No,off_plan,2445902.13
122.1,3.0,2,0,1,1,1,Giza,New Giza,New Giza,2nd,Yes,under_construction,6921037.29
162.7,3.0,2,0,1,0,1,Alexandria,East,Smouha,2nd,Semi,under_construction,3983344.85
174.5,2.0,1,0,1,1,1,Cairo,Old Cairo,Downtown,2nd,No,under_construction,3883739.9
172.2,2.0,2,0,1,1,1,Cairo,New Cairo,Fifth Settlement,2nd,No,completed,9054118.32
168.8,2.0,2,0,1,1,1,Suez,South,El Suez District,2nd,No,completed,2441948.17
188.7,,2,1,1,1,0,Giza,New Giza,New Giza,1st,No,off_plan,7558649.92
90.3,3.0,3,0,1,1,1,Cairo,Old Cairo,Downtown,2nd,Yes,under_construction,2356402.91
105.7,,1,1,1,0,1,Cairo,New Cairo,Rehab,2nd,Semi,under_construction,3934048.15
118.7,3.0,2,0,1,0,1,Suez,South,El Suez District,2nd,No,completed,1757160.5
194.0,2.0,1,0,1,1,1,Giza,West Giza,Sheikh Zayed,2nd,Semi,completed,9152186.29
73.1,2.0,2,0,0,1,1,Aswan,Central,El Sad El Ali,1st,No,completed,946266.84
124.5,2.0,1,0,0,1,1,Cairo,New Cairo,First Settlement,2nd,No,under_construction,4054737.02
120.9,2.0,2,0,0,1,1,Giza,New Giza,New Giza,1st,No,off_plan,4643073.54
91.6,2.0,1,0,1,1,1,Ismailia,Central,El Sheikh Zayed,2nd,No,completed,1797295.78
61.9,2.0,1,0,1,1,1,Giza,New Giza,New Giza,2nd,Yes,under_construction,3673388.93
205.1,3.0,3,0,0,0,1,Giza,New Giza,New Giza,1st,No,completed,12712895.42
136.8,1.0,1,0,0,1,1,Cairo,Old Cairo,Downtown,2nd,No,off_plan,3295430.14
96.0,3.0,3,0,1,1,1,Luxor,West Bank,El Gezira,1st,No,completed,1389849.61
110.7,1.0,1,0,0,0,1,Cairo,New Cairo,Fifth Settlement,2nd,Yes,completed,6303432.05
68.0,,2,1,1,0,1,Cairo,Old Cairo,Zamalek,2nd,Semi,completed,5257707.9
80.3,2.0,2,0,1,1,1,Giza,New Giza,New Giza,1st,Semi,completed,4643184.96
224.1,4.0,4,0,1,1,1,Cairo,New Cairo,Heliopolis,1st,No,completed,6445440.37
86.5,,5,1,1,0,1,Luxor,East Bank,El Karnak,1st,No,under_construction,832697.69
102.7,1.0,1,0,1,1,1,Cairo,New Cairo,Nasr City,1st,No,completed,3048185.42
114.1,3.0,2,0,1,0,1,Aswan,Central,El Sad El Ali,1st,No,completed,1810806.86
113.9,3.0,2,0,1,0,1,Mansoura,Central,El Mashaya,1st,No,under_construction,1891718.67
95.8,,1,1,1,0,0,Giza,New Giza,New Giza,2nd,No,completed,5437312.99
67.4,3.0,3,0,1,1,1,Giza,New Giza,New Giza,2nd,Yes,completed,4798138.49
88.2,3.0,2,0,1,1,1,Tanta,Central,El Geish,2nd,No,completed,1462184.9
151.9,4.0,4,0,0,1,1,Port Said,East,El Manakh,2nd,Semi,completed,2293383.7
151.1,1.0,1,0,1,1,1,Giza,New Giza,New Giza,2nd,Yes,under_construction,8670045.26
165.2,2.0,2,0,1,1,1,Cairo,Old Cairo,Downtown,1st,No,completed,4835862.98
142.6,5.0,4,0,1,1,1,Cairo,New Cairo,Fifth Settlement,3rd,Semi,under_construction,7014756.84
85.9,2.0,1,0,1,1,1,Giza,West Giza,Mohandessin,2nd,No,under_construction,2872173.82
87.9,2.0,1,0,1,1,1,Tanta,Central,El Geish,1st,No,off_plan,1087032.57
106.3,5.0,5,0,1,1,1,Cairo,New Cairo,Nasr City,3rd,Yes,completed,3767949.85
138.9,5.0,5,0,1,1,1,Giza,New Giza,New Giza,2nd,Semi,completed,8565476.98
178.9,5.0,4,0,1,1,1,Cairo,Old Cairo,Maadi,3rd,No,completed,6897410.88
169.6,4.0,4,0,1,1,1,Giza,West Giza,Mohandessin,1st,No,completed,5594124.34
104.4,2.0,2,0,1,0,1,Port Said,East,El Manakh,1st,No,under_construction,1326995.14
97.3,,2,1,1,1,0,Cairo,Old Cairo,Maadi,2nd,No,completed,3472715.2
117.1,4.0,4,0,1,1,1,Cairo,Old Cairo,Downtown,1st,Yes,under_construction,3684145.94
69.5,3.0,2,0,0,1,1,Cairo,Old Cairo,Downtown,1st,No,under_construction,1849588.56
85.4,2.0,1,0,1,1,1,Luxor,West Bank,El Gezira,1st,No,under_construction,1113705.0
129.3,4.0,4,0,1,0,1,Cairo,Old Cairo,Maadi,3rd,No,completed,5038290.48
147.6,2.0,1,0,1,1,1,Suez,North,El Arbaien,1st,No,completed,2288824.4
91.0,3.0,2,0,1,0,1,Cairo,New Cairo,Madinaty,2nd,Yes,completed,4803473.8
158.7,1.0,1,0,1,0,1,Port Said,West,El Zohour,1st,No,completed,2935290.46
95.4,3.0,2,0,1,0,1,Giza,West Giza,Dokki,2nd,No,completed,2636796.74
109.3,2.0,1,0,1,1,1,Aswan,Central,El Shallal,1st,No,under_construction,1114332.83
131.1,3.0,2,0,1,1,1,Suez,North,El Arbaien,1st,Semi,completed,2614259.46
121.6,2.0,1,0,0,0,1,Cairo,Old Cairo,Zamalek,2nd,Semi,under_construction,6746622.52
140.4,4.0,3,0,1,1,1,Tanta,Central,El Geish,2nd,Yes,under_construction,2495320.05
58.3,1.0,1,0,1,1,1,Giza,West Giza,Dokki,1st,No,off_plan,1263299.9
148.4,4.0,4,0,1,0,1,Aswan,Central,El Shallal,1st,Yes,under_construction,2248887.11
122.7,4.0,3,0,1,1,1,Cairo,New Cairo,First Settlement,3rd,No,completed,5124139.64
202.0,1.0,1,0,1,1,1,Suez,South,El Suez District,1st,Yes,completed,3000199.18
84.8,3.0,2,0,0,1,1,Cairo,New Cairo,Rehab,3rd,No,completed,3315338.91
103.2,1.0,1,0,1,0,1,Cairo,Old Cairo,Maadi,2nd,Semi,completed,3754743.3
82.0,2.0,1,0,1,1,1,Alexandria,East,Sidi Gaber,2nd,Semi,completed,1961468.52
107.6,3.0,3,0,0,0,1,Suez,North,Faisal,1st,No,off_plan,1205107.24
221.1,3.0,3,0,1,1,1,Cairo,New Cairo,Rehab,2nd,Yes,completed,10877373.08
170.9,5.0,4,0,1,1,1,Giza,New Giza,New Giza,1st,No,completed,9791538.31
149.6,3.0,3,0,1,1,1,Luxor,East Bank,El Awameya,1st,No,completed,1729121.32
136.4,3.0,2,0,1,1,1,Giza,West Giza,Mohandessin,1st,Semi,off_plan,3494673.99
131.7,4.0,4,0,1,1,1,Ismailia,Central,El Afrang,1st,No,completed,2316826.2
164.5,5.0,4,0,1,1,1,Giza,New Giza,New Giza,2nd,Semi,completed,9161095.89
74.3,3.0,3,0,1,1,1,Cairo,New Cairo,First Settlement,3rd,No,under_construction,2745895.63
129.4,4.0,4,0,1,1,1,Cairo,Old Cairo,Downtown,2nd,No,completed,3957267.81
69.7,5.0,4,0,1,1,1,Giza,West Giza,6th of October,2nd,Yes,completed,2734621.67
187.0,1.0,1,0,1,0,1,Cairo,Old Cairo,Zamalek,2nd,No,completed,11445560.31
90.6,4.0,3,0,1,1,1,Giza,West Giza,6th of October,2nd,No,completed,2914733.3
140.0,3.0,2,0,1,0,1,Alexandria,East,Smouha,3rd,No,completed,3775455.85
104.3,3.0,2,0,1,1,1,Giza,New Giza,New Giza,2nd,No,completed,6087923.4
209.5,,3,1,1,0,1,Mansoura,Central,Toriel,1st,Yes,under_construction,2833161.05
105.5,5.0,5,0,1,0,1,Aswan,Central,El Sad El Ali,2nd,No,completed,1779304.28
169.6,2.0,1,0,1,1,0,Alexandria,West,Agami,1st,Semi,completed,3491947.22
128.8,4.0,4,0,1,1,1,Giza,West Giza,Haram,1st,No,completed,2440183.7
168.5,3.0,3,0,1,1,1,Suez,North,El Arbaien,1st,No,completed,2772465.02
97.4,3.0,2,0,1,0,1,Ismailia,Central,El Afrang,1st,No,under_construction,1363512.89
61.0,3.0,3,0,1,1,1,Mansoura,Central,El Mashaya,1st,Yes,completed,1193319.31
200.5,3.0,2,0,1,1,1,Giza,New Giza,New Giza,2nd,No,completed,12239261.22
66.9,3.0,2,0,1,0,1,Cairo,Old Cairo,Downtown,2nd,Semi,completed,2373611.2
133.8,3.0,2,0,0,0,1,Luxor,East Bank,El Karnak,2nd,Semi,completed,1689797.47
83.5,2.0,1,0,1,1,1,Alexandria,West,Agami,2nd,No,completed,1629827.38
136.9,2.0,1,0,1,1,1,Tanta,Central,Saeed,1st,Semi,completed,1867179.75
152.2,4.0,4,0,1,1,1,Tanta,Central,Saeed,1st,No,completed,1971683.84
209.9,4.0,3,0,0,1,1,Cairo,Old Cairo,Downtown,2nd,Semi,completed,6540326.45
171.4,3.0,2,0,1,1,1,Cairo,Old Cairo,Downtown,2nd,Semi,completed,5489694.33
162.1,3.0,3,0,1,1,1,Ismailia,Central,El Afrang,1st,No,completed,2419680.57
109.0,2.0,1,0,1,0,1,Port Said,East,El Shark,2nd,No,completed,1834973.58
87.9,2.0,1,0,1,0,1,Giza,West Giza,Dokki,2nd,Yes,completed,2795618.3
121.9,3.0,3,0,1,1,1,Cairo,New Cairo,Nasr City,1st,No,completed,3399331.92
70.3,3.0,2,0,1,1,1,Aswan,Central,El Shallal,1st,No,completed,986080.17
104.1,1.0,1,0,1,1,1,Cairo,Old Cairo,Maadi,3rd,Yes,under_construction,3099254.48
88.0,3.0,2,0,1,1,1,Cairo,Old Cairo,Zamalek,1st,Semi,completed,6371231.69
98.9,3.0,3,0,1,0,1,Alexandria,East,Sidi Gaber,2nd,No,completed,2091695.27
179.2,3.0,2,0,1,1,1,Cairo,New Cairo,First Settlement,3rd,Semi,completed,7981969.26
95.2,3.0,3,0,1,1,1,Port Said,East,El Shark,1st,Yes,under_construction,1869224.81
155.2,,2,1,0,1,1,Giza,New Giza,New Giza,1st,Yes,under_construction,7051567.38
152.4,,1,1,1,1,1,Cairo,New Cairo,First Settlement,2nd,No,completed,6209567.37
151.3,3.0,3,0,1,1,1,Giza,New Giza,New Giza,2nd,Semi,completed,9123788.07
123.0,2.0,1,0,1,0,1,Cairo,New Cairo,Nasr City,3rd,No,completed,3263455.9
103.0,4.0,4,0,1,1,1,Giza,West Giza,6th of October,2nd,No,under_construction,2931175.67
165.3,3.0,3,0,1,0,1,Cairo,Old Cairo,Downtown,1st,No,under_construction,4410490.41
152.2,3.0,3,0,1,0,1,Cairo,New Cairo,Fifth Settlement,2nd,No,completed,8587720.16
147.0,4.0,3,0,1,1,1,Cairo,New Cairo,Heliopolis,1st,No,completed,5056930.67
99.4,3.0,2,0,1,1,1,Cairo,New Cairo,Rehab,3rd,No,off_plan,3313814.32
132.4,3.0,3,0,1,1,1,Alexandria,East,Sidi Gaber,1st,No,completed,3460290.16
88.9,3.0,3,0,1,1,1,Tanta,Central,Saeed,1st,Yes,completed,1260380.02
102.8,1.0,1,0,1,1,1,Giza,New Giza,New Giza,1st,No,completed,6020207.12
146.2,2.0,1,0,0,0,1,Suez,South,El Suez District,1st,Semi,completed,2073754.83
123.2,1.0,1,0,0,1,1,Giza,New Giza,New Giza,1st,Semi,under_construction,6267207.47
149.3,2.0,2,0,0,0,1,Aswan,Central,El Shallal,1st,Semi,completed,2171106.26
172.5,3.0,2,0,0,1,1,Ismailia,Central,El Afrang,1st,No,under_construction,2178845.02
99.0,2.0,2,0,1,1,1,Cairo,Old Cairo,Maadi,2nd,Yes,completed,3766664.45
236.9,5.0,4,0,1,0,1,Mansoura,Central,El Mashaya,2nd,No,completed,3781504.62
125.8,2.0,2,0,1,1,0,Luxor,East Bank,El Awameya,1st,No,under_construction,1133113.29
180.6,4.0,3,0,1,0,1,Giza,New Giza,New Giza,1st,Semi,completed,12552735.92
92.6,3.0,2,0,0,1,1,Suez,South,El Suez District,1st,Yes,completed,1491396.31
115.1,3.0,3,0,1,1,1,Cairo,Old Cairo,Zamalek,1st,Yes,under_construction,6489730.81
96.3,3.0,2,0,1,0,1,Luxor,East Bank,El Karnak,1st,Yes,under_construction,1108035.54
54.9,2.0,1,0,1,1,1,Tanta,Central,El Geish,1st,Semi,under_construction,766641.29
92.7,2.0,1,0,1,1,1,Cairo,New Cairo,Heliopolis,2nd,No,under_construction,2601063.78
118.5,3.0,3,0,1,1,1,Cairo,New Cairo,Heliopolis,2nd,No,completed,3825897.55
199.7,3.0,2,0,1,1,1,Suez,North,Faisal,1st,No,completed,3139824.79
118.8,3.0,2,0,0,0,1,Aswan,Central,El Shallal,1st,Semi,off_plan,1255744.34
111.7,5.0,5,0,1,1,1,Cairo,Old Cairo,Zamalek,2nd,No,completed,7133930.45
112.9,4.0,3,0,1,1,1,Cairo,New Cairo,Rehab,2nd,Yes,off_plan,4219885.15
159.8,2.0,2,0,1,1,1,Mansoura,Central,Toriel,1st,Yes,completed,2779221.3
83.9,3.0,3,0,1,0,1,Giza,New Giza,New Giza,2nd,No,completed,5073891.57
175.8,3.0,3,0,1,1,1,Alexandria,West,Borg El Arab,2nd,No,completed,3227918.91
110.6,1.0,1,0,1,1,0,Cairo,Old Cairo,Maadi,3rd,No,under_construction,3092714.61
114.2,2.0,2,0,1,1,1,Cairo,New Cairo,Fifth Settlement,2nd,No,completed,5965511.84
129.0,2.0,1,0,1,1,1,Ismailia,Central,El Sheikh Zayed,1st,Semi,completed,2153959.74
129.5,4.0,4,0,1,1,1,Cairo,Old Cairo,Downtown,2nd,No,completed,4109364.47
61.7,3.0,3,0,1,1,1,Cairo,Old Cairo,Maadi,2nd,No,completed,2374634.05
145.9,2.0,2,0,1,1,1,Alexandria,East,Smouha,1st,Yes,under_construction,3652965.4
111.6,3.0,2,0,1,1,1,Mansoura,Central,Toriel,1st,No,completed,1837399.71
131.1,2.0,2,0,0,0,1,Tanta,Central,Saeed,1st,No,completed,1968935.34
140.8,2.0,1,0,0,1,1,Cairo,Old Cairo,Zamalek,1st,Semi,completed,9990628.07
104.2,1.0,1,0,0,1,1,Cairo,Old Cairo,Zamalek,1st,No,under_construction,5582840.89
68.6,2.0,1,0,1,1,1,Cairo,Old Cairo,Maadi,2nd,No,completed,2130357.94
130.1,,3,1,1,1,1,Ismailia,Central,El Sheikh Zayed,2nd,Semi,under_construction,1726326.11
110.0,5.0,4,0,1,0,1,Giza,West Giza,Sheikh Zayed,3rd,No,completed,5962408.47
81.9,3.0,3,0,1,1,1,Tanta,Central,El Geish,1st,No,under_construction,1030763.78
129.5,2.0,1,0,1,1,1,Alexandria,West,Agami,1st,No,under_construction,1863485.51
181.5,3.0,2,0,1,1,1,Luxor,West Bank,El Gezira,1st,Yes,completed,2819297.0
63.6,3.0,3,0,1,1,1,Tanta,Central,El Geish,2nd,No,completed,1078793.85
72.5,,1,1,1,0,1,Cairo,Old Cairo,Maadi,3rd,Yes,under_construction,2613175.1
87.4,2.0,2,0,1,1,1,Cairo,Old Cairo,Maadi,2nd,No,off_plan,2424949.0
152.7,1.0,1,0,1,1,1,Ismailia,Central,El Afrang,1st,Yes,under_construction,1959132.01
130.4,2.0,2,0,1,1,1,Luxor,West Bank,El Gezira,1st,Yes,completed,2027481.24
128.8,3.0,3,0,0,1,1,Luxor,East Bank,El Awameya,1st,Yes,completed,1699466.42
135.0,2.0,2,0,1,0,1,Aswan,Central,El Sad El Ali,1st,Yes,completed,2143427.49
196.8,4.0,4,0,1,0,1,Ismailia,Central,El Afrang,1st,No,under_construction,2850850.41
117.6,3.0,2,0,0,1,1,Cairo,New Cairo,Madinaty,4th,No,under_construction,4375457.94
123.5,3.0,2,0,1,1,1,Luxor,West Bank,El Gezira,1st,No,off_plan,1349327.64
81.0,,4,1,0,1,1,Cairo,Old Cairo,Maadi,2nd,Semi,under_construction,2246625.14
116.2,3.0,3,0,1,1,1,Cairo,Old Cairo,Downtown,1st,No,under_construction,2779273.34
120.1,3.0,3,0,1,1,1,Ismailia,Central,El Sheikh Zayed,2nd,Yes,completed,2100686.56
172.7,1.0,1,0,0,0,1,Alexandria,East,Sidi Bishr,2nd,No,completed,4261422.85
209.5,3.0,2,0,1,0,1,Alexandria,West,Borg El Arab,1st,No,completed,3791155.07
154.1,3.0,2,0,0,1,1,Alexandria,West,Borg El Arab,2nd,No,completed,2313495.74
115.1,2.0,1,0,1,1,0,Cairo,Old Cairo,Maadi,2nd,Yes,completed,5012645.11
237.5,1.0,1,0,1,1,1,Alexandria,West,Borg El Arab,1st,No,completed,3741812.88
86.1,3.0,2,0,1,0,1,Ismailia,Central,El Sheikh Zayed,2nd,No,under_construction,1515930.46
70.1,5.0,4,0,1,1,1,Alexandria,West,Agami,2nd,Yes,under_construction,1457275.9
118.5,3.0,3,0,0,0,1,Alexandria,East,Smouha,3rd,Semi,off_plan,2349865.46
69.6,2.0,2,0,1,1,1,Cairo,Old Cairo,Zamalek,1st,Yes,completed,5044097.41
110.1,5.0,4,0,1,1,1,Alexandria,East,Sidi Gaber,1st,Yes,completed,3074111.28
194.2,4.0,3,0,0,1,1,Cairo,New Cairo,Fifth Settlement,2nd,No,completed,10052523.51
170.5,2.0,2,0,1,1,1,Tanta,Central,El Geish,1st,No,completed,2684430.73
86.5,2.0,1,0,1,1,1,Cairo,Old Cairo,Maadi,2nd,No,under_construction,2453217.68
162.9,,3,1,1,1,1,Port Said,West,El Zohour,1st,Semi,completed,3306850.72
142.5,3.0,2,0,1,1,0,Cairo,New Cairo,Heliopolis,2nd,No,under_construction,3991125.6
209.2,2.0,1,0,1,1,1,Ismailia,Central,El Afrang,1st,Yes,completed,2866807.22
139.6,4.0,3,0,1,1,1,Aswan,Central,El Sad El Ali,1st,Yes,completed,2371406.93
80.8,2.0,1,0,0,1,1,Cairo,Old Cairo,Zamalek,2nd,Yes,completed,5708234.61
134.9,4.0,4,0,0,1,1,Alexandria,East,Sidi Bishr,1st,No,completed,3230306.83
111.7,1.0,1,0,1,1,1,Alexandria,East,Sidi Gaber,2nd,No,off_plan,2189553.96
115.5,1.0,1,0,1,0,1,Cairo,New Cairo,Fifth Settlement,2nd,No,under_construction,4359187.99
107.3,4.0,3,0,0,1,1,Cairo,New Cairo,Fifth Settlement,2nd,No,completed,5509153.26
124.2,4.0,4,0,1,1,1,Cairo,Old Cairo,Downtown,2nd,Semi,completed,3911017.75
65.8,4.0,4,0,1,0,1,Mansoura,Central,Toriel,1st,No,completed,1130842.24
102.4,2.0,2,0,1,0,0,Ismailia,Central,El Sheikh Zayed,1st,Yes,completed,1899164.78
103.5,3.0,2,0,0,1,1,Port Said,West,El Zohour,1st,No,completed,2098227.42
73.3,3.0,2,0,1,1,1,Port Said,West,El Zohour,1st,No,completed,1488743.47
233.3,3.0,2,0,1,1,1,Cairo,Old Cairo,Downtown,2nd,No,completed,7547234.26
73.5,2.0,1,0,1,1,1,Cairo,New Cairo,Rehab,1st,No,completed,3312742.33
126.7,3.0,3,0,0,1,1,Aswan,Central,El Sad El Ali,1st,No,completed,1945064.7
140.7,,1,1,1,0,1,Alexandria,East,Sidi Gaber,1st,Yes,completed,3494184.99
174.7,2.0,2,0,1,0,1,Cairo,Old Cairo,Zamalek,2nd,No,completed,10951789.97
209.6,3.0,3,0,1,0,1,Luxor,West Bank,El Gezira,1st,No,under_construction,2137910.44
214.5,4.0,3,0,1,1,1,Aswan,Central,El Sad El Ali,1st,No,completed,3143885.89
99.1,2.0,2,0,1,0,1,Luxor,West Bank,El Gezira,1st,No,completed,1481966.23
149.2,2.0,1,0,1,0,1,Cairo,Old Cairo,Zamalek,1st,No,under_construction,7674610.0
178.7,2.0,2,0,1,1,1,Luxor,West Bank,El Gezira,1st,Yes,completed,2535752.79
65.4,2.0,2,0,1,1,1,Giza,West Giza,Mohandessin,2nd,Semi,completed,2419079.35
110.1,2.0,1,0,1,0,1,Giza,West Giza,Mohandessin,2nd,No,completed,3279060.32
96.1,4.0,3,0,1,1,1,Giza,New Giza,New Giza,2nd,Yes,completed,6097178.73
140.3,4.0,3,0,0,1,1,Aswan,Central,El Shallal,1st,No,under_construction,1504856.77
107.1,3.0,2,0,1,0,1,Cairo,New Cairo,Rehab,1st,Semi,completed,4973488.1
162.2,1.0,1,0,1,1,1,Tanta,Central,El Geish,1st,No,under_construction,1776263.99
121.0,3.0,2,0,1,1,1,Giza,West Giza,Mohandessin,1st,No,completed,3854604.9
144.6,3.0,2,0,1,0,1,Cairo,Old Cairo,Maadi,2nd,Semi,completed,5710330.95
82.0,3.0,2,0,1,0,1,Ismailia,Central,El Afrang,1st,No,completed,1266891.13
179.5,3.0,3,0,1,0,1,Ismailia,Central,El Sheikh Zayed,1st,No,completed,3334996.16
73.1,5.0,4,0,1,1,1,Cairo,New Cairo,Heliopolis,1st,Yes,completed,2933674.57
150.0,2.0,2,0,1,1,1,Giza,West Giza,6th of October,1st,No,under_construction,3924158.14
136.6,,1,1,1,1,1,Alexandria,East,Sidi Bishr,1st,No,under_construction,2539658.57
91.7,5.0,5,0,1,1,0,Alexandria,East,Sidi Bishr,2nd,No,under_construction,1742019.89
81.3,1.0,1,0,1,1,1,Tanta,Central,El Geish,1st,No,under_construction,1027720.8
171.4,4.0,3,0,1,1,1,Giza,New Giza,New Giza,1st,No,under_construction,8230299.63
184.1,5.0,5,0,1,1,1,Cairo,Old Cairo,Downtown,2nd,Semi,completed,6028859.05
109.4,2.0,1,0,1,1,1,Alexandria,West,Agami,2nd,Semi,completed,2239923.6
111.4,2.0,2,0,1,1,1,Cairo,New Cairo,First Settlement,2nd,No,completed,4058771.21
106.1,1.0,1,0,1,1,1,Aswan,Central,El Shallal,1st,No,off_plan,1053308.53
138.8,4.0,3,0,1,1,1,Port Said,East,El Shark,2nd,Semi,under_construction,2349468.38
91.9,4.0,3,0,1,1,1,Luxor,East Bank,El Awameya,1st,No,completed,1062588.9
130.2,2.0,1,0,1,1,1,Cairo,New Cairo,Rehab,1st,Semi,completed,5808679.03
225.7,4.0,3,0,1,1,0,Cairo,New Cairo,Rehab,2nd,No,completed,8182179.76
118.9,,3,1,1,1,1,Cairo,New Cairo,First Settlement,2nd,No,completed,4128866.01
112.2,3.0,2,0,1,1,1,Giza,West Giza,Dokki,2nd,No,completed,3582358.3
111.7,3.0,2,0,1,1,1,Giza,West Giza,Dokki,2nd,Semi,completed,3430346.48
94.0,1.0,1,0,1,1,1,Cairo,New Cairo,Heliopolis,2nd,No,off_plan,2499872.85
172.4,3.0,3,0,0,1,1,Aswan,Central,El Shallal,1st,Yes,completed,3198672.3
102.4,4.0,4,0,1,1,1,Cairo,New Cairo,Madinaty,1st,Semi,under_construction,4132323.03
60.5,3.0,2,0,1,1,1,Giza,New Giza,New Giza,1st,Yes,completed,3739131.72
166.7,2.0,2,0,1,0,1,Giza,West Giza,Sheikh Zayed,3rd,Semi,completed,7771236.16
110.6,3.0,3,0,1,1,0,Cairo,Old Cairo,Zamalek,2nd,No,under_construction,6033190.08
136.9,2.0,1,0,1,1,1,Cairo,New Cairo,First Settlement,3rd,No,completed,4966717.43
95.6,3.0,2,0,1,1,1,Giza,West Giza,Mohandessin,2nd,No,off_plan,2597594.8
111.6,3.0,2,0,0,0,1,Cairo,Old Cairo,Zamalek,2nd,Yes,off_plan,5884394.59
91.7,2.0,2,0,1,1,1,Cairo,Old Cairo,Zamalek,2nd,Yes,completed,5423654.57
137.4,1.0,1,0,1,0,1,Aswan,Central,El Shallal,1st,Semi,completed,1698757.44
107.4,2.0,1,0,1,0,1,Aswan,Central,El Sad El Ali,2nd,No,completed,1573195.08
103.4,2.0,2,0,1,1,1,Ismailia,Central,El Afrang,1st,Yes,under_construction,1464581.96
58.7,2.0,1,0,1,1,1,Cairo,New Cairo,Nasr City,2nd,Semi,under_construction,1482012.27
170.7,3.0,2,0,1,0,1,Cairo,New Cairo,Fifth Settlement,2nd,No,under_construction,8044710.78
157.3,,3,1,1,1,0,Suez,North,El Arbaien,2nd,No,completed,2467750.22
81.0,3.0,2,0,1,0,1,Cairo,New Cairo,Heliopolis,2nd,No,under_construction,2396090.46
106.7,3.0,3,0,0,1,1,Cairo,Old Cairo,Downtown,2nd,No,completed,3570841.84
178.4,2.0,1,0,1,1,1,Tanta,Central,Saeed,1st,Yes,completed,2533959.44
232.5,2.0,2,0,1,0,0,Mansoura,Central,Toriel,1st,No,completed,3716078.92
267.2,5.0,4,0,1,0,1,Mansoura,Central,El Mashaya,1st,Semi,under_construction,4071581.88
91.2,2.0,1,0,1,1,1,Giza,West Giza,Haram,1st,Yes,off_plan,1597375.6
63.0,3.0,2,0,0,0,1,Suez,South,El Suez District,1st,Semi,off_plan,694556.35
106.1,2.0,2,0,1,1,1,Alexandria,East,Smouha,1st,No,completed,3089712.12
98.9,5.0,5,0,1,1,1,Alexandria,West,Agami,1st,Semi,under_construction,1538371.61
120.9,4.0,3,0,1,0,1,Port Said,West,El Zohour,2nd,Semi,completed,2438608.31
103.9,3.0,2,0,0,1,1,Alexandria,West,Agami,1st,No,completed,1860837.25
125.9,2.0,1,0,1,1,1,Cairo,New Cairo,Heliopolis,1st,Semi,completed,4159733.11
121.1,4.0,3,0,1,1,1,Alexandria,East,Smouha,3rd,Semi,completed,3120573.06
196.7,3.0,2,0,1,1,1,Cairo,New Cairo,First Settlement,2nd,No,under_construction,6461544.36
194.4,4.0,4,0,1,0,1,Giza,New Giza,New Giza,1st,No,completed,11519429.64
80.6,3.0,2,0,1,1,1,Cairo,Old Cairo,Downtown,2nd,No,completed,2793040.78
112.8,2.0,1,0,1,1,1,Luxor,East Bank,El Karnak,2nd,No,under_construction,1078274.36
66.9,2.0,2,0,0,1,1,Tanta,Central,Saeed,1st,No,completed,1013651.05
79.1,1.0,1,0,1,0,1,Cairo,Old Cairo,Zamalek,2nd,Yes,completed,5491671.04
135.0,3.0,2,0,1,0,1,Giza,New Giza,New Giza,2nd,Yes,under_construction,6156189.55
108.6,2.0,2,0,0,1,1,Port Said,East,El Manakh,1st,No,completed,1623640.71
148.8,2.0,1,0,1,1,0,Mansoura,Central,Toriel,1st,Yes,completed,2488879.32
66.6,1.0,1,0,1,1,1,Cairo,Old Cairo,Zamalek,2nd,No,under_construction,2979509.84
210.9,4.0,4,0,1,1,1,Tanta,Central,Saeed,1st,No,completed,2900666.47
101.5,1.0,1,0,1,1,1,Aswan,Central,El Sad El Ali,1st,Yes,under_construction,1301523.48
110.0,4.0,3,0,1,1,1,Aswan,Central,El Sad El Ali,2nd,Semi,off_plan,1460165.15
82.9,4.0,4,0,1,1,1,Port Said,East,El Manakh,1st,No,under_construction,1044331.03
115.5,1.0,1,0,1,1,1,Aswan,Central,El Sad El Ali,1st,No,off_plan,1234380.1
174.4,3.0,3,0,0,1,1,Luxor,West Bank,El Gezira,1st,Semi,completed,2197476.51
111.8,3.0,3,0,1,1,1,Giza,New Giza,New Giza,1st,No,under_construction,5835035.6
96.8,,3,1,1,1,1,Giza,West Giza,Mohandessin,1st,No,under_construction,2830468.05
151.3,3.0,2,0,1,1,1,Giza,West Giza,Haram,2nd,No,completed,3317447.49
98.5,2.0,1,0,1,1,1,Cairo,New Cairo,Rehab,2nd,No,completed,4228514.85
68.7,1.0,1,0,0,0,1,Cairo,Old Cairo,Downtown,2nd,Yes,off_plan,1965325.09
139.6,2.0,1,0,1,1,1,Cairo,New Cairo,Nasr City,1st,No,completed,3814400.03
115.3,4.0,4,0,1,1,1,Giza,New Giza,New Giza,2nd,Yes,completed,8003417.98
181.4,2.0,2,0,1,1,1,Cairo,Old Cairo,Maadi,2nd,Semi,completed,6599689.36
109.3,2.0,1,0,1,1,1,Cairo,Old Cairo,Maadi,3rd,No,completed,4078863.35
196.7,3.0,2,0,1,1,1,Cairo,New Cairo,Fifth Settlement,1st,No,off_plan,6959755.91
137.5,4.0,4,0,0,0,1,Giza,West Giza,6th of October,3rd,No,completed,4061819.1
145.9,3.0,3,0,1,1,0,Cairo,New Cairo,Rehab,1st,No,completed,6071817.52
145.3,4.0,3,0,1,1,1,Cairo,Old Cairo,Downtown,2nd,No,completed,5002435.82
152.2,2.0,2,0,1,1,1,Cairo,Old Cairo,Zamalek,1st,No,under_construction,8235445.86
101.2,4.0,3,0,1,1,1,Ismailia,Central,El Sheikh Zayed,1st,Semi,completed,1652766.99
306.8,2.0,1,0,1,0,1,Suez,North,El Arbaien,1st,Semi,off_plan,3797350.32
132.7,3.0,3,0,1,1,1,Giza,New Giza,New Giza,1st,Semi,completed,8222536.43
144.6,3.0,2,0,1,1,1,Giza,West Giza,Haram,2nd,No,completed,2872655.75
66.8,5.0,4,0,1,1,1,Alexandria,West,Borg El Arab,1st,No,completed,1090652.18
117.4,3.0,2,0,0,1,1,Cairo,Old Cairo,Downtown,1st,Semi,under_construction,3469581.48
177.5,4.0,4,0,1,1,1,Tanta,Central,El Geish,2nd,No,off_plan,2018264.34
153.8,4.0,4,0,1,1,1,Mansoura,Central,El Mashaya,2nd,No,completed,2736970.54
105.2,3.0,3,0,1,1,1,Cairo,New Cairo,Heliopolis,2nd,Semi,off_plan,2237587.76
127.2,3.0,2,0,1,1,1,Cairo,New Cairo,Fifth Settlement,1st,Yes,completed,7695832.11
124.5,3.0,3,0,0,1,1,Giza,West Giza,Mohandessin,1st,Yes,under_construction,4023970.08
65.8,3.0,2,0,1,1,1,Mansoura,Central,El Mashaya,2nd,Semi,completed,1465230.84
99.2,3.0,2,0,0,1,1,Cairo,New Cairo,Fifth Settlement,2nd,Semi,completed,5388257.82
80.0,2.0,1,0,1,0,1,Ismailia,Central,El Sheikh Zayed,2nd,Yes,under_construction,1333291.43
127.5,3.0,2,0,0,1,1,Giza,New Giza,New Giza,2nd,Semi,completed,8475978.48
89.6,,1,1,1,1,1,Cairo,Old Cairo,Maadi,3rd,Yes,completed,3615666.83
88.6,1.0,1,0,0,1,1,Giza,New Giza,New Giza,1st,Yes,under_construction,5312864.9
109.7,2.0,1,0,1,1,1,Ismailia,Central,El Sheikh Zayed,1st,Semi,completed,2094636.37
61.8,3.0,3,0,1,1,1,Suez,North,El Arbaien,2nd,Yes,off_plan,815405.64
145.4,2.0,1,0,1,0,1,Ismailia,Central,El Sheikh Zayed,1st,No,under_construction,2347069.53
92.6,3.0,2,0,1,1,1,Port Said,East,El Shark,2nd,Semi,completed,1811938.69
170.1,4.0,3,0,1,1,1,Cairo,Old Cairo,Zamalek,1st,No,under_construction,9685565.41
106.7,1.0,1,0,0,1,1,Giza,West Giza,Haram,3rd,No,completed,2144582.06
140.7,2.0,2,0,1,1,1,Port Said,East,El Shark,2nd,Yes,under_construction,2374717.02
126.7,2.0,1,0,1,1,1,Cairo,New Cairo,First Settlement,1st,No,completed,5524148.57
143.4,3.0,2,0,1,1,1,Cairo,Old Cairo,Maadi,1st,Yes,under_construction,5613660.69
197.4,5.0,4,0,1,0,1,Cairo,Old Cairo,Maadi,2nd,No,completed,7086031.41
86.5,2.0,1,0,0,1,1,Giza,New Giza,New Giza,1st,No,completed,5091683.78
249.6,4.0,3,0,1,1,1,Aswan,Central,El Shallal,1st,No,completed,3246327.88
124.6,3.0,2,0,1,0,1,Cairo,Old Cairo,Zamalek,2nd,Yes,completed,8607717.62
123.5,3.0,3,0,1,1,1,Cairo,Old Cairo,Downtown,2nd,No,off_plan,2828652.62
142.5,3.0,2,0,1,0,1,Aswan,Central,El Shallal,1st,No,under_construction,1384625.48
120.2,2.0,1,0,0,1,1,Giza,West Giza,6th of October,1st,No,completed,4561633.46
106.3,3.0,2,0,1,1,1,Cairo,New Cairo,Rehab,1st,No,completed,4219045.27
109.8,2.0,1,0,1,1,1,Suez,North,Faisal,1st,No,under_construction,1023573.05
72.2,3.0,2,0,1,0,1,Giza,New Giza,New Giza,1st,Semi,completed,3825820.32
120.5,3.0,3,0,1,1,1,Cairo,New Cairo,Madinaty,2nd,No,completed,5752970.35
142.5,3.0,2,0,1,1,1,Cairo,Old Cairo,Downtown,2nd,Yes,completed,5375446.55
91.8,5.0,5,0,1,0,1,Giza,West Giza,Dokki,1st,Yes,under_construction,2674413.52
120.2,3.0,3,0,0,1,1,Port Said,West,El Zohour,2nd,No,under_construction,1861923.73
92.6,3.0,2,0,1,0,1,Giza,New Giza,New Giza,1st,Semi,under_construction,5084209.09
114.8,3.0,2,0,1,1,1,Cairo,Old Cairo,Downtown,2nd,Yes,off_plan,2850948.41
136.6,3.0,2,0,1,1,1,Tanta,Central,El Geish,2nd,No,under_construction,1939481.85
93.6,2.0,1,0,1,0,1,Cairo,New Cairo,Heliopolis,2nd,No,completed,3161823.97
79.2,5.0,4,0,1,1,1,Port Said,East,El Shark,1st,Yes,under_construction,1271605.21
120.8,2.0,1,0,1,0,1,Ismailia,Central,El Sheikh Zayed,1st,No,completed,1891019.9
191.0,4.0,3,0,1,1,1,Cairo,Old Cairo,Zamalek,2nd,No,off_plan,8080662.14
91.7,2.0,2,0,1,1,1,Mansoura,Central,Toriel,1st,No,completed,1390704.46
73.4,3.0,2,0,1,1,1,Cairo,New Cairo,Madinaty,3rd,Yes,completed,4209720.21
113.9,2.0,1,0,1,0,1,Cairo,New Cairo,Fifth Settlement,1st,Semi,completed,5476642.17
80.8,4.0,4,0,1,1,1,Cairo,New Cairo,First Settlement,2nd,Semi,completed,2933695.54
144.0,3.0,2,0,1,1,1,Ismailia,Central,El Afrang,1st,Yes,completed,2773873.59
117.6,3.0,3,0,1,1,1,Giza,West Giza,Mohandessin,1st,No,completed,3392003.41
125.2,2.0,2,0,1,1,1,Port Said,West,El Zohour,2nd,No,completed,2216978.9
102.8,2.0,1,0,1,1,1,Mansoura,Central,El Mashaya,1st,Yes,completed,1941665.31
64.5,,1,1,1,1,1,Cairo,New Cairo,Rehab,2nd,Semi,completed,3109564.26
82.6,2.0,1,0,1,1,1,Cairo,New Cairo,First Settlement,2nd,No,completed,3229604.24
108.1,2.0,2,0,1,1,1,Cairo,Old Cairo,Maadi,1st,No,completed,3717725.62
164.3,2.0,1,0,0,1,1,Suez,South,El Suez District,2nd,No,under_construction,1786139.47
85.2,1.0,1,0,0,0,1,Alexandria,East,Smouha,1st,No,completed,2096614.45
272.2,1.0,1,0,1,1,1,Giza,West Giza,Haram,2nd,Semi,completed,6332589.95
132.1,2.0,2,0,0,1,1,Port Said,West,El Zohour,1st,No,completed,2907757.81
134.6,4.0,3,0,1,1,1,Cairo,Old Cairo,Maadi,1st,No,under_construction,4208400.06
101.8,2.0,1,0,1,0,0,Alexandria,West,Agami,2nd,No,under_construction,1642191.06
80.3,3.0,3,0,1,0,1,Giza,New Giza,New Giza,2nd,No,completed,4827491.11
104.1,4.0,3,0,0,1,1,Giza,New Giza,New Giza,1st,No,completed,6785821.84
116.8,2.0,2,0,1,1,0,Giza,West Giza,Dokki,2nd,Yes,completed,3854863.03
232.6,3.0,2,0,1,0,1,Port Said,East,El Shark,1st,Semi,completed,4208894.94
199.9,2.0,1,0,1,0,1,Cairo,Old Cairo,Downtown,2nd,No,completed,7145956.31
95.1,5.0,4,0,1,1,1,Tanta,Central,Saeed,1st,Semi,completed,1302714.95
114.8,3.0,2,0,1,1,1,Tanta,Central,Saeed,1st,No,completed,1637558.48
116.8,3.0,2,0,1,0,0,Aswan,Central,El Shallal,1st,Yes,completed,1588544.04
154.6,2.0,1,0,1,1,1,Giza,New Giza,New Giza,2nd,No,completed,9388067.33
92.8,3.0,2,0,1,1,0,Giza,New Giza,New Giza,1st,No,completed,5183013.15
127.9,4.0,3,0,1,1,1,Giza,New Giza,New Giza,2nd,No,completed,7308442.59
137.2,2.0,2,0,1,1,0,Ismailia,Central,El Afrang,1st,Semi,completed,2200510.18
229.5,1.0,1,0,1,0,0,Tanta,Central,Saeed,1st,No,under_construction,2494622.82
101.2,3.0,2,0,1,1,1,Cairo,New Cairo,Fifth Settlement,3rd,Semi,completed,4886189.35
106.8,,1,1,0,1,1,Alexandria,East,Sidi Bishr,1st,Semi,completed,2768585.92
172.0,2.0,2,0,0,0,1,Cairo,New Cairo,Rehab,1st,No,under_construction,5787561.99
120.1,2.0,1,0,1,0,1,Mansoura,Central,El Mashaya,2nd,No,completed,2074910.57
80.1,3.0,3,0,1,1,1,Tanta,Central,El Geish,1st,No,under_construction,994178.42
102.4,3.0,2,0,1,0,1,Alexandria,East,Sidi Gaber,2nd,No,completed,2859192.74
157.6,3.0,2,0,1,0,1,Alexandria,East,Sidi Bishr,1st,No,under_construction,3387815.83
160.8,3.0,3,0,1,0,1,Port Said,West,El Zohour,1st,No,completed,2827103.27
139.8,4.0,4,0,1,1,1,Cairo,New Cairo,Fifth Settlement,1st,No,completed,7604235.81
132.3,,2,1,1,1,1,Aswan,Central,El Shallal,1st,No,off_plan,1376799.77
152.9,4.0,4,0,1,1,0,Luxor,East Bank,El Karnak,2nd,Yes,completed,2109837.74
84.8,,1,1,0,1,1,Giza,West Giza,Mohandessin,2nd,Semi,completed,3134110.0
76.3,,4,1,1,1,1,Giza,New Giza,New Giza,2nd,No,under_construction,3500959.38
109.9,4.0,3,0,1,1,1,Alexandria,West,Agami,2nd,No,completed,2344249.88
94.2,3.0,2,0,1,1,0,Port Said,West,El Zohour,2nd,Semi,completed,1742933.27
207.4,1.0,1,0,1,1,1,Cairo,Old Cairo,Downtown,2nd,Semi,completed,6004061.58
170.3,3.0,2,0,1,1,1,Cairo,New Cairo,Nasr City,2nd,No,under_construction,4243178.79
110.1,1.0,1,0,1,1,1,Cairo,Old Cairo,Maadi,3rd,No,under_construction,3378758.13
174.5,2.0,2,0,1,0,1,Alexandria,West,Borg El Arab,2nd,Yes,under_construction,2899776.88
175.8,2.0,1,0,0,1,1,Ismailia,Central,El Afrang,1st,No,completed,2445639.36
108.2,3.0,3,0,1,1,1,Cairo,New Cairo,Rehab,1st,No,completed,4938147.67
133.2,4.0,3,0,1,1,1,Alexandria,West,Borg El Arab,2nd,No,under_construction,2129124.01
72.2,1.0,1,0,0,1,1,Port Said,West,El Zohour,2nd,No,completed,1399992.43
177.2,3.0,2,0,1,1,1,Cairo,Old Cairo,Downtown,2nd,No,completed,5193271.99
115.3,3.0,2,0,1,1,1,Ismailia,Central,El Afrang,1st,No,completed,1540465.23
143.6,3.0,2,0,1,1,1,Giza,New Giza,New Giza,1st,Semi,under_construction,6989469.83
52.8,2.0,1,0,1,1,1,Suez,North,Faisal,1st,No,off_plan,521016.11
106.6,2.0,1,0,1,0,1,Alexandria,West,Agami,2nd,No,completed,2009041.01
168.2,4.0,3,0,1,1,1,Cairo,New Cairo,Rehab,2nd,Semi,completed,7679787.63
177.1,2.0,1,0,1,1,1,Port Said,East,El Shark,2nd,Semi,completed,3006900.2
116.3,2.0,1,0,1,1,1,Giza,West Giza,Sheikh Zayed,3rd,No,under_construction,4453266.33
97.1,3.0,3,0,1,0,1,Mansoura,Central,Toriel,1st,Yes,completed,1538209.92
92.5,2.0,1,0,1,1,1,Giza,New Giza,New Giza,2nd,No,completed,4782247.58
139.1,4.0,4,0,1,0,1,Giza,New Giza,New Giza,2nd,Yes,completed,8340097.21
136.4,3.0,2,0,1,0,1,Suez,North,Faisal,1st,No,completed,1935871.97
126.1,3.0,2,0,1,1,1,Cairo,New Cairo,First Settlement,3rd,Yes,under_construction,4903777.03
197.7,3.0,2,0,1,1,1,Port Said,West,El Zohour,2nd,No,completed,3993740.05
121.0,5.0,4,0,0,0,1,Suez,South,El Suez District,1st,Semi,completed,2174812.64
192.6,3.0,2,0,1,1,1,Giza,West Giza,Dokki,1st,No,completed,6689722.67
211.2,1.0,1,0,1,1,1,Giza,New Giza,New Giza,2nd,No,completed,11833642.23
67.2,3.0,2,0,1,0,1,Luxor,East Bank,El Karnak,2nd,No,completed,855579.99
122.6,2.0,1,0,1,1,1,Suez,South,El Suez District,1st,No,completed,2023816.78
167.4,4.0,3,0,1,0,1,Cairo,New Cairo,Fifth Settlement,2nd,No,under_construction,7270753.85
118.4,2.0,2,0,1,0,1,Suez,North,El Arbaien,1st,Yes,under_construction,1950981.02
92.2,4.0,3,0,1,1,0,Giza,New Giza,New Giza,1st,No,completed,6035389.16
113.4,5.0,4,0,1,1,1,Aswan,Central,El Sad El Ali,2nd,No,completed,1661068.74
125.8,1.0,1,0,1,1,1,Cairo,Old Cairo,Downtown,1st,No,completed,4097501.67
95.4,3.0,2,0,1,1,1,Luxor,West Bank,El Gezira,1st,Semi,completed,1400622.48
185.6,1.0,1,0,1,1,1,Alexandria,West,Borg El Arab,1st,No,under_construction,2140356.03
104.6,2.0,1,0,1,0,1,Cairo,Old Cairo,Zamalek,2nd,Yes,completed,7307982.38
178.4,1.0,1,0,1,1,1,Alexandria,East,Sidi Bishr,2nd,No,completed,3624513.34
122.8,,4,1,1,1,1,Alexandria,East,Sidi Bishr,1st,Semi,completed,2956212.11
181.2,2.0,2,0,1,0,1,Giza,New Giza,New Giza,1st,No,off_plan,7742509.62
107.5,3.0,2,0,1,1,1,Mansoura,Central,Toriel,1st,No,completed,1492570.75
90.9,,2,1,1,1,1,Mansoura,Central,Toriel,1st,Semi,under_construction,1112125.3
104.3,3.0,3,0,0,1,1,Luxor,West Bank,El Gezira,1st,No,completed,1338645.8
120.9,3.0,3,0,1,0,1,Alexandria,West,Borg El Arab,2nd,Semi,under_construction,1711662.14
101.2,1.0,1,0,1,1,1,Giza,New Giza,New Giza,2nd,No,completed,5354886.45
86.2,5.0,4,0,1,0,1,Cairo,New Cairo,Fifth Settlement,1st,Yes,under_construction,4440584.49
138.7,3.0,2,0,1,1,1,Aswan,Central,El Sad El Ali,1st,Semi,completed,2194265.48
72.1,2.0,1,0,0,1,1,Tanta,Central,El Geish,1st,No,completed,1147011.82
78.4,4.0,4,0,0,0,1,Alexandria,East,Sidi Bishr,2nd,No,completed,2002342.35
145.6,2.0,1,0,1,1,0,Cairo,Old Cairo,Maadi,3rd,Yes,completed,5202456.24
201.7,,3,1,1,0,1,Giza,New Giza,New Giza,1st,Yes,under_construction,12278812.72
272.9,3.0,3,0,1,0,1,Suez,South,El Suez District,1st,Semi,completed,4063775.04
142.8,2.0,1,0,1,1,1,Giza,West Giza,6th of October,1st,No,under_construction,4106759.01
134.6,3.0,3,0,1,0,1,Alexandria,West,Agami,1st,Yes,completed,3729396.78
102.4,,2,1,1,1,1,Cairo,New Cairo,Heliopolis,2nd,Semi,completed,4577094.9
215.3,5.0,4,0,1,1,1,Cairo,Old Cairo,Downtown,1st,No,completed,8253070.95
63.0,3.0,3,0,1,1,1,Cairo,New Cairo,Rehab,1st,No,under_construction,2425300.06
133.4,5.0,5,0,1,1,1,Alexandria,East,Sidi Gaber,1st,Semi,under_construction,2862818.12
73.7,1.0,1,0,1,0,1,Suez,South,El Suez District,1st,Semi,under_construction,1022905.54
82.0,1.0,1,0,1,1,1,Giza,New Giza,New Giza,1st,No,completed,5269874.61
104.3,3.0,2,0,1,0,0,Giza,New Giza,New Giza,1st,Yes,completed,6247458.22
157.1,2.0,2,0,0,1,1,Alexandria,East,Smouha,1st,Yes,completed,4623089.94
77.9,2.0,1,0,1,0,1,Giza,New Giza,New Giza,1st,Yes,completed,4720399.06
101.4,2.0,2,0,1,1,1,Cairo,New Cairo,Fifth Settlement,2nd,Yes,under_construction,4141948.51
99.2,2.0,2,0,1,1,1,Suez,South,El Suez District,1st,No,off_plan,1283280.43
80.8,3.0,3,0,1,0,1,Tanta,Central,El Geish,2nd,Yes,under_construction,1201031.43
167.7,3.0,3,0,1,1,1,Giza,West Giza,Sheikh Zayed,2nd,Yes,completed,9050486.44
70.1,1.0,1,0,1,1,1,Ismailia,Central,El Afrang,1st,No,off_plan,843038.0
138.3,,3,1,1,1,1,Alexandria,East,Sidi Bishr,2nd,Yes,completed,3606534.14
122.9,3.0,3,0,1,1,1,Cairo,Old Cairo,Zamalek,2nd,Semi,off_plan,5241454.38
161.8,2.0,1,0,1,1,1,Giza,New Giza,New Giza,2nd,Semi,completed,9937204.41
124.8,2.0,2,0,1,1,1,Giza,New Giza,New Giza,2nd,No,under_construction,6411538.7
97.4,3.0,2,0,1,0,1,Giza,New Giza,New Giza,2nd,No,completed,6201722.24
169.7,4.0,3,0,1,1,1,Ismailia,Central,El Sheikh Zayed,2nd,No,completed,3028160.32
160.7,2.0,1,0,1,1,1,Cairo,New Cairo,Heliopolis,2nd,No,completed,5279228.42
107.4,3.0,2,0,1,0,1,Cairo,Old Cairo,Downtown,1st,No,under_construction,2925357.07
94.6,2.0,2,0,1,1,1,Cairo,Old Cairo,Downtown,2nd,No,under_construction,2632407.26
110.3,3.0,3,0,1,0,1,Giza,New Giza,New Giza,1st,No,completed,7890666.91
60.3,,2,1,1,1,1,Mansoura,Central,El Mashaya,1st,Yes,completed,1170845.9
141.4,2.0,2,0,1,1,1,Suez,South,El Suez District,1st,No,completed,2252227.94
103.7,4.0,4,0,1,1,0,Cairo,New Cairo,First Settlement,3rd,Semi,under_construction,4372022.07
136.4,3.0,2,0,1,0,1,Giza,West Giza,Mohandessin,2nd,No,completed,4756309.16
102.8,1.0,1,0,1,0,1,Alexandria,West,Agami,1st,No,completed,1982064.95
138.7,,4,1,1,1,1,Cairo,New Cairo,First Settlement,2nd,Yes,completed,6071337.7
171.0,3.0,2,0,1,1,1,Luxor,West Bank,El Gezira,1st,No,under_construction,2014219.28
109.6,3.0,2,0,1,1,1,Cairo,Old Cairo,Zamalek,1st,Yes,completed,7345807.79
140.6,2.0,1,0,0,1,1,Cairo,Old Cairo,Downtown,2nd,Yes,completed,4855436.21
91.2,3.0,2,0,1,1,1,Cairo,Old Cairo,Zamalek,2nd,Yes,under_construction,5554178.24
93.4,,2,1,1,1,1,Ismailia,Central,El Afrang,1st,No,under_construction,1160170.44
136.8,2.0,1,0,1,1,1,Suez,North,Faisal,1st,No,completed,1916235.27
158.0,3.0,2,0,1,1,1,Mansoura,Central,El Mashaya,1st,Yes,completed,2628877.21
221.6,4.0,3,0,1,0,1,Tanta,Central,Saeed,1st,No,completed,3132574.02
118.5,2.0,1,0,1,1,1,Luxor,East Bank,El Karnak,1st,No,completed,1506287.51
88.3,2.0,1,0,1,1,0,Cairo,New Cairo,Nasr City,1st,No,completed,2507385.3
90.1,3.0,2,0,1,0,0,Mansoura,Central,El Mashaya,2nd,Semi,under_construction,1366182.23
117.4,1.0,1,0,1,0,1,Alexandria,West,Agami,1st,No,completed,2211750.05
60.0,3.0,3,0,1,0,1,Alexandria,West,Borg El Arab,1st,Yes,completed,1261172.59
183.4,,1,1,1,1,1,Cairo,Old Cairo,Maadi,2nd,No,completed,5974746.07
106.3,3.0,2,0,1,1,1,Cairo,Old Cairo,Downtown,1st,Yes,completed,3829713.91
43.9,3.0,2,0,1,1,1,Luxor,West Bank,El Gezira,1st,Semi,under_construction,475248.21
193.0,2.0,1,0,0,1,1,Giza,New Giza,New Giza,1st,Yes,off_plan,8657491.65
171.4,2.0,2,0,1,1,1,Giza,West Giza,Dokki,1st,Semi,completed,4734286.49
89.7,3.0,2,0,1,0,1,Luxor,West Bank,El Gezira,1st,No,completed,1303113.09
108.8,3.0,2,0,0,0,0,Alexandria,West,Agami,2nd,No,completed,2364377.35
113.8,1.0,1,0,0,0,1,Tanta,Central,El Geish,1st,Semi,completed,1814752.31
79.0,2.0,1,0,1,1,1,Giza,New Giza,New Giza,2nd,Yes,completed,5058432.05
117.0,3.0,3,0,1,1,1,Aswan,Central,El Sad El Ali,1st,Semi,completed,2006439.25
183.8,3.0,3,0,1,1,1,Giza,West Giza,Haram,3rd,No,completed,3767575.14
78.6,3.0,3,0,1,0,1,Alexandria,West,Borg El Arab,2nd,Semi,completed,1315353.17
83.0,3.0,2,0,1,0,1,Cairo,Old Cairo,Zamalek,1st,No,completed,4928608.87
101.2,1.0,1,0,1,1,1,Ismailia,Central,El Afrang,1st,Semi,under_construction,1168103.31
191.1,1.0,1,0,1,1,1,Aswan,Central,El Sad El Ali,2nd,Yes,completed,2783246.15
53.7,,2,1,1,0,0,Cairo,New Cairo,Heliopolis,2nd,No,completed,1814490.65
120.5,3.0,2,0,1,0,1,Luxor,West Bank,El Gezira,1st,Yes,under_construction,1398858.05
247.3,4.0,4,0,1,0,1,Aswan,Central,El Sad El Ali,1st,No,completed,3429502.17
75.5,,2,1,1,1,1,Luxor,East Bank,El Awameya,1st,Semi,completed,812217.56
113.7,2.0,2,0,1,1,1,Cairo,Old Cairo,Maadi,1st,No,off_plan,2666729.54
121.0,1.0,1,0,1,1,1,Aswan,Central,El Shallal,1st,Semi,off_plan,1112379.46
100.9,5.0,4,0,1,1,1,Alexandria,East,Sidi Bishr,2nd,No,completed,2439453.08
118.0,3.0,3,0,1,0,1,Giza,New Giza,New Giza,2nd,No,completed,7635604.5
155.0,3.0,2,0,1,1,1,Tanta,Central,Saeed,1st,No,under_construction,1770376.98
158.8,2.0,1,0,1,1,1,Ismailia,Central,El Afrang,1st,No,completed,2310057.96
98.1,4.0,4,0,1,0,1,Cairo,Old Cairo,Zamalek,2nd,No,under_construction,5685690.57
131.3,,1,1,1,0,1,Cairo,New Cairo,First Settlement,1st,Yes,under_construction,4740272.98
185.9,2.0,2,0,1,0,1,Cairo,New Cairo,Nasr City,2nd,No,completed,5947588.57
92.3,5.0,5,0,1,1,1,Cairo,Old Cairo,Zamalek,1st,Yes,completed,7453228.95
142.6,2.0,1,0,1,1,1,Suez,North,El Arbaien,2nd,No,under_construction,1744244.66
79.7,2.0,2,0,1,1,1,Mansoura,Central,El Mashaya,1st,Yes,completed,1521161.89
160.7,3.0,2,0,1,0,1,Port Said,East,El Shark,1st,No,completed,3161375.62
78.5,3.0,2,0,0,1,1,Giza,New Giza,New Giza,1st,No,completed,4756389.07
66.0,3.0,2,0,1,0,1,Giza,New Giza,New Giza,1st,Semi,completed,3981284.07
216.2,1.0,1,0,1,0,1,Alexandria,West,Borg El Arab,1st,No,completed,3030220.99
140.8,4.0,3,0,1,0,1,Aswan,Central,El Sad El Ali,2nd,No,completed,2127765.36
91.3,4.0,3,0,1,1,1,Cairo,Old Cairo,Zamalek,1st,No,under_construction,4935490.71
136.7,2.0,2,0,1,0,1,Luxor,East Bank,El Awameya,1st,No,completed,1683137.36
90.2,5.0,4,0,1,1,0,Giza,West Giza,Sheikh Zayed,3rd,No,completed,4535832.94
152.1,3.0,2,0,1,1,1,Cairo,New Cairo,Nasr City,3rd,No,completed,4050650.83
122.7,2.0,2,0,1,0,0,Ismailia,Central,El Afrang,1st,Semi,under_construction,1469431.52
82.1,3.0,2,0,1,1,1,Port Said,West,El Zohour,1st,No,completed,1586239.29
92.8,4.0,3,0,1,1,1,Giza,West Giza,Sheikh Zayed,2nd,No,under_construction,3761280.31
175.9,3.0,2,0,1,0,1,Giza,West Giza,Haram,1st,No,under_construction,2811024.53
228.0,3.0,2,0,1,0,1,Cairo,Old Cairo,Zamalek,1st,No,under_construction,10953723.94
98.0,1.0,1,0,1,1,1,Cairo,New Cairo,First Settlement,3rd,Semi,completed,3873500.54
83.1,5.0,5,0,1,1,1,Alexandria,West,Agami,1st,No,under_construction,1492199.36
95.3,2.0,2,0,1,1,1,Giza,West Giza,Mohandessin,1st,No,completed,3533729.62
170.1,4.0,4,0,1,1,1,Tanta,Central,El Geish,1st,No,under_construction,2379856.0
82.6,1.0,1,0,1,1,1,Alexandria,West,Borg El Arab,1st,No,off_plan,1112001.66
94.8,3.0,3,0,1,1,1,Luxor,West Bank,El Gezira,1st,Yes,completed,1504073.66
143.1,5.0,4,0,1,1,1,Cairo,New Cairo,Fifth Settlement,1st,No,completed,8780869.29
110.1,3.0,2,0,1,1,1,Ismailia,Central,El Afrang,1st,No,completed,1520365.58
119.3,,3,1,1,0,1,Aswan,Central,El Sad El Ali,2nd,Semi,under_construction,1428933.0
132.2,1.0,1,0,1,1,1,Giza,West Giza,Haram,2nd,Semi,completed,2595128.24
63.9,2.0,1,0,1,1,0,Alexandria,West,Borg El Arab,1st,Yes,off_plan,895496.54
98.7,2.0,2,0,1,1,1,Tanta,Central,Saeed,1st,No,under_construction,1224260.57
54.7,3.0,3,0,1,1,1,Mansoura,Central,Toriel,1st,No,completed,849995.52
150.7,3.0,3,0,1,1,1,Giza,West Giza,Sheikh Zayed,3rd,No,completed,7892226.02
92.1,2.0,2,0,1,1,1,Cairo,New Cairo,Nasr City,1st,No,completed,2595052.35
62.1,5.0,5,0,1,1,1,Mansoura,Central,Toriel,1st,No,completed,978641.74
108.7,3.0,2,0,1,1,1,Alexandria,West,Borg El Arab,2nd,Semi,completed,1965751.47
136.2,5.0,4,0,1,1,1,Giza,New Giza,New Giza,2nd,Yes,under_construction,8252265.19
148.1,3.0,2,0,1,1,1,Giza,New Giza,New Giza,1st,Yes,completed,9011852.73
88.9,4.0,4,0,1,1,1,Alexandria,West,Borg El Arab,2nd,No,completed,1761293.95
81.3,5.0,5,0,1,1,1,Ismailia,Central,El Afrang,1st,Yes,completed,1400396.84
100.0,3.0,2,0,1,1,1,Cairo,Old Cairo,Zamalek,1st,Yes,under_construction,5562891.32
110.4,2.0,1,0,0,1,1,Suez,South,El Suez District,1st,No,completed,1532751.93
136.4,3.0,2,0,1,0,1,Cairo,Old Cairo,Zamalek,2nd,No,under_construction,7456196.76
93.8,2.0,1,0,1,0,1,Alexandria,East,Smouha,2nd,No,completed,2603307.46
142.9,2.0,1,0,1,0,1,Cairo,New Cairo,Rehab,2nd,No,under_construction,4694620.29
113.0,3.0,2,0,1,1,1,Cairo,New Cairo,First Settlement,2nd,Semi,completed,4551784.77
153.7,2.0,1,0,1,0,1,Cairo,Old Cairo,Zamalek,1st,Semi,completed,9682452.41
129.4,1.0,1,0,1,1,1,Alexandria,East,Smouha,1st,Yes,under_construction,3260782.02
142.4,4.0,3,0,0,0,1,Alexandria,West,Borg El Arab,1st,No,completed,2551210.71
104.2,2.0,1,0,1,1,1,Mansoura,Central,El Mashaya,1st,No,under_construction,1375137.82
95.3,3.0,2,0,1,1,1,Giza,New Giza,New Giza,1st,Yes,completed,6443723.03
83.5,2.0,1,0,1,0,1,Port Said,West,El Zohour,2nd,No,completed,1769262.06
209.8,3.0,3,0,1,0,1,Luxor,West Bank,El Gezira,1st,No,under_construction,2416112.04
120.6,3.0,3,0,1,1,1,Giza,New Giza,New Giza,1st,No,completed,6673690.28
80.1,3.0,2,0,1,1,1,Giza,New Giza,New Giza,2nd,No,completed,4316894.94
118.0,2.0,1,0,1,1,1,Port Said,West,El Zohour,2nd,Yes,under_construction,2031655.43
147.1,5.0,5,0,1,1,1,Mansoura,Central,Toriel,1st,No,completed,2552573.55
117.9,5.0,4,0,0,0,1,Aswan,Central,El Sad El Ali,2nd,Yes,completed,2085532.89
110.2,5.0,4,0,1,0,1,Suez,North,El Arbaien,2nd,Yes,completed,2148094.65
53.6,4.0,4,0,1,1,1,Cairo,New Cairo,Nasr City,2nd,No,completed,1525954.35
145.6,1.0,1,0,0,0,1,Cairo,New Cairo,Madinaty,3rd,Yes,completed,6909280.77
116.2,3.0,2,0,1,0,1,Cairo,Old Cairo,Maadi,1st,No,off_plan,3156155.18
214.3,4.0,3,0,1,1,1,Cairo,New Cairo,Nasr City,1st,No,off_plan,4454439.68
94.1,4.0,4,0,1,1,1,Cairo,Old Cairo,Zamalek,2nd,No,completed,6003813.88
132.3,3.0,3,0,1,0,1,Giza,New Giza,New Giza,1st,Semi,completed,8095321.22
178.1,1.0,1,0,1,1,1,Giza,West Giza,Dokki,2nd,No,completed,4995790.42
107.9,4.0,4,0,1,1,1,Port Said,West,El Zohour,1st,Yes,completed,2201228.29
133.4,3.0,2,0,1,1,1,Cairo,Old Cairo,Downtown,2nd,Yes,completed,4671500.62
112.9,2.0,2,0,1,0,1,Ismailia,Central,El Afrang,1st,Semi,completed,1678245.81
113.2,3.0,3,0,1,1,1,Alexandria,East,Sidi Gaber,2nd,No,completed,2880420.18
128.8,3.0,2,0,1,0,1,Cairo,Old Cairo,Downtown,2nd,No,off_plan,3337874.88
86.6,,4,1,1,1,1,Cairo,New Cairo,Rehab,1st,No,off_plan,3063358.08
106.0,2.0,1,0,1,0,1,Alexandria,East,Sidi Gaber,2nd,Semi,off_plan,2027716.54
110.9,2.0,1,0,1,1,1,Cairo,Old Cairo,Downtown,1st,No,completed,3760070.88
63.5,3.0,2,0,1,1,1,Ismailia,Central,El Afrang,1st,Yes,completed,1114297.31
99.4,3.0,2,0,1,1,1,Giza,West Giza,6th of October,3rd,No,under_construction,2852199.45
151.0,3.0,2,0,1,1,1,Giza,New Giza,New Giza,1st,Yes,completed,9319202.36
70.0,4.0,3,0,0,1,1,Alexandria,East,Sidi Gaber,2nd,Semi,off_plan,1327648.07
125.8,3.0,2,0,1,1,1,Cairo,Old Cairo,Downtown,1st,Yes,under_construction,3656942.26
175.8,3.0,3,0,1,1,1,Giza,New Giza,New Giza,2nd,Yes,completed,10710373.21
114.0,3.0,3,0,1,1,1,Alexandria,West,Agami,1st,No,off_plan,1785362.84
204.7,3.0,2,0,1,1,1,Alexandria,West,Agami,2nd,No,completed,3759001.26
134.6,3.0,2,0,1,0,1,Alexandria,East,Sidi Gaber,1st,No,under_construction,2910342.79
91.6,2.0,1,0,1,1,1,Ismailia,Central,El Afrang,1st,No,completed,1417778.99
154.4,2.0,1,0,1,0,1,Cairo,New Cairo,Fifth Settlement,3rd,No,completed,7900773.36
105.6,1.0,1,0,1,0,1,Luxor,West Bank,El Gezira,1st,Yes,off_plan,1358278.05
168.5,5.0,5,0,1,1,1,Suez,South,El Suez District,1st,No,completed,2384118.48
130.9,2.0,1,0,1,0,1,Mansoura,Central,El Mashaya,2nd,No,under_construction,2157798.2
220.2,3.0,3,0,0,1,1,Giza,New Giza,New Giza,2nd,No,completed,11838792.63
106.1,2.0,1,0,1,1,1,Ismailia,Central,El Afrang,1st,No,completed,1622175.05
56.7,5.0,4,0,1,1,1,Cairo,Old Cairo,Zamalek,2nd,Yes,off_plan,3157194.54
91.4,3.0,2,0,0,0,1,Alexandria,East,Smouha,2nd,Yes,completed,2710429.02
94.0,2.0,1,0,1,1,1,Luxor,West Bank,El Gezira,1st,No,off_plan,784669.1
150.0,2.0,2,0,0,1,1,Cairo,New Cairo,Heliopolis,2nd,Semi,completed,6001723.59
88.4,2.0,2,0,1,1,1,Cairo,New Cairo,Madinaty,2nd,No,completed,3742477.1
96.8,4.0,3,0,1,1,1,Suez,South,El Suez District,2nd,Yes,completed,1635032.94
100.7,4.0,3,0,1,1,1,Cairo,Old Cairo,Maadi,3rd,No,under_construction,3381399.1
66.5,3.0,2,0,1,1,1,Tanta,Central,El Geish,2nd,No,completed,1133960.35
206.0,5.0,4,0,1,1,1,Ismailia,Central,El Sheikh Zayed,2nd,Semi,completed,3599581.85
155.6,,2,1,1,1,1,Alexandria,West,Agami,1st,No,under_construction,2591338.6
162.1,,3,1,1,0,1,Cairo,Old Cairo,Maadi,3rd,Semi,under_construction,5446571.55
115.2,4.0,3,0,1,1,1,Suez,North,Faisal,1st,No,under_construction,1363393.23
106.0,4.0,4,0,0,1,1,Cairo,Old Cairo,Maadi,1st,Yes,completed,4109281.71
79.1,1.0,1,0,1,0,1,Luxor,West Bank,El Gezira,1st,Semi,completed,1060430.33
117.0,3.0,2,0,1,1,1,Giza,West Giza,Haram,1st,No,under_construction,1940372.59
83.6,3.0,2,0,1,1,1,Ismailia,Central,El Afrang,1st,No,under_construction,1022448.04
72.4,4.0,3,0,1,0,0,Giza,New Giza,New Giza,1st,Yes,completed,5326107.23
131.1,2.0,2,0,0,1,1,Suez,North,Faisal,1st,No,completed,1949698.77
122.5,4.0,4,0,1,1,1,Cairo,New Cairo,First Settlement,2nd,No,completed,4421354.38
127.0,2.0,2,0,1,0,1,Aswan,Central,El Sad El Ali,1st,Semi,under_construction,1439066.95
98.3,1.0,1,0,1,0,1,Cairo,New Cairo,Rehab,1st,No,completed,4121274.96
117.7,3.0,3,0,1,1,1,Port Said,East,El Shark,2nd,No,completed,2177966.86
177.5,4.0,3,0,0,0,1,Alexandria,East,Sidi Bishr,2nd,No,completed,4162487.8
82.2,3.0,3,0,1,1,1,Alexandria,West,Agami,2nd,Yes,completed,2182356.63
97.5,3.0,3,0,0,1,1,Alexandria,West,Borg El Arab,2nd,No,completed,1730441.55
146.0,4.0,3,0,0,0,1,Luxor,West Bank,El Gezira,1st,No,completed,2124614.69
104.2,3.0,2,0,1,1,1,Cairo,Old Cairo,Maadi,1st,No,completed,3888414.35
120.8,2.0,1,0,1,1,0,Luxor,West Bank,El Gezira,1st,Yes,completed,1960370.05
88.8,3.0,2,0,0,1,1,Ismailia,Central,El Sheikh Zayed,1st,Semi,under_construction,1467442.6
108.0,3.0,2,0,1,1,1,Mansoura,Central,El Mashaya,2nd,No,off_plan,1389787.3
123.5,2.0,1,0,1,1,1,Tanta,Central,Saeed,1st,Semi,completed,1553762.14
85.7,3.0,2,0,1,0,0,Luxor,East Bank,El Awameya,1st,No,completed,1048645.23
97.6,,2,1,1,0,1,Tanta,Central,Saeed,1st,No,completed,1176571.25
193.9,3.0,2,0,1,1,1,Cairo,New Cairo,Rehab,3rd,Semi,completed,8041399.45
101.1,1.0,1,0,1,1,1,Ismailia,Central,El Afrang,1st,Yes,completed,1663891.78
106.9,3.0,2,0,1,1,1,Giza,New Giza,New Giza,1st,No,under_construction,4958411.43
116.4,3.0,2,0,1,1,1,Mansoura,Central,El Mashaya,1st,No,completed,2121991.98
153.0,2.0,1,0,1,1,1,Aswan,Central,El Sad El Ali,1st,No,completed,2080059.84
89.6,3.0,2,0,1,1,1,Cairo,New Cairo,Heliopolis,2nd,No,under_construction,2622023.32
133.1,2.0,2,0,1,1,1,Cairo,New Cairo,First Settlement,1st,No,off_plan,4281911.61
78.6,2.0,2,0,1,1,1,Tanta,Central,El Geish,1st,Semi,completed,1304626.14
115.0,4.0,4,0,1,0,1,Giza,New Giza,New Giza,1st,No,completed,6164055.73
121.4,3.0,3,0,0,1,1,Port Said,West,El Zohour,1st,No,off_plan,1776807.75
133.4,2.0,1,0,1,1,1,Cairo,Old Cairo,Downtown,1st,Yes,completed,4702925.1
180.4,2.0,2,0,1,1,1,Alexandria,West,Agami,2nd,No,under_construction,2879079.89
183.6,3.0,3,0,1,0,1,Cairo,Old Cairo,Downtown,2nd,No,completed,6415082.95
40.9,3.0,2,0,1,1,1,Cairo,New Cairo,First Settlement,2nd,Yes,completed,1922453.31
78.7,2.0,1,0,1,1,1,Cairo,Old Cairo,Downtown,1st,No,completed,2728523.39
133.1,2.0,1,0,1,1,1,Suez,South,El Suez District,2nd,No,completed,2346225.34
88.5,4.0,4,0,1,0,1,Giza,New Giza,New Giza,1st,Yes,completed,5040353.48
121.2,3.0,2,0,1,1,1,Cairo,New Cairo,Heliopolis,1st,No,completed,3389562.3
97.0,3.0,2,0,1,1,1,Ismailia,Central,El Afrang,1st,No,completed,1448961.64
90.5,1.0,1,0,1,1,1,Tanta,Central,El Geish,1st,Yes,off_plan,983079.95
140.0,2.0,1,0,1,1,1,Cairo,New Cairo,Fifth Settlement,2nd,No,completed,5752670.84
132.4,2.0,1,0,1,0,1,Giza,New Giza,New Giza,2nd,Yes,completed,8835451.03
123.5,2.0,1,0,1,0,1,Ismailia,Central,El Afrang,1st,Semi,completed,2136327.33
161.1,2.0,1,0,1,1,1,Tanta,Central,El Geish,1st,No,completed,2298979.37
80.4,2.0,1,0,1,0,1,Tanta,Central,Saeed,1st,Semi,completed,1229577.39
122.6,4.0,3,0,1,1,1,Cairo,New Cairo,Madinaty,3rd,Yes,completed,6493437.78
105.0,3.0,2,0,1,0,1,Giza,West Giza,Haram,3rd,Yes,completed,2263810.25
111.3,3.0,2,0,1,0,1,Port Said,West,El Zohour,2nd,Yes,completed,2658971.54
92.8,3.0,2,0,0,1,1,Luxor,West Bank,El Gezira,1st,No,completed,1366899.83
136.2,2.0,1,0,1,1,1,Tanta,Central,El Geish,2nd,No,completed,2072091.46
83.7,2.0,2,0,1,1,1,Cairo,Old Cairo,Maadi,3rd,Yes,completed,3255280.33
110.1,2.0,1,0,0,1,1,Alexandria,West,Agami,2nd,Yes,completed,2636474.63
91.6,3.0,2,0,1,1,1,Aswan,Central,El Sad El Ali,1st,No,under_construction,1230314.38
110.4,2.0,1,0,1,0,1,Alexandria,East,Sidi Bishr,2nd,No,completed,2486798.76
141.4,3.0,2,0,0,1,1,Alexandria,East,Sidi Gaber,1st,Yes,under_construction,3343710.57
112.6,2.0,1,0,0,0,1,Port Said,East,El Manakh,1st,Yes,completed,1940020.96
183.9,2.0,2,0,1,0,1,Cairo,New Cairo,Fifth Settlement,1st,No,under_construction,7533226.44
97.8,5.0,4,0,1,0,1,Port Said,East,El Shark,1st,Yes,completed,2107054.53
103.6,1.0,1,0,1,0,1,Mansoura,Central,Toriel,1st,No,under_construction,1107081.4
92.5,3.0,3,0,1,1,1,Cairo,Old Cairo,Zamalek,1st,Yes,under_construction,5299280.86
138.6,1.0,1,0,1,0,1,Cairo,New Cairo,Fifth Settlement,2nd,No,completed,6777512.1
189.7,4.0,3,0,0,0,1,Cairo,New Cairo,Madinaty,4th,No,under_construction,7700242.98
162.2,4.0,3,0,1,1,1,Cairo,Old Cairo,Downtown,2nd,No,completed,5616412.95
78.0,3.0,2,0,1,0,1,Giza,West Giza,Haram,3rd,No,completed,1657745.98
89.2,3.0,2,0,1,1,1,Alexandria,West,Agami,2nd,Yes,completed,1843370.73
82.4,3.0,3,0,1,0,1,Luxor,East Bank,El Karnak,2nd,Semi,under_construction,837746.93
240.9,2.0,1,0,0,0,1,Giza,New Giza,New Giza,2nd,No,under_construction,12092639.18
274.2,5.0,4,0,1,0,1,Alexandria,East,Sidi Bishr,1st,Yes,completed,7167465.1
170.3,5.0,4,0,1,1,1,Aswan,Central,El Sad El Ali,1st,Semi,completed,2759583.48
75.6,2.0,1,0,1,0,1,Luxor,East Bank,El Karnak,2nd,Yes,completed,1125354.17
57.6,3.0,3,0,0,1,1,Suez,North,El Arbaien,2nd,No,completed,1048100.63
86.6,5.0,4,0,1,1,1,Alexandria,West,Borg El Arab,2nd,Semi,completed,1566557.08
127.3,3.0,2,0,1,0,0,Tanta,Central,El Geish,1st,Semi,completed,2036378.83
133.2,3.0,2,0,1,1,1,Cairo,Old Cairo,Downtown,2nd,Semi,completed,4721536.95
94.2,2.0,1,0,0,1,1,Giza,New Giza,New Giza,2nd,Yes,completed,6412631.3
142.7,2.0,2,0,1,1,1,Giza,New Giza,New Giza,2nd,Semi,under_construction,6617421.76
101.7,2.0,1,0,1,1,1,Ismailia,Central,El Afrang,1st,No,completed,1620139.76
105.9,4.0,4,0,0,1,1,Suez,South,El Suez District,1st,No,completed,1788926.83
160.1,1.0,1,0,1,1,1,Suez,South,El Suez District,2nd,No,completed,2295993.26
135.3,3.0,2,0,1,0,1,Alexandria,West,Borg El Arab,2nd,No,under_construction,1818974.25
144.1,4.0,3,0,1,1,1,Cairo,New Cairo,Heliopolis,2nd,No,completed,5327176.22
132.7,3.0,2,0,1,1,1,Cairo,Old Cairo,Downtown,1st,Semi,under_construction,3901893.31
90.8,2.0,1,0,1,1,1,Cairo,New Cairo,Heliopolis,2nd,No,under_construction,2792221.89
96.1,4.0,3,0,1,0,1,Giza,New Giza,New Giza,2nd,No,completed,4885925.44
103.4,1.0,1,0,0,1,1,Alexandria,West,Borg El Arab,2nd,No,completed,1504027.56
154.4,4.0,3,0,0,1,1,Giza,New Giza,New Giza,1st,No,completed,9156800.3
88.2,2.0,2,0,1,1,1,Aswan,Central,El Shallal,1st,No,completed,1102394.33
167.9,3.0,3,0,1,0,1,Tanta,Central,Saeed,1st,No,completed,2199121.35
96.2,1.0,1,0,1,0,1,Luxor,East Bank,El Karnak,2nd,Semi,completed,1378298.26
133.3,2.0,2,0,1,0,1,Port Said,West,El Zohour,1st,No,under_construction,1891704.2
99.7,3.0,2,0,1,1,1,Suez,South,El Suez District,2nd,Semi,completed,1294613.86
114.2,3.0,2,0,1,1,1,Mansoura,Central,Toriel,1st,No,completed,1842145.16
98.5,2.0,2,0,1,1,1,Cairo,Old Cairo,Maadi,3rd,No,completed,3807245.19
112.4,2.0,1,0,0,0,1,Luxor,East Bank,El Awameya,1st,No,completed,1438499.83
82.1,2.0,2,0,1,1,1,Port Said,East,El Manakh,2nd,Yes,completed,1353280.22
188.3,2.0,2,0,0,1,1,Cairo,Old Cairo,Zamalek,1st,No,completed,11437267.21
138.5,3.0,2,0,1,0,1,Alexandria,East,Sidi Gaber,2nd,Semi,completed,3378742.92
96.4,2.0,1,0,1,1,1,Giza,West Giza,6th of October,1st,No,completed,2913463.57
170.8,2.0,1,0,0,0,1,Aswan,Central,El Sad El Ali,1st,Yes,off_plan,1895603.07
91.2,3.0,2,0,1,1,1,Cairo,New Cairo,Fifth Settlement,2nd,No,completed,3964423.57
91.7,1.0,1,0,1,1,1,Suez,North,El Arbaien,2nd,No,completed,1769822.45
68.6,4.0,3,0,1,1,1,Cairo,Old Cairo,Downtown,2nd,No,completed,2462703.45
192.8,3.0,2,0,1,1,1,Alexandria,East,Sidi Bishr,1st,Semi,completed,4672381.1
220.0,2.0,1,0,1,0,1,Ismailia,Central,El Afrang,1st,No,completed,3103651.19
153.3,3.0,3,0,1,0,1,Cairo,Old Cairo,Zamalek,1st,No,completed,9843024.45
110.6,3.0,3,0,1,1,1,Luxor,East Bank,El Awameya,1st,No,under_construction,1112695.37
148.1,4.0,3,0,1,0,1,Suez,North,El Arbaien,1st,No,off_plan,1938158.18
114.2,,4,1,1,1,1,Giza,West Giza,Haram,1st,No,under_construction,1845706.13
106.4,2.0,1,0,1,1,1,Port Said,West,El Zohour,1st,Semi,completed,2130862.1
263.2,2.0,2,0,1,1,1,Alexandria,East,Sidi Bishr,1st,No,completed,5340728.97
141.4,3.0,2,0,1,1,1,Cairo,Old Cairo,Zamalek,1st,No,completed,7880266.59
87.2,2.0,1,0,1,1,1,Giza,West Giza,Mohandessin,2nd,No,under_construction,2796079.42
118.4,3.0,3,0,1,1,1,Port Said,East,El Shark,2nd,Semi,completed,2185471.96
136.8,2.0,2,0,0,1,0,Cairo,Old Cairo,Maadi,1st,No,completed,4913141.19
142.0,,2,1,1,0,1,Alexandria,West,Agami,2nd,No,under_construction,1979709.89
94.1,4.0,3,0,1,1,1,Alexandria,West,Agami,1st,No,completed,1637778.1
93.8,3.0,2,0,1,1,1,Ismailia,Central,El Sheikh Zayed,1st,Yes,off_plan,1321447.59
131.6,,1,1,1,0,1,Cairo,Old Cairo,Maadi,2nd,Yes,completed,5347099.88
121.8,4.0,4,0,1,1,1,Cairo,New Cairo,First Settlement,1st,Yes,under_construction,4185949.78
201.4,3.0,2,0,1,1,1,Suez,South,El Suez District,1st,Yes,completed,2977620.46
114.2,2.0,2,0,1,1,1,Mansoura,Central,Toriel,1st,No,under_construction,1416316.55
123.0,3.0,3,0,0,0,1,Tanta,Central,Saeed,1st,No,completed,1869261.3
104.5,2.0,2,0,0,1,0,Aswan,Central,El Sad El Ali,2nd,No,completed,1392747.96
140.8,5.0,4,0,0,1,1,Aswan,Central,El Shallal,1st,No,completed,1935779.17
183.5,5.0,4,0,0,1,1,Giza,New Giza,New Giza,2nd,Yes,completed,11201453.31
99.9,2.0,1,0,1,1,1,Tanta,Central,El Geish,2nd,No,completed,1392142.08
131.5,3.0,2,0,1,1,1,Giza,West Giza,Sheikh Zayed,3rd,Yes,off_plan,5127987.39
152.6,1.0,1,0,1,1,1,Cairo,New Cairo,Nasr City,1st,No,under_construction,3495568.34
284.0,3.0,2,0,1,1,1,Cairo,New Cairo,Madinaty,1st,Yes,off_plan,9988653.53
92.2,2.0,1,0,1,0,1,Luxor,West Bank,El Gezira,1st,Semi,under_construction,884705.78
124.8,5.0,4,0,1,0,1,Suez,South,El Suez District,1st,No,completed,2044670.82
78.9,3.0,3,0,1,0,1,Suez,South,El Suez District,1st,Yes,completed,1421777.94
188.2,3.0,2,0,1,0,1,Luxor,West Bank,El Gezira,1st,Semi,under_construction,2011638.26
109.6,2.0,1,0,0,1,1,Giza,New Giza,New Giza,2nd,Yes,under_construction,5953960.97
217.2,3.0,2,0,1,1,1,Alexandria,West,Agami,1st,Yes,completed,5258279.15
100.3,4.0,4,0,1,0,1,Giza,New Giza,New Giza,1st,Yes,completed,6912880.64
118.4,3.0,3,0,0,1,1,Port Said,West,El Zohour,2nd,Semi,under_construction,1797295.35
109.8,4.0,4,0,1,0,1,Luxor,East Bank,El Awameya,1st,No,off_plan,905676.59
121.1,,2,1,1,1,1,Mansoura,Central,El Mashaya,1st,Semi,completed,2218863.59
134.7,3.0,2,0,1,1,1,Ismailia,Central,El Sheikh Zayed,2nd,No,off_plan,1600834.96
196.3,3.0,2,0,1,1,1,Aswan,Central,El Shallal,1st,No,completed,2303101.6
92.7,5.0,5,0,1,1,1,Cairo,Old Cairo,Maadi,2nd,No,off_plan,2736404.8
187.1,2.0,2,0,1,1,1,Cairo,New Cairo,Rehab,3rd,Semi,completed,8910087.5
169.8,3.0,2,0,1,1,1,Mansoura,Central,Toriel,1st,No,completed,2523614.28
78.4,2.0,1,0,1,1,1,Port Said,West,El Zohour,2nd,Yes,under_construction,1439995.55
97.8,,2,1,1,1,0,Giza,West Giza,Haram,2nd,No,completed,2171222.5
123.1,3.0,2,0,1,1,1,Alexandria,West,Agami,2nd,No,completed,2290165.39
226.5,5.0,5,0,1,1,1,Giza,West Giza,Mohandessin,1st,Yes,under_construction,7477248.54
132.4,5.0,4,0,1,1,1,Giza,New Giza,New Giza,1st,Yes,off_plan,7021357.63
132.4,1.0,1,0,1,1,1,Giza,New Giza,New Giza,2nd,Yes,completed,7934575.67
301.6,4.0,4,0,1,1,1,Giza,New Giza,New Giza,1st,No,under_construction,12485751.83
77.7,1.0,1,0,1,1,1,Ismailia,Central,El Afrang,1st,Semi,completed,1169351.9
136.4,5.0,4,0,0,1,1,Luxor,West Bank,El Gezira,1st,No,under_construction,1534368.16
90.9,1.0,1,0,1,1,1,Aswan,Central,El Sad El Ali,1st,No,completed,1545478.74
120.8,5.0,4,0,1,1,1,Giza,West Giza,Sheikh Zayed,1st,Yes,completed,5559570.3
159.3,2.0,1,0,1,1,1,Alexandria,West,Borg El Arab,1st,No,completed,2826422.67
75.2,3.0,2,0,1,1,1,Alexandria,West,Borg El Arab,2nd,Yes,completed,1468835.58
191.0,4.0,3,0,1,1,1,Cairo,Old Cairo,Maadi,1st,Semi,completed,7551147.28
180.3,3.0,3,0,1,1,1,Giza,West Giza,Dokki,2nd,No,completed,4977553.05
175.1,5.0,4,0,1,0,1,Cairo,Old Cairo,Zamalek,2nd,No,completed,11535613.23
82.9,3.0,2,0,0,1,1,Cairo,Old Cairo,Maadi,1st,Yes,under_construction,3385308.24
190.5,1.0,1,0,1,1,1,Cairo,New Cairo,Heliopolis,1st,Yes,completed,7427635.57
170.6,2.0,2,0,1,1,1,Mansoura,Central,Toriel,1st,No,completed,2511816.93
79.9,2.0,1,0,1,1,1,Cairo,Old Cairo,Downtown,2nd,No,under_construction,1919426.82
126.1,3.0,3,0,1,0,1,Ismailia,Central,El Sheikh Zayed,2nd,No,off_plan,1519687.32
148.2,1.0,1,0,0,1,1,Alexandria,East,Sidi Gaber,1st,No,completed,3122272.28
143.3,3.0,2,0,0,0,1,Cairo,Old Cairo,Zamalek,1st,No,completed,9622365.53
83.3,3.0,2,0,1,1,1,Luxor,West Bank,El Gezira,1st,No,completed,1105167.59
136.9,2.0,1,0,1,0,1,Cairo,New Cairo,Nasr City,1st,Semi,under_construction,3222254.36
86.7,3.0,3,0,1,0,1,Tanta,Central,Saeed,1st,No,completed,1168898.95
137.6,2.0,1,0,1,1,1,Ismailia,Central,El Sheikh Zayed,2nd,Yes,completed,2692878.26
184.5,2.0,2,0,1,0,1,Port Said,East,El Shark,2nd,Yes,under_construction,2979488.72
124.7,4.0,4,0,1,1,1,Aswan,Central,El Sad El Ali,2nd,Yes,off_plan,1559177.62
100.6,3.0,3,0,0,0,1,Luxor,West Bank,El Gezira,1st,No,under_construction,1182824.98
70.1,2.0,1,0,1,1,1,Cairo,Old Cairo,Maadi,1st,Yes,completed,2737322.51
97.8,2.0,1,0,1,1,0,Giza,West Giza,Dokki,2nd,Yes,off_plan,2324670.63
161.2,2.0,1,0,1,1,1,Cairo,Old Cairo,Maadi,3rd,No,under_construction,5605160.62
119.7,4.0,3,0,0,0,1,Port Said,East,El Manakh,1st,Semi,completed,1817870.88
152.6,2.0,1,0,1,1,1,Suez,South,El Suez District,1st,No,completed,2569835.44
109.8,2.0,2,0,1,0,1,Giza,New Giza,New Giza,2nd,No,completed,5663223.72
115.6,3.0,2,0,1,0,0,Cairo,Old Cairo,Maadi,3rd,No,off_plan,3342606.32
108.3,4.0,4,0,0,1,1,Ismailia,Central,El Sheikh Zayed,2nd,No,completed,2004803.95
139.9,1.0,1,0,1,1,1,Cairo,Old Cairo,Zamalek,2nd,No,under_construction,7411890.28
85.1,2.0,2,0,1,1,1,Luxor,West Bank,El Gezira,1st,Semi,completed,1317607.33
81.5,4.0,3,0,1,0,1,Mansoura,Central,Toriel,1st,Semi,under_construction,1128888.85
141.6,2.0,2,0,0,1,1,Cairo,Old Cairo,Zamalek,2nd,Semi,completed,8242351.93
82.6,3.0,2,0,1,1,1,Cairo,Old Cairo,Zamalek,1st,Semi,under_construction,3591973.46
66.1,5.0,4,0,1,0,1,Cairo,New Cairo,Fifth Settlement,1st,Yes,under_construction,3450567.88
160.2,1.0,1,0,1,1,1,Tanta,Central,Saeed,1st,Yes,under_construction,1874518.75
90.5,3.0,3,0,1,1,1,Cairo,Old Cairo,Zamalek,1st,Semi,completed,6184025.03
91.1,3.0,3,0,1,1,1,Giza,New Giza,New Giza,1st,No,completed,5239835.11
142.0,4.0,4,0,1,1,1,Giza,West Giza,Sheikh Zayed,1st,Semi,completed,7210355.82
155.6,3.0,3,0,0,1,1,Alexandria,East,Sidi Gaber,1st,Semi,completed,4126522.8
107.7,1.0,1,0,0,1,1,Giza,New Giza,New Giza,2nd,No,completed,5931472.04
122.4,2.0,1,0,1,1,1,Cairo,Old Cairo,Zamalek,2nd,Yes,off_plan,6302908.1
180.9,5.0,4,0,1,0,1,Luxor,East Bank,El Karnak,1st,No,completed,2028427.61
186.6,4.0,4,0,1,0,1,Giza,West Giza,Haram,1st,No,completed,3637818.14
230.3,3.0,2,0,0,1,1,Luxor,West Bank,El Gezira,1st,No,under_construction,2611041.54
74.8,2.0,1,0,1,0,1,Luxor,West Bank,El Gezira,1st,No,completed,1099843.43
90.7,3.0,2,0,1,1,1,Suez,South,El Suez District,2nd,No,under_construction,1277040.09
100.4,2.0,2,0,1,1,1,Mansoura,Central,Toriel,1st,No,under_construction,1221097.99
67.1,3.0,2,0,1,0,1,Giza,West Giza,Dokki,1st,No,completed,1833630.57
120.6,2.0,2,0,1,1,1,Mansoura,Central,Toriel,1st,Semi,off_plan,1442359.31
137.2,4.0,3,0,1,1,1,Cairo,New Cairo,Madinaty,4th,No,completed,7729275.41
101.8,4.0,3,0,1,0,1,Tanta,Central,Saeed,1st,No,off_plan,1168410.4
239.2,3.0,2,0,0,0,1,Giza,West Giza,Dokki,1st,Semi,completed,6651502.13
125.8,2.0,1,0,1,1,1,Port Said,West,El Zohour,2nd,No,under_construction,1872686.98
107.0,2.0,2,0,1,0,0,Suez,North,El Arbaien,1st,Yes,under_construction,1365742.13
86.3,1.0,1,0,0,1,1,Luxor,East Bank,El Karnak,2nd,No,under_construction,960897.94
120.4,3.0,3,0,1,1,1,Port Said,East,El Shark,1st,Yes,completed,2159373.83
98.9,3.0,2,0,1,1,1,Cairo,Old Cairo,Maadi,1st,No,under_construction,3028327.58
152.9,4.0,3,0,1,1,1,Alexandria,West,Borg El Arab,2nd,No,off_plan,1777488.59
80.8,2.0,1,0,1,1,1,Aswan,Central,El Shallal,1st,Semi,completed,1330225.25
224.8,3.0,3,0,1,1,1,Port Said,East,El Shark,1st,No,completed,3829461.15
201.8,3.0,2,0,1,0,1,Port Said,West,El Zohour,1st,Semi,completed,3943321.39
120.0,3.0,2,0,1,1,1,Alexandria,West,Agami,1st,No,completed,2800107.47
219.8,5.0,4,0,1,1,1,Alexandria,West,Agami,1st,No,completed,4914984.38
216.0,2.0,2,0,1,1,1,Mansoura,Central,El Mashaya,2nd,Semi,completed,3511889.03
108.2,3.0,2,0,1,1,1,Luxor,West Bank,El Gezira,1st,Semi,completed,1784525.83
102.2,,4,1,1,1,1,Luxor,East Bank,El Karnak,1st,Semi,completed,1264097.3
146.9,2.0,2,0,1,1,1,Giza,New Giza,New Giza,1st,No,off_plan,7265985.28
153.0,3.0,2,0,1,0,1,Suez,North,Faisal,1st,No,completed,2038057.11
119.9,3.0,2,0,0,0,1,Port Said,East,El Manakh,1st,Yes,completed,2388123.16
116.0,2.0,1,0,1,1,1,Cairo,New Cairo,Heliopolis,1st,No,under_construction,3306220.04
100.3,3.0,2,0,1,0,1,Giza,New Giza,New Giza,1st,No,completed,5652982.74
158.9,3.0,2,0,1,1,1,Cairo,Old Cairo,Zamalek,2nd,No,completed,8842198.31
120.2,3.0,3,0,1,1,1,Cairo,New Cairo,Heliopolis,2nd,Yes,completed,4218275.11
235.2,3.0,3,0,0,1,1,Giza,West Giza,6th of October,1st,No,under_construction,6026162.78
126.5,1.0,1,0,1,1,1,Tanta,Central,El Geish,2nd,Yes,completed,2159507.82
176.6,3.0,3,0,1,1,0,Cairo,New Cairo,Rehab,1st,No,completed,7533298.11
140.4,4.0,3,0,0,1,1,Giza,West Giza,Haram,1st,No,under_construction,2337097.64
113.6,2.0,1,0,1,1,1,Cairo,New Cairo,First Settlement,3rd,Yes,under_construction,4423325.2
141.6,2.0,1,0,1,0,1,Cairo,New Cairo,Rehab,1st,No,completed,5867278.9
90.5,3.0,3,0,0,0,1,Cairo,New Cairo,Nasr City,1st,No,completed,2699064.59
177.7,3.0,3,0,0,0,1,Alexandria,East,Sidi Bishr,1st,No,completed,4210976.21
59.4,4.0,3,0,1,0,1,Cairo,New Cairo,Rehab,1st,Semi,under_construction,2606297.38
132.7,3.0,3,0,0,1,1,Cairo,Old Cairo,Downtown,2nd,No,completed,4494407.2
76.2,4.0,4,0,1,0,1,Giza,New Giza,New Giza,2nd,No,under_construction,3994652.79
239.0,2.0,1,0,1,1,1,Cairo,Old Cairo,Maadi,1st,Yes,completed,8540562.34
162.6,3.0,3,0,1,1,1,Alexandria,East,Sidi Bishr,1st,No,under_construction,3036131.44
113.9,2.0,1,0,0,0,1,Cairo,Old Cairo,Downtown,2nd,Semi,under_construction,2826202.86
198.5,4.0,3,0,1,0,1,Giza,New Giza,New Giza,1st,No,completed,11807291.71
100.0,2.0,1,0,1,0,1,Cairo,Old Cairo,Zamalek,1st,Semi,completed,6294197.41
112.9,2.0,1,0,1,1,1,Aswan,Central,El Sad El Ali,1st,Yes,under_construction,1618728.41
84.6,1.0,1,0,1,1,1,Cairo,New Cairo,Nasr City,1st,No,completed,2466913.42
168.3,3.0,2,0,1,1,1,Alexandria,East,Sidi Gaber,1st,Semi,completed,4358286.95
224.4,3.0,2,0,1,1,1,Giza,New Giza,New Giza,1st,No,completed,13191013.72
133.0,3.0,3,0,1,1,0,Giza,West Giza,Sheikh Zayed,1st,Semi,completed,7168225.19
63.5,4.0,3,0,1,0,1,Port Said,West,El Zohour,2nd,No,off_plan,869035.87
130.6,2.0,2,0,1,0,1,Suez,North,El Arbaien,2nd,Yes,off_plan,1761271.87
136.0,1.0,1,0,0,1,1,Giza,New Giza,New Giza,2nd,No,under_construction,6878976.25
80.0,4.0,3,0,0,0,1,Cairo,New Cairo,Madinaty,4th,No,under_construction,3441556.95
155.6,2.0,1,0,1,1,1,Giza,West Giza,Sheikh Zayed,3rd,Semi,under_construction,6665346.95
173.2,2.0,1,0,1,1,1,Cairo,Old Cairo,Downtown,2nd,No,completed,5065185.25
247.8,4.0,3,0,1,0,0,Cairo,Old Cairo,Zamalek,1st,Semi,completed,17535044.39
228.0,5.0,5,0,1,1,1,Giza,New Giza,New Giza,1st,No,completed,13043784.57
121.9,,3,1,1,0,1,Aswan,Central,El Shallal,1st,No,completed,1932271.83
211.5,1.0,1,0,0,1,1,Ismailia,Central,El Sheikh Zayed,1st,No,completed,3506132.74
129.8,2.0,1,0,1,1,1,Cairo,New Cairo,Madinaty,2nd,No,completed,6133254.27
76.9,3.0,2,0,1,1,1,Cairo,New Cairo,Fifth Settlement,3rd,Yes,off_plan,3386486.48
112.4,,1,1,1,0,1,Giza,New Giza,New Giza,1st,Yes,completed,6936054.72
79.5,2.0,1,0,1,1,1,Alexandria,West,Agami,1st,Yes,completed,1950057.73
134.3,5.0,4,0,1,1,1,Tanta,Central,El Geish,2nd,No,under_construction,1917459.89
205.4,2.0,1,0,0,0,1,Giza,West Giza,Dokki,1st,No,off_plan,5443072.57
94.7,3.0,2,0,1,1,1,Cairo,Old Cairo,Downtown,1st,No,under_construction,2502806.69
130.4,4.0,4,0,1,1,1,Ismailia,Central,El Sheikh Zayed,1st,No,completed,2300247.33
136.2,2.0,1,0,1,1,1,Port Said,West,El Zohour,1st,No,completed,2550664.45
137.4,4.0,4,0,1,0,1,Aswan,Central,El Sad El Ali,2nd,No,off_plan,1623145.67
212.8,3.0,3,0,1,1,1,Aswan,Central,El Shallal,1st,Semi,completed,3351141.07
105.6,2.0,1,0,1,0,1,Suez,North,El Arbaien,2nd,No,completed,1662927.07
225.2,4.0,4,0,1,0,0,Cairo,New Cairo,Heliopolis,1st,No,completed,7828079.63
177.4,3.0,2,0,1,0,1,Aswan,Central,El Shallal,1st,Yes,completed,3002086.32
136.8,4.0,3,0,1,1,1,Ismailia,Central,El Sheikh Zayed,2nd,No,completed,2457192.04
112.2,4.0,3,0,1,1,1,Giza,New Giza,New Giza,2nd,No,under_construction,5815217.18
228.0,3.0,3,0,1,0,1,Cairo,Old Cairo,Downtown,2nd,Yes,completed,7324711.34
125.0,3.0,2,0,1,0,1,Cairo,New Cairo,First Settlement,1st,No,completed,5651339.05
164.8,,2,1,1,0,1,Cairo,New Cairo,Madinaty,4th,No,completed,7684072.86
175.3,2.0,1,0,1,1,1,Giza,West Giza,Sheikh Zayed,1st,No,completed,8453622.93
104.3,3.0,3,0,1,1,1,Cairo,New Cairo,Rehab,2nd,Semi,completed,4589228.45
69.1,4.0,3,0,1,1,1,Alexandria,West,Agami,2nd,Yes,completed,1819394.36
209.5,3.0,2,0,1,1,1,Giza,New Giza,New Giza,1st,No,completed,12019989.54
177.8,5.0,4,0,0,0,1,Mansoura,Central,El Mashaya,1st,No,under_construction,2802547.14
137.5,2.0,1,0,1,1,1,Cairo,Old Cairo,Maadi,3rd,Semi,off_plan,3991329.54
78.5,2.0,1,0,1,0,1,Aswan,Central,El Sad El Ali,1st,No,completed,1207409.33
166.6,5.0,4,0,0,1,1,Cairo,Old Cairo,Downtown,2nd,No,under_construction,5172971.38
120.9,3.0,2,0,0,1,1,Giza,New Giza,New Giza,2nd,Yes,under_construction,5733316.94
99.9,5.0,5,0,1,0,1,Cairo,Old Cairo,Downtown,1st,No,completed,3628845.11
111.3,4.0,4,0,1,1,1,Giza,New Giza,New Giza,1st,Semi,under_construction,5820305.35
158.3,2.0,1,0,0,1,1,Port Said,West,El Zohour,2nd,No,completed,2884269.01
171.5,3.0,2,0,1,1,1,Ismailia,Central,El Afrang,1st,Yes,completed,2971392.32
152.7,2.0,2,0,1,1,1,Giza,West Giza,Sheikh Zayed,2nd,No,completed,7498177.34
91.4,3.0,2,0,1,0,1,Alexandria,East,Smouha,1st,No,completed,2653231.43
110.3,3.0,3,0,0,0,1,Cairo,New Cairo,Madinaty,3rd,Yes,completed,5515831.89
110.3,1.0,1,0,0,0,1,Alexandria,West,Agami,1st,No,completed,2032765.88
61.1,3.0,2,0,1,1,1,Tanta,Central,El Geish,1st,Semi,under_construction,897517.44
117.0,3.0,3,0,1,0,1,Cairo,Old Cairo,Downtown,1st,Semi,completed,4240273.35
109.0,2.0,2,0,0,0,1,Aswan,Central,El Sad El Ali,1st,Semi,completed,1781265.13
88.9,2.0,1,0,1,0,1,Mansoura,Central,El Mashaya,1st,No,off_plan,1128837.18
104.3,3.0,2,0,0,1,1,Cairo,New Cairo,Heliopolis,2nd,Yes,under_construction,3262426.78
153.9,2.0,2,0,0,1,1,Cairo,Old Cairo,Downtown,2nd,Semi,under_construction,4418954.9
187.3,2.0,2,0,1,1,1,Mansoura,Central,El Mashaya,2nd,Yes,completed,3611885.62
127.6,3.0,2,0,1,0,1,Luxor,West Bank,El Gezira,1st,No,under_construction,1419298.78
84.4,,2,1,1,1,1,Tanta,Central,El Geish,2nd,No,completed,1388507.25
140.5,1.0,1,0,1,1,1,Suez,North,Faisal,1st,Semi,completed,1898983.73
128.2,1.0,1,0,0,1,1,Giza,West Giza,Haram,2nd,Yes,completed,2916318.71
60.6,3.0,2,0,1,1,1,Giza,New Giza,New Giza,2nd,No,under_construction,2870208.77
58.2,2.0,2,0,1,1,1,Giza,West Giza,Dokki,2nd,Yes,completed,2007667.0
90.0,2.0,1,0,1,1,1,Alexandria,West,Agami,2nd,No,completed,1934416.86
95.4,2.0,2,0,1,1,1,Mansoura,Central,El Mashaya,1st,No,completed,1612390.52
138.9,5.0,4,0,0,0,1,Cairo,New Cairo,Madinaty,1st,No,completed,6578960.58
107.0,3.0,2,0,1,1,1,Giza,West Giza,Sheikh Zayed,2nd,Semi,off_plan,3857832.78
50.2,4.0,4,0,0,1,1,Giza,New Giza,New Giza,2nd,No,completed,2628607.68
147.8,3.0,3,0,0,1,1,Cairo,Old Cairo,Zamalek,1st,Semi,completed,10796781.87
88.4,,4,1,1,1,1,Giza,West Giza,Sheikh Zayed,3rd,No,completed,4457600.49
156.4,4.0,3,0,1,1,1,Giza,New Giza,New Giza,1st,Semi,under_construction,7128294.36
136.6,1.0,1,0,1,1,1,Tanta,Central,El Geish,1st,Yes,under_construction,2185323.7
146.0,3.0,2,0,1,0,0,Alexandria,West,Borg El Arab,1st,No,under_construction,2257522.2
161.6,1.0,1,0,1,1,1,Giza,New Giza,New Giza,1st,No,under_construction,9093468.36
85.6,2.0,2,0,1,1,1,Giza,West Giza,Mohandessin,2nd,No,completed,3066150.84
71.5,1.0,1,0,1,0,1,Alexandria,East,Sidi Gaber,1st,Yes,off_plan,1501061.56
119.1,4.0,4,0,1,0,0,Alexandria,East,Smouha,3rd,Semi,completed,3424526.06
115.8,4.0,3,0,0,0,1,Tanta,Central,El Geish,2nd,No,under_construction,1678527.63
70.2,3.0,2,0,1,0,1,Giza,West Giza,Haram,1st,No,completed,1511634.02
174.7,5.0,4,0,1,0,1,Alexandria,East,Sidi Bishr,2nd,Yes,completed,4940738.9
123.1,3.0,2,0,1,1,1,Cairo,Old Cairo,Zamalek,1st,No,under_construction,6486663.61
127.4,3.0,2,0,1,0,1,Mansoura,Central,El Mashaya,2nd,Semi,completed,2308036.91
192.2,4.0,4,0,0,1,1,Aswan,Central,El Shallal,1st,Yes,completed,2622739.52
116.2,3.0,2,0,1,1,1,Cairo,New Cairo,First Settlement,1st,Semi,off_plan,3920312.89
222.6,4.0,4,0,1,1,1,Ismailia,Central,El Afrang,1st,No,completed,3710331.29
134.4,2.0,1,0,1,0,1,Suez,South,El Suez District,1st,Semi,completed,2034142.71
148.7,2.0,2,0,1,1,1,Port Said,West,El Zohour,1st,No,completed,3263365.38
206.1,3.0,2,0,0,0,1,Cairo,Old Cairo,Downtown,1st,No,under_construction,4806671.04
92.8,5.0,5,0,1,0,1,Luxor,West Bank,El Gezira,1st,Semi,under_construction,1088511.48
106.2,1.0,1,0,1,1,1,Giza,West Giza,Mohandessin,2nd,Yes,under_construction,2934070.34
158.4,2.0,1,0,1,1,1,Cairo,Old Cairo,Downtown,2nd,No,under_construction,4047877.01
170.3,2.0,2,0,0,0,1,Aswan,Central,El Shallal,1st,Yes,completed,2600146.41
241.1,5.0,4,0,1,1,1,Giza,New Giza,New Giza,1st,No,completed,15006274.82
98.7,3.0,3,0,1,0,1,Alexandria,East,Sidi Gaber,2nd,Semi,completed,2384355.17
90.7,3.0,2,0,1,0,1,Tanta,Central,El Geish,2nd,No,completed,1528809.31
130.2,3.0,2,0,0,0,1,Giza,West Giza,Mohandessin,1st,Yes,completed,4465068.73
69.6,2.0,2,0,0,1,1,Cairo,Old Cairo,Downtown,2nd,Yes,completed,2545766.06
171.2,3.0,2,0,1,1,1,Cairo,Old Cairo,Downtown,1st,No,completed,5223707.78
173.1,,3,1,1,1,0,Cairo,New Cairo,Madinaty,3rd,No,completed,8104156.65
85.7,3.0,2,0,1,0,1,Alexandria,West,Borg El Arab,1st,Semi,completed,1613863.32
90.7,2.0,1,0,1,0,1,Alexandria,West,Agami,2nd,No,completed,2098020.02
81.2,3.0,2,0,1,0,1,Cairo,Old Cairo,Maadi,3rd,No,completed,3047766.28
232.1,5.0,4,0,1,1,1,Aswan,Central,El Shallal,1st,No,completed,3345256.01
60.6,1.0,1,0,1,0,1,Ismailia,Central,El Sheikh Zayed,1st,Semi,completed,1181489.83
88.4,3.0,2,0,1,1,0,Suez,North,El Arbaien,1st,No,off_plan,1226922.65
93.2,,2,1,1,1,0,Luxor,West Bank,El Gezira,1st,No,completed,1316555.81
116.5,1.0,1,0,1,1,1,Cairo,Old Cairo,Maadi,3rd,No,completed,4264027.39
102.4,3.0,2,0,1,1,1,Giza,New Giza,New Giza,2nd,No,under_construction,5071830.65
79.6,2.0,2,0,0,0,0,Suez,South,El Suez District,2nd,No,off_plan,874105.19
70.8,3.0,3,0,1,1,1,Aswan,Central,El Shallal,1st,No,completed,935153.97
208.9,4.0,4,0,1,1,1,Alexandria,West,Borg El Arab,1st,Yes,under_construction,3417506.1
155.0,4.0,3,0,1,1,1,Port Said,East,El Shark,2nd,Yes,completed,3481545.87
83.2,3.0,2,0,1,1,1,Giza,West Giza,Dokki,1st,Yes,completed,2423147.9
117.4,5.0,5,0,1,1,1,Alexandria,West,Borg El Arab,2nd,Semi,off_plan,1477446.91
145.0,2.0,2,0,1,0,1,Port Said,West,El Zohour,1st,Yes,completed,2925323.05
104.5,2.0,1,0,1,1,1,Giza,West Giza,Mohandessin,2nd,Yes,completed,3558940.01
133.1,2.0,1,0,1,1,1,Tanta,Central,Saeed,1st,No,completed,1671186.44
114.5,2.0,1,0,0,0,1,Mansoura,Central,El Mashaya,2nd,No,under_construction,1570700.8
129.4,3.0,3,0,1,0,1,Giza,New Giza,New Giza,1st,No,completed,6724968.21
106.5,4.0,4,0,1,1,1,Giza,New Giza,New Giza,2nd,Yes,under_construction,5662770.12
164.4,,5,1,1,0,1,Giza,New Giza,New Giza,1st,Yes,under_construction,8094988.07
118.2,2.0,1,0,1,1,1,Luxor,East Bank,El Karnak,2nd,No,under_construction,1277704.42
70.9,4.0,3,0,1,1,1,Aswan,Central,El Sad El Ali,1st,No,under_construction,765709.29
178.3,1.0,1,0,1,1,1,Luxor,East Bank,El Karnak,2nd,No,completed,2198061.01
171.1,3.0,3,0,0,1,1,Giza,West Giza,Mohandessin,2nd,Semi,under_construction,4840911.16
119.4,3.0,2,0,1,1,1,Mansoura,Central,Toriel,1st,Yes,completed,2042030.9
153.3,1.0,1,0,1,1,1,Ismailia,Central,El Afrang,1st,No,completed,2090475.82
85.8,2.0,2,0,1,1,0,Giza,New Giza,New Giza,1st,No,completed,5608310.43
117.9,2.0,1,0,1,1,1,Tanta,Central,Saeed,1st,No,completed,1685098.42
124.0,2.0,2,0,1,0,1,Cairo,Old Cairo,Maadi,1st,Semi,completed,5154214.07
132.1,2.0,2,0,1,1,1,Alexandria,East,Sidi Gaber,1st,No,off_plan,2353654.62
100.3,3.0,3,0,1,0,1,Mansoura,Central,El Mashaya,2nd,Yes,completed,1826195.11
89.1,3.0,3,0,1,0,1,Cairo,New Cairo,Fifth Settlement,3rd,No,under_construction,4102389.22
126.8,2.0,1,0,1,0,1,Cairo,Old Cairo,Maadi,1st,No,completed,4424965.25
85.8,2.0,1,0,1,1,1,Giza,New Giza,New Giza,1st,No,completed,4671589.36
179.1,2.0,1,0,1,1,1,Cairo,New Cairo,Nasr City,3rd,No,completed,4966772.98
147.6,3.0,2,0,1,0,1,Aswan,Central,El Shallal,1st,Yes,completed,2480502.59
96.6,3.0,2,0,0,1,0,Cairo,Old Cairo,Downtown,2nd,No,completed,3048580.8
123.0,1.0,1,0,1,1,1,Aswan,Central,El Sad El Ali,2nd,Semi,completed,1781653.32
128.1,4.0,3,0,1,1,1,Giza,New Giza,New Giza,1st,No,completed,7989090.8
163.4,3.0,2,0,0,1,1,Aswan,Central,El Sad El Ali,1st,No,completed,2524595.81
127.8,3.0,2,0,0,1,1,Alexandria,West,Agami,2nd,Semi,off_plan,2007820.6
138.7,2.0,1,0,0,0,1,Tanta,Central,Saeed,1st,No,completed,1979189.17
120.0,2.0,1,0,1,1,1,Luxor,East Bank,El Awameya,1st,No,completed,1493394.0
97.9,5.0,5,0,1,0,1,Cairo,Old Cairo,Downtown,1st,No,under_construction,2576802.56
195.6,3.0,2,0,1,1,1,Cairo,Old Cairo,Maadi,2nd,Semi,under_construction,5586733.05
101.2,4.0,3,0,1,1,1,Aswan,Central,El Shallal,1st,Yes,under_construction,1317759.46
120.3,2.0,1,0,1,1,1,Ismailia,Central,El Afrang,1st,No,completed,1690949.98
77.9,1.0,1,0,1,1,1,Alexandria,West,Borg El Arab,1st,No,completed,1041501.67
73.8,3.0,2,0,1,1,0,Ismailia,Central,El Sheikh Zayed,2nd,Yes,completed,1565318.16
105.2,2.0,1,0,1,0,0,Giza,West Giza,Sheikh Zayed,2nd,Semi,completed,5510730.81
141.6,,3,1,1,1,1,Luxor,East Bank,El Awameya,1st,Yes,off_plan,1494082.04
131.0,1.0,1,0,0,1,1,Alexandria,East,Smouha,3rd,No,completed,3466632.56
152.3,3.0,3,0,1,1,1,Ismailia,Central,El Sheikh Zayed,1st,Semi,completed,2872016.61
166.4,4.0,3,0,1,1,1,Alexandria,East,Sidi Bishr,2nd,Yes,completed,5083995.52
102.9,3.0,2,0,1,1,1,Cairo,New Cairo,Rehab,2nd,No,completed,4535527.67
214.6,4.0,3,0,1,0,1,Ismailia,Central,El Sheikh Zayed,2nd,Semi,off_plan,2844256.0
247.4,3.0,2,0,1,1,1,Cairo,New Cairo,Madinaty,1st,Yes,completed,10656859.18
71.9,4.0,4,0,1,1,1,Port Said,East,El Manakh,1st,No,under_construction,893735.95
186.8,2.0,1,0,1,1,1,Luxor,East Bank,El Karnak,2nd,Yes,completed,2366279.52
100.8,3.0,2,0,1,0,1,Giza,New Giza,New Giza,1st,Semi,completed,6462196.51
84.5,,2,1,1,1,1,Cairo,New Cairo,Fifth Settlement,2nd,No,completed,4339053.41
53.7,3.0,2,0,1,0,1,Mansoura,Central,El Mashaya,2nd,No,under_construction,833627.66
148.9,3.0,2,0,1,0,1,Cairo,New Cairo,Nasr City,2nd,Semi,off_plan,3808804.23
148.6,2.0,1,0,0,1,1,Alexandria,West,Borg El Arab,2nd,No,completed,2378582.85
293.6,2.0,1,0,1,0,0,Aswan,Central,El Shallal,1st,Semi,off_plan,2799783.24
90.9,3.0,3,0,1,1,1,Mansoura,Central,El Mashaya,2nd,Semi,completed,1774542.63
175.4,2.0,1,0,1,1,1,Tanta,Central,El Geish,2nd,No,off_plan,2070705.55
200.2,4.0,3,0,1,1,1,Giza,New Giza,New Giza,1st,Semi,off_plan,9303883.57
98.8,2.0,1,0,0,1,1,Cairo,New Cairo,Madinaty,4th,No,completed,4542488.4
116.1,2.0,1,0,1,1,1,Ismailia,Central,El Sheikh Zayed,2nd,Semi,completed,2008504.29
70.7,3.0,2,0,1,0,1,Alexandria,East,Sidi Bishr,1st,No,completed,1498884.23
130.1,2.0,1,0,1,1,1,Giza,West Giza,Mohandessin,2nd,Yes,completed,5466406.77
152.2,3.0,3,0,1,1,1,Cairo,New Cairo,Fifth Settlement,2nd,No,completed,7887025.25
124.4,4.0,3,0,0,0,1,Giza,West Giza,Haram,3rd,No,under_construction,2614873.98
110.3,3.0,3,0,1,1,1,Giza,West Giza,6th of October,3rd,Semi,under_construction,2929732.19
146.5,2.0,1,0,1,0,1,Alexandria,West,Borg El Arab,1st,Yes,completed,2801773.47
149.9,3.0,2,0,1,0,1,Port Said,West,El Zohour,1st,No,under_construction,2614296.53
155.7,2.0,2,0,0,1,0,Giza,New Giza,New Giza,2nd,Semi,completed,9083244.03
103.3,2.0,2,0,0,1,1,Alexandria,West,Borg El Arab,2nd,Semi,under_construction,1595044.86
140.5,3.0,2,0,0,0,1,Cairo,Old Cairo,Downtown,1st,No,off_plan,3119875.43
162.3,3.0,2,0,1,1,1,Giza,West Giza,6th of October,3rd,Yes,off_plan,4457254.01
113.3,,2,1,0,1,1,Cairo,New Cairo,Rehab,3rd,No,under_construction,3534835.4
338.9,5.0,4,0,1,1,1,Cairo,Old Cairo,Maadi,2nd,Yes,completed,15136969.63
126.3,3.0,3,0,1,1,1,Cairo,New Cairo,Nasr City,4th,Semi,completed,3754549.48
77.5,3.0,2,0,1,0,1,Cairo,New Cairo,Rehab,1st,Yes,under_construction,2935960.78
160.6,4.0,4,0,1,1,1,Cairo,New Cairo,First Settlement,2nd,Yes,under_construction,6138225.92
115.7,2.0,1,0,1,1,1,Cairo,New Cairo,Heliopolis,2nd,Semi,completed,4513675.96
122.6,5.0,4,0,1,1,1,Cairo,Old Cairo,Zamalek,2nd,No,under_construction,7342383.34
110.6,3.0,2,0,1,1,1,Luxor,West Bank,El Gezira,1st,Yes,completed,1463449.53
174.5,2.0,1,0,1,1,1,Giza,West Giza,Dokki,1st,Semi,completed,4683638.64
139.4,4.0,3,0,0,1,1,Port Said,West,El Zohour,2nd,No,completed,2591325.9
322.2,2.0,2,0,1,1,1,Giza,West Giza,Haram,2nd,Yes,completed,7220360.33
96.5,4.0,3,0,1,1,1,Alexandria,East,Smouha,3rd,No,completed,2721589.24
108.4,2.0,2,0,1,0,1,Mansoura,Central,El Mashaya,1st,Yes,under_construction,1639570.39
166.4,2.0,1,0,1,1,1,Mansoura,Central,Toriel,1st,No,completed,2674771.89
132.7,5.0,5,0,1,1,1,Suez,North,Faisal,1st,Yes,completed,2171232.96
167.5,3.0,2,0,0,1,1,Tanta,Central,El Geish,2nd,No,completed,2738823.7
136.8,4.0,4,0,1,0,1,Giza,West Giza,Sheikh Zayed,3rd,No,under_construction,4902015.21
132.3,2.0,1,0,1,1,1,Cairo,New Cairo,Rehab,1st,Semi,completed,6533839.36
117.8,2.0,1,0,1,1,1,Ismailia,Central,El Afrang,1st,No,under_construction,1221641.0
82.9,2.0,2,0,1,1,1,Ismailia,Central,El Sheikh Zayed,2nd,No,completed,1522074.48
156.0,3.0,2,0,1,0,1,Cairo,New Cairo,First Settlement,2nd,No,completed,6034503.35
289.0,3.0,2,0,1,1,1,Suez,North,Faisal,1st,No,completed,3788974.42
125.3,4.0,3,0,1,1,1,Cairo,Old Cairo,Zamalek,1st,No,completed,8244424.69
126.6,4.0,3,0,1,1,1,Tanta,Central,Saeed,1st,Semi,completed,1762455.74
94.7,2.0,1,0,1,1,0,Cairo,Old Cairo,Downtown,1st,Semi,completed,3384103.44
81.3,3.0,3,0,0,1,1,Giza,West Giza,Sheikh Zayed,3rd,No,completed,4408186.38
125.4,3.0,3,0,1,0,1,Cairo,New Cairo,Rehab,1st,Yes,under_construction,5624379.28
69.3,2.0,1,0,0,1,1,Cairo,Old Cairo,Zamalek,2nd,Semi,completed,4603069.52
139.2,4.0,3,0,1,0,1,Mansoura,Central,El Mashaya,1st,No,completed,2766474.44
211.7,,2,1,0,1,1,Cairo,Old Cairo,Zamalek,1st,No,under_construction,10772121.17
160.7,1.0,1,0,1,0,1,Luxor,West Bank,El Gezira,1st,No,completed,2146731.14
72.1,4.0,3,0,0,1,1,Giza,New Giza,New Giza,1st,No,under_construction,3327511.03
114.6,3.0,2,0,0,1,1,Cairo,Old Cairo,Downtown,1st,Semi,completed,3873960.39
99.6,,5,1,1,0,1,Mansoura,Central,Toriel,1st,No,completed,1442728.69
105.9,3.0,2,0,0,0,0,Luxor,West Bank,El Gezira,1st,Yes,off_plan,1229613.23
221.7,4.0,3,0,1,1,1,Cairo,Old Cairo,Downtown,2nd,No,under_construction,5227701.39
90.9,3.0,3,0,0,1,0,Giza,West Giza,Haram,2nd,No,completed,1872683.05
120.4,3.0,2,0,1,1,1,Cairo,New Cairo,Madinaty,2nd,No,completed,6249997.04
98.8,2.0,1,0,1,1,1,Mansoura,Central,Toriel,1st,No,off_plan,1100869.29
138.9,5.0,4,0,1,1,1,Port Said,East,El Shark,1st,No,completed,2939151.56
73.0,3.0,3,0,1,0,1,Giza,West Giza,Mohandessin,1st,No,under_construction,2282309.17
94.0,4.0,3,0,0,1,1,Port Said,East,El Shark,2nd,No,completed,1699019.94
146.3,3.0,3,0,1,1,1,Cairo,New Cairo,First Settlement,1st,Yes,completed,5669723.4
146.9,2.0,1,0,1,1,1,Giza,New Giza,New Giza,2nd,No,completed,8264898.93
130.1,,2,1,1,0,1,Cairo,Old Cairo,Zamalek,2nd,Semi,under_construction,8171323.39
96.1,,2,1,1,1,1,Port Said,West,El Zohour,2nd,Yes,completed,2199484.18
140.6,4.0,3,0,1,1,1,Cairo,Old Cairo,Zamalek,2nd,Yes,completed,9425601.63
224.0,1.0,1,0,1,1,1,Cairo,New Cairo,Fifth Settlement,3rd,No,completed,11279025.65
156.1,3.0,2,0,1,1,1,Giza,New Giza,New Giza,1st,Semi,completed,9917598.18
103.4,3.0,2,0,1,1,1,Tanta,Central,Saeed,1st,No,completed,1337991.75
104.2,2.0,1,0,1,0,1,Port Said,West,El Zohour,2nd,Yes,under_construction,2107562.97
137.3,,3,1,1,1,1,Cairo,New Cairo,Rehab,2nd,Semi,completed,6352191.75
164.3,4.0,3,0,1,1,0,Mansoura,Central,Toriel,1st,No,off_plan,1689852.36
102.7,,1,1,1,1,1,Suez,South,El Suez District,2nd,No,completed,1740221.44
156.8,3.0,2,0,1,0,1,Cairo,New Cairo,Rehab,1st,Semi,under_construction,5748313.69
215.4,4.0,3,0,1,1,1,Cairo,Old Cairo,Zamalek,1st,No,under_construction,11819668.85
94.0,5.0,4,0,0,1,1,Ismailia,Central,El Sheikh Zayed,2nd,No,under_construction,1270781.2
142.3,3.0,3,0,1,1,1,Cairo,New Cairo,Fifth Settlement,2nd,No,under_construction,5843525.49
69.2,2.0,1,0,1,1,1,Port Said,East,El Shark,1st,Semi,completed,1464246.4
85.3,5.0,4,0,1,1,1,Giza,West Giza,Mohandessin,2nd,No,under_construction,2735063.92
73.9,2.0,2,0,1,0,1,Giza,West Giza,Sheikh Zayed,1st,Yes,completed,4075803.03
110.2,2.0,1,0,0,1,1,Port Said,East,El Manakh,1st,Yes,completed,1994445.82
93.6,2.0,1,0,1,1,1,Suez,South,El Suez District,1st,Yes,under_construction,1207347.98
74.7,1.0,1,0,1,1,1,Alexandria,East,Sidi Gaber,1st,No,completed,2049462.9
135.8,2.0,2,0,1,1,1,Cairo,New Cairo,Fifth Settlement,1st,Semi,completed,8025894.44
81.1,2.0,1,0,1,1,1,Port Said,West,El Zohour,1st,No,completed,1448543.04
69.2,5.0,5,0,1,1,1,Cairo,Old Cairo,Zamalek,1st,No,completed,5320089.07
115.0,,3,1,1,1,1,Cairo,Old Cairo,Maadi,1st,Yes,under_construction,3922988.77
166.4,4.0,3,0,1,1,1,Luxor,East Bank,El Karnak,1st,No,completed,2260208.27
169.1,2.0,1,0,1,1,1,Cairo,New Cairo,Fifth Settlement,3rd,Yes,completed,8756772.77
88.0,3.0,2,0,1,0,1,Alexandria,East,Sidi Gaber,2nd,No,off_plan,1769317.54
91.9,3.0,3,0,1,1,0,Cairo,New Cairo,Rehab,1st,No,completed,3951134.7
108.7,3.0,3,0,1,1,1,Alexandria,East,Smouha,3rd,No,completed,3030906.98
49.5,,2,1,1,0,1,Tanta,Central,Saeed,1st,No,completed,605109.44
221.5,,1,1,1,1,1,Cairo,New Cairo,Madinaty,1st,Semi,under_construction,8239373.39
90.3,3.0,2,0,1,0,1,Alexandria,East,Sidi Gaber,1st,No,under_construction,1836705.83
84.0,3.0,3,0,1,1,1,Giza,New Giza,New Giza,2nd,Yes,completed,5600780.66
89.8,4.0,4,0,1,1,1,Cairo,Old Cairo,Maadi,2nd,Yes,completed,4083760.55
150.8,2.0,2,0,0,1,1,Cairo,New Cairo,Fifth Settlement,3rd,Yes,completed,7103554.06
88.9,4.0,3,0,0,1,1,Cairo,Old Cairo,Maadi,3rd,Semi,completed,3558068.34
80.8,4.0,3,0,1,1,1,Cairo,Old Cairo,Maadi,1st,No,under_construction,2474249.0
128.3,2.0,1,0,1,1,1,Giza,New Giza,New Giza,2nd,Yes,under_construction,6565145.79
106.6,4.0,4,0,1,1,1,Tanta,Central,El Geish,1st,No,completed,1617851.09
85.4,2.0,1,0,1,1,1,Port Said,East,El Shark,1st,Yes,completed,1905795.21
156.7,2.0,2,0,1,0,1,Tanta,Central,Saeed,1st,No,under_construction,1795834.42
175.9,5.0,4,0,1,1,1,Cairo,Old Cairo,Downtown,1st,Yes,completed,6022236.48
117.2,2.0,1,0,1,0,1,Giza,New Giza,New Giza,2nd,No,off_plan,4999799.52
91.0,4.0,4,0,1,1,1,Ismailia,Central,El Sheikh Zayed,1st,Semi,under_construction,1310527.19
107.6,2.0,2,0,1,1,0,Giza,West Giza,Dokki,1st,No,off_plan,2272861.7
148.8,2.0,1,0,1,1,1,Suez,North,Faisal,1st,No,under_construction,1574403.07
93.4,3.0,2,0,1,0,1,Mansoura,Central,El Mashaya,2nd,No,under_construction,1320385.01
104.5,,1,1,1,0,1,Ismailia,Central,El Sheikh Zayed,2nd,No,completed,1708837.34
203.2,4.0,3,0,1,1,1,Cairo,New Cairo,Nasr City,4th,Yes,completed,5969224.04
93.1,2.0,1,0,1,1,1,Alexandria,West,Borg El Arab,2nd,Semi,completed,1691444.17
152.6,3.0,3,0,1,0,1,Port Said,West,El Zohour,2nd,No,off_plan,1961505.24
112.6,3.0,2,0,0,1,1,Port Said,East,El Shark,1st,No,completed,1924457.17
112.9,2.0,2,0,1,0,1,Cairo,New Cairo,Rehab,3rd,Yes,under_construction,4801409.92
131.2,1.0,1,0,0,0,1,Suez,North,El Arbaien,2nd,Yes,under_construction,1998282.06
227.6,2.0,2,0,1,1,1,Ismailia,Central,El Sheikh Zayed,1st,Semi,completed,3732857.38
90.6,4.0,4,0,1,1,1,Giza,New Giza,New Giza,1st,No,under_construction,4479318.38
236.1,2.0,1,0,1,1,1,Tanta,Central,Saeed,1st,No,completed,3226316.31
108.8,2.0,1,0,1,1,1,Cairo,New Cairo,Nasr City,2nd,Semi,completed,2783257.87
110.3,3.0,2,0,1,0,1,Cairo,New Cairo,Heliopolis,1st,Yes,completed,4101275.04
175.3,4.0,3,0,1,1,1,Aswan,Central,El Sad El Ali,2nd,No,off_plan,1863911.86
149.0,4.0,3,0,0,1,1,Port Said,East,El Shark,2nd,Yes,completed,2747818.14
112.0,1.0,1,0,1,0,1,Cairo,New Cairo,Fifth Settlement,2nd,Yes,completed,6185234.98
149.7,3.0,2,0,1,1,1,Giza,New Giza,New Giza,2nd,Semi,completed,8890604.51
242.4,3.0,2,0,1,0,1,Giza,West Giza,Dokki,1st,Semi,under_construction,6508202.5
73.5,2.0,1,0,1,1,1,Cairo,New Cairo,Nasr City,3rd,No,completed,2090487.82
114.8,1.0,1,0,1,1,1,Cairo,New Cairo,Rehab,3rd,No,completed,4726218.86
111.7,2.0,2,0,1,1,1,Port Said,East,El Manakh,2nd,Semi,completed,1657360.88
94.5,4.0,4,0,1,1,1,Cairo,New Cairo,Heliopolis,2nd,Yes,off_plan,2922575.09
149.5,3.0,2,0,1,1,1,Alexandria,East,Sidi Gaber,1st,Yes,completed,3845773.98
155.6,3.0,2,0,1,1,1,Port Said,East,El Shark,1st,No,completed,2946336.43
91.2,3.0,2,0,1,0,1,Giza,West Giza,Mohandessin,2nd,No,completed,3016947.11
84.1,2.0,2,0,1,0,1,Tanta,Central,Saeed,1st,No,completed,1255909.35
227.8,3.0,3,0,1,1,1,Port Said,West,El Zohour,2nd,No,completed,4581151.77
103.4,3.0,3,0,1,1,1,Cairo,Old Cairo,Zamalek,2nd,Yes,completed,7759046.95
124.5,2.0,2,0,1,0,1,Giza,West Giza,Sheikh Zayed,3rd,Yes,completed,6657960.52
66.2,2.0,1,0,1,1,1,Giza,New Giza,New Giza,2nd,Semi,completed,4093139.44
95.0,5.0,5,0,0,1,1,Giza,New Giza,New Giza,1st,No,completed,6064744.14
105.5,2.0,2,0,1,1,1,Cairo,New Cairo,Rehab,1st,No,under_construction,3391962.3
131.3,2.0,1,0,1,0,1,Tanta,Central,El Geish,2nd,Yes,completed,2376119.99
206.7,3.0,2,0,1,0,1,Giza,New Giza,New Giza,1st,No,completed,12163318.09
97.9,2.0,2,0,1,0,1,Cairo,New Cairo,Fifth Settlement,1st,Yes,completed,6148900.55
93.4,2.0,1,0,1,1,1,Suez,North,El Arbaien,2nd,Yes,completed,1582396.37
139.5,5.0,5,0,1,1,1,Luxor,East Bank,El Karnak,2nd,Semi,under_construction,1780633.25
87.9,3.0,2,0,1,1,1,Giza,West Giza,Sheikh Zayed,2nd,No,completed,4473460.09
60.7,2.0,2,0,1,0,1,Cairo,New Cairo,Rehab,3rd,Yes,off_plan,2270873.41
97.3,3.0,2,0,1,1,1,Giza,West Giza,Sheikh Zayed,3rd,No,completed,4365172.78
101.7,3.0,3,0,0,0,1,Ismailia,Central,El Afrang,1st,No,under_construction,1292910.32
97.1,2.0,2,0,1,0,1,Giza,West Giza,Mohandessin,2nd,Semi,completed,3687077.1
103.9,5.0,5,0,1,1,1,Giza,West Giza,Dokki,2nd,Yes,completed,3800224.68
111.9,5.0,4,0,1,1,1,Luxor,West Bank,El Gezira,1st,Semi,completed,1653975.29
100.9,1.0,1,0,1,0,1,Giza,New Giza,New Giza,2nd,No,completed,6781283.39
76.4,4.0,3,0,1,0,0,Giza,New Giza,New Giza,1st,No,off_plan,3799733.17
97.1,4.0,3,0,0,0,1,Tanta,Central,Saeed,1st,Yes,completed,1424563.82
73.7,3.0,2,0,1,1,1,Giza,West Giza,Haram,3rd,Yes,completed,1723986.86
113.1,3.0,3,0,1,0,1,Alexandria,West,Borg El Arab,1st,Yes,under_construction,1807982.18
152.2,1.0,1,0,0,1,1,Cairo,New Cairo,Madinaty,1st,No,completed,5870706.09
88.0,2.0,1,0,1,0,1,Cairo,New Cairo,Fifth Settlement,3rd,No,under_construction,3777494.24
227.6,,3,1,1,1,1,Alexandria,East,Sidi Gaber,1st,No,off_plan,4239868.91
130.5,4.0,4,0,0,1,1,Ismailia,Central,El Sheikh Zayed,1st,Semi,completed,2535585.05
125.5,3.0,3,0,1,1,1,Giza,New Giza,New Giza,2nd,No,completed,6826026.76
208.5,2.0,1,0,1,0,1,Alexandria,East,Smouha,2nd,No,completed,5996220.58
118.7,5.0,4,0,1,1,1,Cairo,New Cairo,Rehab,1st,Yes,completed,6354134.52
158.1,3.0,3,0,1,0,1,Port Said,East,El Manakh,1st,Yes,completed,2492753.77
114.5,4.0,4,0,1,0,1,Tanta,Central,El Geish,2nd,Yes,completed,1725050.5
162.4,1.0,1,0,1,0,1,Cairo,New Cairo,Heliopolis,2nd,No,off_plan,4259415.43
88.9,3.0,3,0,1,1,1,Giza,New Giza,New Giza,1st,Semi,completed,5474039.68
218.1,3.0,2,0,1,1,1,Alexandria,West,Agami,2nd,No,completed,4767929.07
110.8,4.0,4,0,1,1,1,Aswan,Central,El Sad El Ali,1st,No,completed,1730399.07
197.6,3.0,3,0,1,1,1,Aswan,Central,El Sad El Ali,2nd,Yes,completed,3147306.05
154.2,3.0,2,0,1,0,1,Cairo,Old Cairo,Downtown,2nd,Semi,completed,5016541.92
154.4,2.0,1,0,0,1,1,Tanta,Central,Saeed,1st,No,off_plan,1446048.18
227.3,3.0,2,0,1,1,1,Suez,South,El Suez District,1st,No,completed,3187951.06
130.1,2.0,1,0,1,0,1,Aswan,Central,El Shallal,1st,No,completed,1782470.45
78.8,3.0,3,0,1,1,1,Cairo,Old Cairo,Downtown,2nd,No,under_construction,2030659.98
73.2,,4,1,0,1,1,Ismailia,Central,El Afrang,1st,Semi,completed,1233112.14
177.0,2.0,1,0,1,1,1,Port Said,East,El Manakh,1st,No,under_construction,2139701.0
102.7,3.0,2,0,1,1,1,Giza,New Giza,New Giza,2nd,No,completed,5602932.86
149.4,,1,1,1,1,1,Aswan,Central,El Shallal,1st,No,off_plan,1579484.79
98.1,2.0,1,0,1,0,1,Alexandria,East,Smouha,3rd,No,off_plan,2038405.82
109.0,3.0,2,0,1,1,0,Cairo,New Cairo,Heliopolis,1st,No,off_plan,3066610.08
134.3,4.0,3,0,1,1,1,Aswan,Central,El Sad El Ali,2nd,Semi,completed,2241496.68
162.3,3.0,2,0,1,1,1,Giza,West Giza,6th of October,2nd,Yes,completed,5980615.9
94.5,3.0,2,0,1,1,1,Giza,New Giza,New Giza,1st,No,under_construction,4842903.35
189.1,2.0,2,0,1,1,1,Cairo,Old Cairo,Zamalek,2nd,Yes,completed,14156577.51
117.0,4.0,3,0,1,1,1,Alexandria,East,Sidi Bishr,1st,Yes,completed,3198458.27
166.0,2.0,2,0,0,1,1,Tanta,Central,Saeed,1st,Semi,under_construction,1630737.41
172.6,3.0,2,0,0,1,1,Alexandria,West,Agami,1st,Semi,under_construction,2878919.84
159.0,,1,1,1,0,1,Giza,West Giza,6th of October,1st,Yes,under_construction,4801241.52
99.4,4.0,4,0,1,1,1,Ismailia,Central,El Sheikh Zayed,1st,No,completed,1728211.9
62.6,3.0,2,0,1,1,1,Tanta,Central,Saeed,1st,Yes,completed,970043.11
112.8,2.0,1,0,1,0,1,Alexandria,West,Borg El Arab,1st,No,under_construction,1633248.32
117.5,3.0,3,0,1,0,1,Aswan,Central,El Sad El Ali,2nd,No,completed,1772982.65
93.3,3.0,2,0,1,0,1,Cairo,New Cairo,Nasr City,2nd,No,completed,2500349.61
132.4,4.0,3,0,1,0,1,Giza,West Giza,Sheikh Zayed,2nd,No,completed,6776977.48
212.4,,2,1,1,0,1,Tanta,Central,El Geish,2nd,Semi,under_construction,2713454.35
212.2,2.0,1,0,0,1,1,Ismailia,Central,El Sheikh Zayed,1st,Yes,completed,3528236.12
119.0,,2,1,1,0,1,Alexandria,West,Borg El Arab,1st,No,completed,2175499.96
83.5,3.0,2,0,1,1,1,Cairo,Old Cairo,Zamalek,1st,No,completed,4389372.59
139.8,3.0,3,0,1,1,1,Giza,West Giza,6th of October,2nd,Yes,under_construction,3545751.99
104.7,2.0,1,0,1,1,1,Suez,North,El Arbaien,1st,No,under_construction,1423999.34
115.9,1.0,1,0,1,1,1,Giza,New Giza,New Giza,2nd,Semi,completed,7349542.95
140.3,2.0,1,0,1,1,1,Port Said,East,El Shark,2nd,No,off_plan,1851563.19
127.2,3.0,3,0,1,1,1,Giza,New Giza,New Giza,2nd,No,completed,7326457.44
106.2,2.0,1,0,1,1,0,Cairo,Old Cairo,Zamalek,2nd,No,completed,7777909.51
250.7,1.0,1,0,1,0,0,Mansoura,Central,El Mashaya,2nd,No,under_construction,3533137.19
202.9,3.0,2,0,1,0,1,Cairo,Old Cairo,Zamalek,2nd,Yes,completed,12649768.47
114.5,2.0,2,0,1,1,1,Giza,West Giza,Mohandessin,1st,Yes,completed,5190350.26
128.1,1.0,1,0,1,1,1,Port Said,West,El Zohour,1st,Semi,completed,2279451.34
97.7,2.0,2,0,1,0,1,Giza,New Giza,New Giza,2nd,No,completed,5888746.18
120.2,4.0,4,0,1,0,1,Cairo,Old Cairo,Zamalek,2nd,No,completed,7586065.11
105.3,2.0,2,0,1,1,1,Giza,New Giza,New Giza,1st,Semi,completed,6191996.07
123.9,2.0,1,0,1,0,1,Luxor,West Bank,El Gezira,1st,No,under_construction,1381561.11
106.7,3.0,2,0,1,1,1,Suez,South,El Suez District,2nd,No,completed,1766784.13
95.0,1.0,1,0,1,1,1,Cairo,Old Cairo,Zamalek,1st,Semi,completed,6580482.75
186.9,3.0,3,0,0,1,1,Giza,New Giza,New Giza,1st,Yes,completed,11262405.15
87.0,3.0,2,0,1,1,0,Suez,South,El Suez District,1st,Semi,completed,1479543.14
147.8,1.0,1,0,0,1,1,Giza,New Giza,New Giza,1st,Yes,completed,9641658.27
189.6,2.0,1,0,1,1,1,Suez,South,El Suez District,2nd,Yes,off_plan,2039435.68
105.5,4.0,3,0,1,1,1,Luxor,West Bank,El Gezira,1st,Yes,completed,1679800.93
98.6,3.0,3,0,1,0,1,Alexandria,West,Agami,1st,No,under_construction,1616072.91
136.8,4.0,4,0,1,0,1,Cairo,Old Cairo,Zamalek,1st,Semi,completed,9857121.87
110.0,1.0,1,0,1,0,1,Alexandria,West,Borg El Arab,2nd,No,under_construction,1398693.26
84.3,1.0,1,0,1,1,1,Alexandria,West,Agami,2nd,No,completed,1971212.17
87.2,4.0,3,0,0,1,1,Ismailia,Central,El Afrang,1st,Yes,completed,1296835.96
90.2,3.0,2,0,1,0,1,Cairo,Old Cairo,Downtown,2nd,No,completed,3197385.54
245.4,2.0,1,0,1,0,1,Alexandria,East,Sidi Bishr,2nd,Yes,under_construction,4727103.32
152.3,4.0,3,0,1,1,1,Cairo,Old Cairo,Zamalek,2nd,Semi,under_construction,9169416.09
207.9,1.0,1,0,1,1,1,Cairo,New Cairo,Nasr City,4th,Semi,off_plan,4582548.5
167.0,2.0,1,0,0,0,1,Suez,South,El Suez District,2nd,Yes,completed,2792368.03
96.5,2.0,1,0,1,1,1,Luxor,West Bank,El Gezira,1st,Yes,completed,1658277.9
97.3,2.0,1,0,1,1,1,Alexandria,East,Sidi Bishr,1st,No,completed,2155575.68
105.0,1.0,1,0,1,1,1,Giza,New Giza,New Giza,1st,Semi,completed,5633386.22
149.3,1.0,1,0,1,1,1,Giza,West Giza,Dokki,2nd,Semi,completed,4336074.6
40.0,3.0,3,0,1,1,1,Cairo,Old Cairo,Zamalek,2nd,Yes,under_construction,2615272.01
81.7,1.0,1,0,0,1,1,Mansoura,Central,El Mashaya,2nd,No,completed,1427055.97
59.4,1.0,1,0,1,1,1,Giza,New Giza,New Giza,1st,No,completed,3626668.28
102.4,3.0,2,0,1,0,1,Giza,New Giza,New Giza,1st,No,completed,6358306.4
98.3,5.0,5,0,0,0,0,Alexandria,East,Sidi Gaber,2nd,Semi,under_construction,2349722.32
192.1,4.0,4,0,1,1,1,Cairo,Old Cairo,Downtown,1st,Semi,completed,6218329.02
230.9,2.0,1,0,1,1,1,Port Said,East,El Manakh,1st,Semi,completed,3506379.36
117.0,3.0,2,0,1,0,1,Cairo,New Cairo,Nasr City,3rd,Yes,under_construction,2520971.58
144.9,3.0,3,0,1,1,1,Suez,North,El Arbaien,2nd,Semi,under_construction,1624487.19
79.1,1.0,1,0,0,0,1,Cairo,New Cairo,Nasr City,1st,No,under_construction,1861399.13
80.9,2.0,1,0,1,1,1,Giza,New Giza,New Giza,1st,Semi,completed,5242452.23
82.8,3.0,2,0,1,1,1,Alexandria,East,Smouha,1st,No,completed,2590305.03
85.7,2.0,1,0,1,1,1,Suez,North,El Arbaien,1st,No,completed,1296139.58
142.6,3.0,3,0,1,0,1,Mansoura,Central,Toriel,1st,No,completed,1932873.4
86.3,2.0,1,0,1,1,1,Cairo,Old Cairo,Downtown,2nd,Semi,completed,2961683.24
202.3,2.0,1,0,1,1,1,Mansoura,Central,Toriel,1st,Yes,completed,3058745.82
80.3,3.0,2,0,0,0,1,Cairo,New Cairo,First Settlement,2nd,Semi,completed,3748817.23
125.3,2.0,2,0,1,1,1,Cairo,New Cairo,Fifth Settlement,2nd,Semi,completed,7205224.54
82.4,2.0,2,0,1,1,1,Suez,South,El Suez District,1st,No,completed,1416034.08
188.0,3.0,3,0,1,1,1,Mansoura,Central,El Mashaya,1st,Semi,completed,3224228.02
104.2,5.0,5,0,1,1,1,Suez,North,El Arbaien,1st,Yes,completed,1768483.1
175.2,3.0,3,0,1,1,1,Alexandria,East,Sidi Gaber,2nd,Yes,completed,4998309.52
137.6,2.0,1,0,1,0,1,Cairo,Old Cairo,Zamalek,1st,Semi,under_construction,7061674.2
174.7,1.0,1,0,1,1,1,Cairo,New Cairo,First Settlement,3rd,No,off_plan,4881475.49
139.2,1.0,1,0,0,1,1,Mansoura,Central,Toriel,1st,Yes,under_construction,1919782.83
99.1,4.0,3,0,1,1,1,Cairo,New Cairo,Fifth Settlement,3rd,No,completed,5453501.61
100.7,2.0,1,0,1,0,1,Giza,New Giza,New Giza,1st,Semi,completed,6289434.72
131.5,1.0,1,0,0,1,1,Cairo,Old Cairo,Downtown,2nd,No,off_plan,2949778.19
142.4,2.0,2,0,1,0,1,Tanta,Central,El Geish,1st,Yes,completed,2532721.35
98.1,3.0,2,0,1,1,1,Cairo,New Cairo,Fifth Settlement,2nd,Yes,under_construction,4642905.43
180.8,3.0,2,0,1,1,1,Cairo,Old Cairo,Maadi,2nd,No,completed,6799637.47
125.0,2.0,1,0,1,0,1,Giza,West Giza,Sheikh Zayed,1st,Yes,completed,7094423.5
138.3,,3,1,1,1,1,Cairo,New Cairo,First Settlement,1st,Semi,under_construction,4307253.97
72.8,4.0,4,0,1,1,1,Giza,New Giza,New Giza,2nd,No,completed,4431969.01
134.4,3.0,2,0,1,1,1,Cairo,Old Cairo,Zamalek,2nd,No,under_construction,7816624.15
185.9,3.0,2,0,1,1,1,Luxor,East Bank,El Awameya,1st,No,completed,2219328.72
141.1,4.0,3,0,1,1,1,Cairo,Old Cairo,Maadi,3rd,Semi,completed,5761810.03
108.4,3.0,2,0,1,1,1,Giza,New Giza,New Giza,2nd,No,completed,6150587.41
135.3,2.0,1,0,0,0,1,Giza,West Giza,Haram,1st,No,completed,2800977.27
110.1,3.0,3,0,0,1,1,Giza,West Giza,6th of October,3rd,No,completed,3599192.2
89.6,2.0,1,0,1,0,1,Giza,New Giza,New Giza,2nd,No,completed,4922112.34
85.8,2.0,1,0,1,1,1,Alexandria,East,Sidi Bishr,1st,Semi,completed,2236651.55
61.7,3.0,2,0,1,1,1,Port Said,East,El Shark,2nd,Semi,completed,1220971.7
151.9,2.0,1,0,1,0,1,Alexandria,West,Agami,1st,No,completed,2919413.5
108.0,5.0,4,0,1,1,1,Cairo,Old Cairo,Maadi,2nd,No,completed,4220353.86
184.9,5.0,4,0,1,1,1,Port Said,East,El Manakh,1st,No,off_plan,1902546.48
57.5,3.0,3,0,1,0,1,Ismailia,Central,El Afrang,1st,Yes,completed,955746.38
140.9,2.0,2,0,1,1,1,Cairo,New Cairo,Nasr City,4th,Yes,completed,3968588.6
90.2,5.0,5,0,1,0,1,Cairo,Old Cairo,Downtown,2nd,Yes,completed,3636538.91
83.5,1.0,1,0,1,0,1,Luxor,East Bank,El Awameya,1st,Yes,completed,1162511.88
168.4,,2,1,0,1,1,Cairo,Old Cairo,Zamalek,2nd,No,under_construction,9057542.65
73.0,4.0,3,0,1,1,1,Giza,West Giza,Sheikh Zayed,3rd,No,completed,4053091.17
109.7,4.0,4,0,1,0,1,Luxor,West Bank,El Gezira,1st,No,completed,1570260.07
228.0,3.0,3,0,1,1,1,Cairo,Old Cairo,Maadi,2nd,No,off_plan,5379434.77
130.4,3.0,3,0,1,0,1,Cairo,Old Cairo,Maadi,2nd,Yes,off_plan,3476824.47
72.0,5.0,4,0,1,1,0,Ismailia,Central,El Sheikh Zayed,2nd,No,completed,1210688.99
95.1,3.0,3,0,1,0,1,Giza,New Giza,New Giza,1st,Yes,completed,5723422.86
129.3,4.0,3,0,1,1,1,Port Said,East,El Manakh,1st,No,completed,1854052.68
97.9,3.0,3,0,1,1,1,Giza,West Giza,6th of October,1st,No,completed,2911211.11
257.9,3.0,2,0,1,1,1,Cairo,Old Cairo,Zamalek,2nd,No,under_construction,13512656.62
211.4,2.0,1,0,1,1,1,Cairo,New Cairo,Nasr City,3rd,No,completed,6600529.29
146.4,2.0,2,0,1,1,1,Aswan,Central,El Sad El Ali,2nd,Semi,under_construction,1849239.9
95.2,2.0,1,0,1,0,0,Alexandria,West,Agami,2nd,Yes,completed,2391878.48
142.1,2.0,1,0,1,0,1,Cairo,New Cairo,First Settlement,3rd,Yes,completed,7225643.69
197.8,2.0,1,0,1,1,1,Mansoura,Central,Toriel,1st,No,completed,2939120.16
126.8,5.0,4,0,1,1,1,Cairo,Old Cairo,Downtown,1st,No,off_plan,3347687.97
104.9,4.0,3,0,1,1,1,Cairo,Old Cairo,Zamalek,1st,No,completed,8356847.21
65.4,4.0,4,0,1,0,1,Cairo,Old Cairo,Downtown,2nd,Semi,under_construction,1780750.62
160.1,2.0,1,0,1,1,1,Cairo,Old Cairo,Zamalek,2nd,No,completed,7867919.0
163.6,3.0,2,0,1,1,1,Cairo,Old Cairo,Maadi,3rd,Semi,under_construction,4649982.79
182.0,5.0,5,0,1,1,1,Giza,West Giza,6th of October,1st,Semi,completed,6885499.97
68.9,3.0,2,0,1,1,0,Alexandria,East,Sidi Gaber,2nd,Yes,under_construction,1769060.64
225.0,3.0,2,0,1,1,1,Suez,South,El Suez District,2nd,Yes,completed,3607833.02
144.7,2.0,2,0,1,1,1,Cairo,Old Cairo,Zamalek,2nd,Semi,completed,9048891.04
142.7,2.0,2,0,0,1,1,Cairo,New Cairo,Rehab,1st,No,completed,5439836.65
67.7,2.0,1,0,1,1,1,Cairo,New Cairo,Fifth Settlement,2nd,No,off_plan,2949044.91
156.7,2.0,2,0,1,1,1,Giza,West Giza,Dokki,2nd,Yes,completed,5424029.19
91.0,1.0,1,0,1,1,1,Giza,West Giza,Mohandessin,1st,Yes,completed,3316711.81
74.7,1.0,1,0,0,1,1,Giza,New Giza,New Giza,1st,No,under_construction,3882605.89
109.2,3.0,2,0,0,1,1,Suez,North,Faisal,1st,Semi,under_construction,1318643.28
193.8,2.0,2,0,1,1,1,Suez,North,Faisal,1st,No,completed,2546597.67
154.3,5.0,4,0,0,0,1,Giza,New Giza,New Giza,1st,Yes,completed,9143832.58
119.4,2.0,2,0,1,1,1,Luxor,West Bank,El Gezira,1st,Semi,under_construction,1533632.04
130.1,3.0,2,0,1,1,1,Giza,West Giza,Haram,1st,Semi,under_construction,2110241.52
119.8,4.0,3,0,0,1,1,Cairo,Old Cairo,Maadi,3rd,Semi,completed,5062603.52
145.6,4.0,3,0,1,0,1,Tanta,Central,El Geish,1st,Yes,under_construction,2200447.51
183.5,3.0,2,0,1,1,1,Cairo,New Cairo,Rehab,2nd,No,completed,7752435.65
236.6,2.0,1,0,1,1,1,Suez,North,El Arbaien,2nd,Yes,completed,4753133.82
121.0,3.0,3,0,1,1,1,Mansoura,Central,El Mashaya,1st,No,under_construction,1739219.71
121.4,4.0,3,0,1,1,1,Cairo,New Cairo,First Settlement,1st,No,completed,4551136.05
135.1,4.0,4,0,0,1,1,Cairo,New Cairo,Rehab,3rd,No,off_plan,4395202.16
115.7,4.0,3,0,1,1,0,Giza,New Giza,New Giza,1st,No,completed,7132743.42
66.6,4.0,3,0,1,0,1,Luxor,West Bank,El Gezira,1st,No,completed,924552.48
104.4,3.0,3,0,1,1,1,Cairo,New Cairo,Rehab,3rd,No,completed,4727788.5
211.2,1.0,1,0,1,0,1,Giza,New Giza,New Giza,1st,No,completed,11001335.21
44.9,4.0,4,0,1,1,1,Cairo,New Cairo,Nasr City,1st,No,completed,1254832.21
254.6,3.0,2,0,1,1,0,Alexandria,East,Sidi Bishr,1st,No,completed,5194925.36
84.0,2.0,1,0,1,0,1,Giza,New Giza,New Giza,1st,No,completed,5603761.35
51.1,2.0,1,0,1,0,0,Giza,West Giza,Mohandessin,2nd,Semi,completed,1692281.59
137.5,3.0,3,0,1,0,1,Aswan,Central,El Sad El Ali,2nd,No,completed,2121495.32
135.8,4.0,4,0,1,1,1,Alexandria,West,Agami,1st,Semi,under_construction,2171283.87
110.8,3.0,3,0,1,0,1,Ismailia,Central,El Sheikh Zayed,1st,No,completed,1961717.27
169.3,3.0,3,0,1,1,1,Alexandria,East,Sidi Gaber,2nd,No,completed,4697751.48
198.7,2.0,1,0,1,1,1,Port Said,West,El Zohour,1st,No,under_construction,3494231.67
99.3,2.0,2,0,1,0,1,Tanta,Central,Saeed,1st,No,completed,1484597.69
124.6,3.0,2,0,1,0,1,Giza,West Giza,Dokki,2nd,Semi,off_plan,2789684.08
128.6,4.0,4,0,0,0,1,Cairo,Old Cairo,Downtown,1st,Yes,under_construction,4000371.23
171.1,4.0,3,0,0,1,1,Cairo,Old Cairo,Maadi,1st,No,completed,7494885.24
142.7,3.0,2,0,1,0,1,Giza,West Giza,Haram,2nd,Yes,completed,3706271.28
178.6,1.0,1,0,1,1,1,Giza,West Giza,Haram,1st,No,under_construction,3010192.05
148.9,3.0,2,0,1,0,1,Giza,New Giza,New Giza,1st,No,completed,9450529.3
128.1,3.0,2,0,1,0,1,Alexandria,East,Smouha,3rd,Yes,completed,3704265.75
144.1,2.0,2,0,1,1,1,Aswan,Central,El Sad El Ali,1st,No,completed,2131856.69
126.6,3.0,2,0,0,0,1,Cairo,Old Cairo,Downtown,1st,No,completed,3666259.39
136.3,3.0,3,0,1,0,1,Giza,New Giza,New Giza,1st,No,completed,7060828.13
89.2,3.0,3,0,1,1,1,Cairo,New Cairo,Fifth Settlement,2nd,No,completed,4018078.29
152.3,3.0,2,0,1,1,1,Giza,New Giza,New Giza,1st,Yes,completed,10527024.72
178.1,2.0,2,0,1,1,1,Cairo,Old Cairo,Maadi,1st,Yes,completed,5924159.59
106.1,3.0,2,0,0,0,1,Giza,New Giza,New Giza,2nd,No,completed,5737743.83
217.1,5.0,5,0,1,1,1,Alexandria,West,Agami,2nd,Semi,completed,4538604.06
100.2,3.0,3,0,1,1,1,Cairo,Old Cairo,Maadi,1st,Semi,completed,4061774.78
168.9,3.0,3,0,1,1,1,Suez,South,El Suez District,2nd,Semi,completed,2811482.06
123.3,2.0,2,0,1,1,1,Cairo,Old Cairo,Zamalek,1st,No,under_construction,7071766.34
96.2,1.0,1,0,1,1,1,Suez,North,El Arbaien,2nd,Semi,under_construction,1224356.65
174.0,3.0,2,0,1,1,1,Cairo,Old Cairo,Zamalek,2nd,Semi,completed,10578694.45
69.6,3.0,3,0,1,1,1,Tanta,Central,Saeed,1st,No,off_plan,629112.74
55.2,3.0,2,0,1,1,1,Luxor,West Bank,El Gezira,1st,No,completed,759650.53
92.1,1.0,1,0,1,1,1,Ismailia,Central,El Sheikh Zayed,2nd,No,under_construction,1213666.46
201.5,3.0,2,0,1,1,1,Giza,New Giza,New Giza,1st,Yes,under_construction,10382500.9
137.8,2.0,1,0,1,1,1,Cairo,Old Cairo,Downtown,1st,No,completed,3652826.22
100.7,3.0,2,0,1,0,1,Giza,West Giza,6th of October,3rd,No,completed,3002935.25
178.4,,2,1,1,1,1,Tanta,Central,El Geish,1st,No,completed,2982243.69
94.3,2.0,1,0,0,1,1,Tanta,Central,El Geish,1st,No,under_construction,1202932.05
74.8,,4,1,1,0,1,Cairo,Old Cairo,Zamalek,2nd,Semi,off_plan,4140051.61
111.8,,1,1,1,0,1,Tanta,Central,El Geish,1st,Semi,completed,1827685.76
84.9,4.0,4,0,1,1,1,Giza,New Giza,New Giza,1st,No,completed,5184943.02
123.5,1.0,1,0,0,0,1,Cairo,Old Cairo,Downtown,2nd,Yes,under_construction,3498644.4
87.7,2.0,2,0,1,1,1,Cairo,Old Cairo,Downtown,2nd,No,completed,2900465.52
262.3,3.0,3,0,1,1,1,Ismailia,Central,El Sheikh Zayed,1st,Yes,completed,4797854.26
157.4,5.0,4,0,1,0,1,Mansoura,Central,Toriel,1st,Semi,completed,2226589.17
87.4,2.0,2,0,0,1,1,Giza,West Giza,6th of October,2nd,No,completed,3138467.92
147.5,1.0,1,0,1,1,1,Cairo,Old Cairo,Zamalek,2nd,No,completed,8585432.86
89.2,3.0,3,0,1,1,1,Cairo,New Cairo,Heliopolis,1st,Yes,completed,3739157.97
120.7,2.0,2,0,1,0,1,Port Said,East,El Manakh,1st,No,off_plan,1433581.71
136.5,3.0,2,0,1,1,1,Luxor,East Bank,El Awameya,1st,Semi,under_construction,1519814.26
155.2,3.0,2,0,0,0,1,Giza,West Giza,Sheikh Zayed,1st,Yes,completed,8608839.7
126.6,3.0,2,0,1,1,1,Cairo,Old Cairo,Maadi,2nd,Semi,completed,4763960.96
142.1,2.0,2,0,1,0,1,Cairo,New Cairo,Nasr City,1st,No,under_construction,3096713.09
130.4,2.0,2,0,1,1,1,Alexandria,East,Sidi Bishr,2nd,No,under_construction,2261474.74
117.2,3.0,2,0,1,0,1,Luxor,East Bank,El Karnak,2nd,No,completed,1510153.25
87.8,3.0,2,0,1,1,1,Giza,West Giza,6th of October,2nd,Yes,under_construction,2542414.97
78.2,1.0,1,0,1,1,1,Suez,North,El Arbaien,2nd,Semi,completed,1366165.88
143.7,3.0,3,0,1,1,1,Cairo,New Cairo,Madinaty,2nd,No,completed,7010240.04
218.5,3.0,3,0,1,0,1,Suez,South,El Suez District,1st,Semi,off_plan,2393659.21
100.0,5.0,4,0,1,0,1,Ismailia,Central,El Afrang,1st,No,completed,1488404.2
174.9,1.0,1,0,1,1,0,Giza,New Giza,New Giza,2nd,Yes,under_construction,8699360.3
119.4,2.0,1,0,1,1,1,Giza,West Giza,Dokki,1st,No,completed,4079556.89
131.1,2.0,2,0,1,1,1,Cairo,Old Cairo,Downtown,1st,No,completed,3306965.75
105.9,3.0,3,0,0,1,1,Cairo,New Cairo,Fifth Settlement,3rd,No,completed,5282642.68
98.8,2.0,2,0,1,1,1,Luxor,East Bank,El Awameya,1st,No,completed,1218777.57
101.3,4.0,3,0,1,1,1,Luxor,West Bank,El Gezira,1st,Yes,completed,1732586.73
113.6,3.0,2,0,1,1,1,Cairo,Old Cairo,Downtown,2nd,No,off_plan,3098085.32
58.6,3.0,2,0,1,1,1,Giza,West Giza,6th of October,2nd,Yes,completed,2276698.55
185.2,3.0,2,0,1,1,1,Suez,South,El Suez District,2nd,No,completed,2874869.86
104.8,3.0,3,0,1,1,1,Luxor,West Bank,El Gezira,1st,Semi,under_construction,1118011.79
113.7,4.0,3,0,1,1,1,Cairo,Old Cairo,Downtown,1st,No,off_plan,2752398.52
125.4,1.0,1,0,1,1,1,Suez,South,El Suez District,1st,No,off_plan,1429262.72
244.5,3.0,3,0,1,0,1,Cairo,Old Cairo,Downtown,1st,Semi,completed,8744927.06
146.7,4.0,4,0,1,1,1,Tanta,Central,El Geish,1st,No,completed,2111484.87
154.2,2.0,2,0,1,0,1,Giza,West Giza,Dokki,2nd,Semi,under_construction,3747914.12
103.2,4.0,3,0,1,1,1,Port Said,West,El Zohour,2nd,Yes,completed,2104193.89
106.2,3.0,2,0,1,1,1,Cairo,New Cairo,Rehab,3rd,No,completed,5316774.06
81.2,4.0,4,0,1,0,1,Cairo,Old Cairo,Downtown,2nd,Yes,off_plan,2158127.49
185.9,,4,1,0,1,1,Aswan,Central,El Shallal,1st,Semi,completed,2695011.07
147.3,2.0,1,0,1,1,1,Giza,West Giza,Mohandessin,1st,No,under_construction,4476784.31
40.5,1.0,1,0,1,0,1,Port Said,West,El Zohour,2nd,Yes,completed,857269.37
123.3,2.0,1,0,1,1,1,Cairo,Old Cairo,Downtown,1st,No,completed,3942404.44
108.0,2.0,1,0,1,1,1,Ismailia,Central,El Sheikh Zayed,1st,No,under_construction,1380229.39
87.4,2.0,2,0,1,1,1,Cairo,New Cairo,First Settlement,2nd,Semi,under_construction,2812471.65
116.9,2.0,1,0,1,1,1,Giza,New Giza,New Giza,2nd,Yes,off_plan,5368516.56
93.0,2.0,2,0,1,1,1,Ismailia,Central,El Afrang,1st,No,completed,1241734.12
94.3,,4,1,1,0,1,Giza,West Giza,Sheikh Zayed,1st,No,completed,4380306.7
80.2,2.0,1,0,0,1,1,Giza,West Giza,Dokki,1st,Semi,completed,2151994.66
200.7,2.0,1,0,1,0,1,Alexandria,West,Borg El Arab,2nd,No,under_construction,2719609.59
186.3,2.0,2,0,1,1,1,Cairo,New Cairo,Heliopolis,2nd,Yes,completed,6128342.35
127.1,4.0,3,0,1,1,1,Giza,New Giza,New Giza,2nd,No,under_construction,6291536.25
94.0,2.0,1,0,0,0,1,Giza,West Giza,6th of October,3rd,Semi,completed,3261013.62
152.8,,1,1,1,1,1,Cairo,Old Cairo,Downtown,1st,No,completed,5353596.29
113.9,2.0,1,0,0,1,1,Luxor,West Bank,El Gezira,1st,No,completed,1505884.79
131.0,2.0,1,0,1,0,1,Cairo,New Cairo,Nasr City,4th,Semi,under_construction,3305970.22
87.7,3.0,3,0,0,0,1,Cairo,Old Cairo,Downtown,2nd,Yes,completed,3112413.38
154.0,4.0,3,0,1,1,1,Alexandria,West,Borg El Arab,1st,No,completed,3014603.14
158.3,3.0,2,0,1,1,1,Tanta,Central,Saeed,1st,No,under_construction,1607721.32
98.6,5.0,4,0,1,1,1,Giza,West Giza,Sheikh Zayed,1st,Yes,under_construction,4054632.49
115.0,3.0,3,0,0,1,1,Alexandria,East,Sidi Bishr,1st,Yes,completed,2878783.79
90.5,3.0,3,0,1,1,1,Cairo,New Cairo,Fifth Settlement,2nd,No,completed,4767668.35
133.0,3.0,3,0,1,1,1,Giza,West Giza,Sheikh Zayed,3rd,No,under_construction,5334163.71
162.0,5.0,5,0,1,1,1,Cairo,Old Cairo,Downtown,2nd,No,under_construction,3965838.19
106.5,3.0,2,0,1,1,1,Cairo,New Cairo,Nasr City,2nd,Semi,completed,3198740.48
81.8,3.0,2,0,0,1,1,Luxor,West Bank,El Gezira,1st,No,completed,1242233.16
277.8,3.0,2,0,1,1,1,Cairo,New Cairo,Madinaty,1st,Semi,completed,12089956.26
99.5,3.0,2,0,1,0,1,Alexandria,East,Smouha,1st,Semi,completed,2514834.72
113.3,1.0,1,0,0,0,1,Alexandria,West,Agami,1st,Semi,completed,2321490.41
116.0,3.0,2,0,1,1,1,Giza,New Giza,New Giza,2nd,No,completed,6944337.14
147.4,3.0,3,0,1,0,1,Cairo,Old Cairo,Maadi,1st,No,completed,5681496.6
79.7,3.0,3,0,1,1,1,Alexandria,West,Borg El Arab,2nd,Yes,completed,1535712.85
104.3,1.0,1,0,1,1,1,Tanta,Central,El Geish,1st,Yes,completed,1891538.31
94.2,4.0,3,0,1,1,1,Giza,New Giza,New Giza,2nd,No,completed,6217030.6
92.9,1.0,1,0,1,1,1,Giza,New Giza,New Giza,2nd,No,completed,6132525.25
219.1,1.0,1,0,1,1,1,Mansoura,Central,El Mashaya,1st,Yes,completed,3449380.14
68.4,1.0,1,0,1,1,1,Aswan,Central,El Sad El Ali,1st,No,completed,1010794.84
92.7,3.0,2,0,0,1,1,Alexandria,East,Smouha,2nd,No,completed,2519031.4
244.0,3.0,3,0,0,1,1,Giza,New Giza,New Giza,1st,Yes,completed,14036030.64
134.6,2.0,1,0,1,1,1,Giza,West Giza,Dokki,2nd,Yes,completed,4345701.8
163.6,3.0,2,0,0,0,0,Suez,North,Faisal,1st,No,completed,2160771.31
79.4,4.0,4,0,1,1,0,Giza,New Giza,New Giza,1st,No,under_construction,3240629.79
185.6,,1,1,1,1,1,Giza,New Giza,New Giza,2nd,No,completed,10935930.7
141.8,3.0,2,0,1,1,1,Tanta,Central,El Geish,1st,No,completed,2243794.15
131.4,3.0,2,0,0,1,1,Mansoura,Central,El Mashaya,1st,Semi,completed,2267001.0
186.2,2.0,1,0,1,1,1,Giza,West Giza,Haram,2nd,Yes,under_construction,3675292.84
124.0,2.0,1,0,1,0,1,Giza,West Giza,6th of October,1st,No,under_construction,3090227.19
131.4,2.0,2,0,1,1,1,Giza,New Giza,New Giza,1st,No,off_plan,6043060.62
102.1,4.0,3,0,1,0,1,Cairo,Old Cairo,Maadi,1st,No,under_construction,3369653.98
191.6,,3,1,1,1,1,Alexandria,West,Borg El Arab,2nd,No,completed,3299738.16
181.3,4.0,3,0,1,0,1,Cairo,Old Cairo,Zamalek,1st,Yes,completed,13247417.05
60.2,3.0,2,0,0,1,1,Aswan,Central,El Shallal,1st,Semi,under_construction,722869.65
193.7,1.0,1,0,1,1,1,Giza,West Giza,Sheikh Zayed,3rd,Semi,under_construction,7884634.43
65.4,2.0,1,0,1,1,1,Mansoura,Central,El Mashaya,2nd,No,completed,1094933.68
109.8,2.0,1,0,1,1,1,Port Said,West,El Zohour,2nd,No,completed,2103527.86
145.0,4.0,4,0,1,0,1,Aswan,Central,El Sad El Ali,1st,Semi,completed,2114184.79
106.9,3.0,2,0,1,1,0,Cairo,Old Cairo,Maadi,2nd,No,completed,4501995.46
170.1,3.0,3,0,1,1,1,Port Said,West,El Zohour,1st,Yes,completed,3197323.38
230.7,3.0,2,0,1,1,1,Luxor,East Bank,El Awameya,1st,No,completed,2499601.99
336.0,1.0,1,0,1,1,1,Alexandria,East,Sidi Gaber,2nd,Semi,completed,7198884.47
118.8,5.0,4,0,1,0,1,Aswan,Central,El Shallal,1st,Yes,completed,2002363.45
74.9,3.0,2,0,1,1,1,Giza,West Giza,6th of October,2nd,Semi,under_construction,2069112.43
149.3,3.0,2,0,1,0,1,Cairo,Old Cairo,Maadi,3rd,Semi,off_plan,4475347.93
103.9,2.0,1,0,1,1,1,Suez,South,El Suez District,2nd,No,completed,1478232.08
119.8,4.0,3,0,1,0,1,Giza,West Giza,Sheikh Zayed,2nd,Semi,under_construction,4844927.33
182.8,2.0,2,0,0,1,1,Giza,West Giza,Dokki,1st,No,completed,5919433.59
156.0,5.0,5,0,1,1,1,Alexandria,West,Borg El Arab,2nd,Yes,under_construction,2870760.75
172.8,3.0,3,0,1,1,1,Giza,West Giza,Mohandessin,2nd,No,completed,6664948.02
84.8,3.0,3,0,1,0,1,Giza,New Giza,New Giza,2nd,Yes,off_plan,3857344.57
79.1,3.0,3,0,0,1,1,Tanta,Central,Saeed,1st,No,completed,1109752.22
47.8,2.0,1,0,1,0,1,Luxor,West Bank,El Gezira,1st,Semi,completed,728191.78
92.0,2.0,2,0,0,1,1,Mansoura,Central,El Mashaya,1st,No,completed,1744092.45
180.8,1.0,1,0,1,0,1,Mansoura,Central,Toriel,1st,No,under_construction,2139040.51
177.8,2.0,1,0,1,1,1,Ismailia,Central,El Sheikh Zayed,1st,No,under_construction,2584209.66
101.5,4.0,4,0,0,0,1,Alexandria,East,Smouha,1st,No,completed,2759322.32
136.3,,1,1,1,1,1,Giza,West Giza,Dokki,1st,Semi,under_construction,3392133.99
103.4,3.0,2,0,1,1,0,Cairo,Old Cairo,Zamalek,2nd,No,off_plan,4092702.43
233.7,,3,1,1,0,1,Cairo,New Cairo,First Settlement,1st,No,under_construction,7559574.95
193.8,2.0,1,0,1,1,1,Suez,North,Faisal,1st,Yes,under_construction,2533972.76
141.8,3.0,3,0,1,1,1,Suez,North,El Arbaien,1st,Semi,completed,2275038.78
116.6,5.0,5,0,1,0,1,Tanta,Central,El Geish,1st,Yes,under_construction,1608140.44
60.9,4.0,4,0,1,0,1,Cairo,Old Cairo,Downtown,2nd,Yes,completed,2391523.76
78.2,5.0,5,0,1,1,1,Suez,South,El Suez District,2nd,Yes,under_construction,1071029.92
132.2,2.0,1,0,1,1,1,Cairo,Old Cairo,Zamalek,2nd,No,completed,8002915.84
69.7,3.0,2,0,1,1,1,Cairo,New Cairo,Heliopolis,2nd,Yes,completed,2732453.61
130.1,2.0,1,0,1,1,1,Giza,New Giza,New Giza,1st,No,completed,6578455.59
61.1,1.0,1,0,1,1,1,Cairo,Old Cairo,Zamalek,1st,Semi,completed,4126582.37
133.6,1.0,1,0,1,0,1,Giza,West Giza,Dokki,1st,Semi,completed,4087511.12
102.1,4.0,4,0,1,1,1,Suez,South,El Suez District,2nd,No,under_construction,1340836.72
121.7,3.0,2,0,0,1,1,Giza,New Giza,New Giza,2nd,No,under_construction,5858184.26
144.0,1.0,1,0,1,1,1,Suez,South,El Suez District,1st,Yes,under_construction,1875819.05
151.6,1.0,1,0,1,1,1,Cairo,Old Cairo,Downtown,2nd,Yes,completed,5421990.87
194.2,4.0,3,0,1,0,1,Giza,West Giza,Sheikh Zayed,2nd,No,completed,10265716.26
149.6,2.0,1,0,1,0,1,Giza,New Giza,New Giza,2nd,No,under_construction,6598524.24
111.4,2.0,2,0,1,0,1,Tanta,Central,El Geish,2nd,No,off_plan,1274120.91
159.2,3.0,2,0,1,1,1,Ismailia,Central,El Sheikh Zayed,1st,No,completed,2884323.3
401.3,2.0,2,0,1,1,1,Cairo,Old Cairo,Downtown,1st,Yes,completed,12317892.94
116.1,3.0,2,0,1,0,1,Cairo,Old Cairo,Maadi,2nd,Semi,completed,4313651.8
220.4,3.0,2,0,1,1,1,Giza,New Giza,New Giza,2nd,No,under_construction,9169149.75
151.3,2.0,2,0,1,0,1,Aswan,Central,El Sad El Ali,2nd,No,completed,2081497.6
114.0,3.0,3,0,1,0,1,Cairo,Old Cairo,Downtown,2nd,No,completed,3225755.45
119.7,1.0,1,0,1,1,1,Mansoura,Central,El Mashaya,1st,No,completed,2329600.03
132.6,5.0,5,0,1,1,1,Alexandria,East,Smouha,2nd,No,completed,4232798.52
106.2,5.0,5,0,1,1,1,Alexandria,East,Smouha,3rd,Yes,completed,3525932.6
129.1,2.0,1,0,1,1,1,Alexandria,West,Agami,2nd,No,completed,2313307.85
100.1,3.0,3,0,0,1,1,Cairo,New Cairo,Fifth Settlement,2nd,No,completed,5771884.72
173.1,2.0,1,0,1,0,1,Cairo,Old Cairo,Maadi,2nd,No,completed,6542726.58
84.1,4.0,3,0,1,1,1,Port Said,East,El Shark,2nd,No,completed,1638139.99
174.6,2.0,1,0,1,1,1,Luxor,West Bank,El Gezira,1st,No,under_construction,2248562.79
177.7,2.0,1,0,1,0,1,Alexandria,West,Borg El Arab,1st,No,completed,3204901.61
181.3,5.0,4,0,1,0,1,Cairo,New Cairo,Heliopolis,2nd,No,completed,6247749.82
103.5,4.0,3,0,1,0,1,Suez,North,Faisal,1st,Semi,off_plan,1191961.95
95.2,2.0,1,0,1,1,1,Giza,New Giza,New Giza,1st,Yes,completed,7721643.79
114.7,3.0,3,0,1,1,1,Giza,West Giza,Sheikh Zayed,1st,No,off_plan,4232475.13
191.9,3.0,3,0,1,1,1,Cairo,Old Cairo,Downtown,1st,Semi,under_construction,5232986.5
103.5,2.0,1,0,0,1,1,Cairo,New Cairo,Fifth Settlement,3rd,No,completed,5077906.36
88.7,3.0,3,0,1,1,1,Cairo,Old Cairo,Maadi,1st,No,completed,3162128.4
203.7,4.0,3,0,1,1,1,Giza,West Giza,Mohandessin,2nd,Yes,completed,8368562.88
131.3,4.0,3,0,1,1,1,Port Said,East,El Manakh,1st,Yes,completed,1957133.52
188.4,2.0,1,0,1,0,1,Giza,West Giza,Haram,2nd,No,completed,3910066.5
129.6,2.0,1,0,1,1,1,Giza,West Giza,Dokki,2nd,Yes,completed,4045200.85
117.6,3.0,2,0,1,0,1,Giza,West Giza,6th of October,1st,Semi,completed,4116262.14
87.6,2.0,2,0,1,0,1,Cairo,Old Cairo,Downtown,2nd,No,under_construction,2452713.44
157.4,2.0,2,0,1,0,1,Tanta,Central,Saeed,1st,Semi,under_construction,1899635.16
204.8,3.0,2,0,1,1,1,Giza,New Giza,New Giza,2nd,No,completed,10279780.9
166.9,4.0,3,0,0,1,1,Cairo,Old Cairo,Zamalek,1st,No,off_plan,8244649.31
176.5,2.0,2,0,1,0,1,Aswan,Central,El Shallal,1st,No,off_plan,1599060.83
188.8,3.0,3,0,1,1,1,Alexandria,West,Borg El Arab,1st,Semi,completed,3300245.01
63.2,2.0,2,0,1,1,1,Giza,West Giza,Dokki,1st,No,completed,2227292.99
120.4,1.0,1,0,1,1,1,Cairo,Old Cairo,Zamalek,2nd,Yes,completed,7305103.83
125.6,3.0,2,0,0,0,1,Cairo,New Cairo,Rehab,3rd,Yes,under_construction,4471791.16
228.7,2.0,2,0,1,1,1,Port Said,East,El Manakh,1st,Semi,completed,3421826.41
130.4,3.0,3,0,1,1,1,Luxor,West Bank,El Gezira,1st,No,under_construction,1618687.42
97.5,2.0,1,0,1,0,1,Giza,New Giza,New Giza,1st,No,completed,6224745.0
118.5,2.0,1,0,1,1,0,Suez,North,El Arbaien,1st,Yes,off_plan,1708501.66
175.3,2.0,1,0,1,1,1,Suez,North,Faisal,1st,No,completed,2297323.06
205.2,3.0,2,0,1,1,1,Cairo,Old Cairo,Zamalek,2nd,Semi,completed,14125010.88
74.8,,4,1,1,1,1,Ismailia,Central,El Afrang,1st,No,under_construction,965477.75
48.2,4.0,4,0,1,1,1,Cairo,New Cairo,Heliopolis,1st,Yes,off_plan,1176429.35
107.7,2.0,2,0,1,1,1,Alexandria,West,Borg El Arab,1st,Semi,off_plan,1203527.79
114.4,1.0,1,0,1,1,1,Aswan,Central,El Shallal,1st,No,under_construction,1242553.2
122.5,4.0,3,0,1,0,1,Luxor,West Bank,El Gezira,1st,Semi,under_construction,1468505.3
136.7,3.0,3,0,0,0,1,Suez,South,El Suez District,1st,No,under_construction,1487094.81
98.2,,3,1,0,1,1,Giza,West Giza,Dokki,2nd,No,completed,2977717.69
220.6,1.0,1,0,0,0,1,Cairo,New Cairo,Rehab,1st,Semi,off_plan,6220952.08
171.2,1.0,1,0,1,0,1,Tanta,Central,Saeed,1st,No,completed,2348482.88
124.1,3.0,2,0,1,1,1,Aswan,Central,El Shallal,1st,Yes,completed,1743797.54
141.4,2.0,1,0,1,0,1,Giza,New Giza,New Giza,1st,No,off_plan,6063293.4
53.3,5.0,4,0,1,0,1,Cairo,New Cairo,Rehab,2nd,No,under_construction,2125704.76
141.6,2.0,2,0,1,1,1,Cairo,Old Cairo,Zamalek,2nd,No,completed,8531391.83
70.5,2.0,2,0,1,1,1,Cairo,New Cairo,Nasr City,2nd,No,completed,2147993.8
134.8,3.0,2,0,1,1,1,Suez,North,Faisal,1st,No,under_construction,1570308.2
96.9,4.0,3,0,1,1,1,Tanta,Central,El Geish,2nd,Semi,under_construction,1519966.47
99.2,4.0,3,0,1,1,1,Giza,West Giza,Dokki,2nd,No,under_construction,2427727.99
195.4,3.0,2,0,1,1,1,Cairo,Old Cairo,Maadi,1st,No,completed,7116709.39
137.1,1.0,1,0,1,1,1,Cairo,New Cairo,Nasr City,2nd,No,completed,3475319.35
134.5,1.0,1,0,1,1,1,Tanta,Central,Saeed,1st,Yes,under_construction,1735329.5
104.6,4.0,3,0,1,1,1,Alexandria,East,Sidi Bishr,1st,Yes,under_construction,2192420.53
131.0,2.0,2,0,0,1,1,Giza,West Giza,Dokki,1st,No,completed,4083220.36
100.6,3.0,3,0,1,0,1,Cairo,New Cairo,First Settlement,2nd,No,completed,3882637.74
164.7,3.0,2,0,1,1,1,Cairo,New Cairo,First Settlement,3rd,No,under_construction,4881045.52
124.1,2.0,2,0,0,0,1,Mansoura,Central,El Mashaya,2nd,Yes,under_construction,1721619.69
103.6,1.0,1,0,1,1,1,Port Said,East,El Shark,2nd,Yes,completed,2017462.54
193.3,,4,1,1,0,1,Alexandria,West,Agami,1st,Semi,under_construction,3325080.8
92.5,3.0,2,0,1,1,1,Cairo,New Cairo,Rehab,2nd,No,completed,4168717.44
240.6,2.0,2,0,1,0,1,Cairo,New Cairo,First Settlement,3rd,No,completed,9794467.91
97.2,3.0,2,0,1,1,1,Cairo,Old Cairo,Downtown,1st,Semi,under_construction,2774246.41
120.5,1.0,1,0,1,1,1,Giza,West Giza,Dokki,2nd,Semi,completed,3747459.41
140.1,4.0,3,0,1,0,1,Cairo,Old Cairo,Zamalek,2nd,No,under_construction,7469218.49
124.6,4.0,4,0,1,0,0,Alexandria,West,Agami,1st,Yes,completed,3277873.96
94.1,4.0,3,0,1,0,1,Cairo,Old Cairo,Zamalek,1st,No,under_construction,5243627.59
127.0,1.0,1,0,1,1,1,Luxor,West Bank,El Gezira,1st,Semi,under_construction,1477521.73
177.7,2.0,2,0,0,1,1,Giza,West Giza,Dokki,2nd,Yes,completed,5869034.19
184.0,3.0,2,0,1,1,1,Giza,West Giza,Sheikh Zayed,3rd,Yes,completed,8075732.76
153.6,5.0,4,0,1,1,1,Giza,New Giza,New Giza,1st,No,completed,8816071.68
208.4,3.0,2,0,1,1,1,Mansoura,Central,Toriel,1st,Yes,off_plan,2514562.01
149.6,1.0,1,0,1,0,1,Port Said,West,El Zohour,2nd,Semi,completed,2682058.48
103.6,2.0,1,0,1,1,1,Giza,New Giza,New Giza,2nd,No,under_construction,5295497.56
50.5,4.0,4,0,1,1,1,Cairo,New Cairo,Heliopolis,1st,Semi,off_plan,1371531.19
172.1,3.0,2,0,1,1,1,Giza,West Giza,6th of October,1st,No,completed,6420341.06
233.2,3.0,3,0,0,1,1,Cairo,Old Cairo,Downtown,2nd,Yes,completed,8613946.26
116.9,2.0,2,0,1,1,1,Cairo,Old Cairo,Downtown,2nd,Yes,completed,3270481.5
165.4,3.0,2,0,1,0,1,Tanta,Central,El Geish,2nd,No,completed,2767796.24
190.6,4.0,4,0,0,1,1,Cairo,Old Cairo,Downtown,2nd,Semi,completed,5812453.01
77.9,2.0,2,0,1,1,1,Suez,North,El Arbaien,2nd,No,under_construction,1012480.27
152.2,1.0,1,0,1,1,1,Cairo,New Cairo,First Settlement,2nd,Yes,completed,7010372.6
62.9,3.0,2,0,1,1,1,Port Said,East,El Shark,2nd,No,completed,1212128.07
198.0,,2,1,1,1,1,Luxor,West Bank,El Gezira,1st,No,completed,2636015.39
134.8,5.0,5,0,0,0,1,Giza,New Giza,New Giza,1st,Yes,under_construction,6952158.41
42.2,3.0,2,0,1,0,1,Ismailia,Central,El Afrang,1st,No,off_plan,512862.17
93.6,2.0,1,0,1,1,1,Cairo,Old Cairo,Maadi,2nd,No,completed,3360416.67
64.8,4.0,3,0,1,0,1,Aswan,Central,El Sad El Ali,2nd,No,completed,898232.67
206.3,3.0,3,0,1,1,1,Giza,West Giza,Dokki,2nd,No,completed,6757600.62
97.2,3.0,3,0,1,1,1,Cairo,New Cairo,Rehab,1st,No,completed,4263530.82
124.9,1.0,1,0,1,1,1,Mansoura,Central,El Mashaya,2nd,No,under_construction,1620886.58
161.7,4.0,3,0,1,0,1,Giza,New Giza,New Giza,2nd,No,completed,10213070.08
205.5,2.0,1,0,1,1,1,Cairo,Old Cairo,Downtown,1st,Semi,completed,6107322.56
110.1,2.0,1,0,1,0,1,Giza,West Giza,Mohandessin,1st,Yes,under_construction,3521428.44
146.2,3.0,3,0,1,1,1,Alexandria,West,Borg El Arab,2nd,Yes,completed,2633269.64
163.2,1.0,1,0,1,0,1,Cairo,Old Cairo,Maadi,2nd,Semi,under_construction,4964375.66
110.0,3.0,3,0,0,1,1,Giza,New Giza,New Giza,1st,No,completed,6946231.09
125.9,3.0,3,0,1,1,1,Alexandria,West,Agami,1st,Yes,under_construction,2082628.94
91.0,5.0,4,0,1,1,1,Aswan,Central,El Shallal,1st,Yes,under_construction,1276838.87
157.4,3.0,2,0,1,1,1,Mansoura,Central,El Mashaya,1st,No,completed,2582638.62
125.1,5.0,5,0,1,1,1,Tanta,Central,El Geish,1st,No,under_construction,1871044.52
153.2,2.0,2,0,1,1,1,Cairo,New Cairo,Heliopolis,1st,Yes,completed,6505459.59
93.9,1.0,1,0,1,1,1,Cairo,New Cairo,Heliopolis,2nd,Semi,completed,3005862.97
139.8,,2,1,1,1,1,Suez,North,Faisal,1st,No,under_construction,1777246.21
153.2,,1,1,1,1,1,Cairo,New Cairo,Nasr City,4th,No,under_construction,3878766.83
60.5,3.0,2,0,1,0,1,Ismailia,Central,El Afrang,1st,Yes,off_plan,740785.4
92.1,2.0,1,0,1,1,1,Port Said,West,El Zohour,1st,No,completed,1806945.77
128.6,3.0,3,0,1,1,1,Cairo,Old Cairo,Downtown,1st,Yes,completed,4197542.51
80.3,3.0,2,0,1,1,1,Giza,West Giza,Dokki,2nd,No,completed,2750885.85
148.5,,2,1,1,1,0,Port Said,West,El Zohour,2nd,No,completed,2811892.52
98.7,5.0,4,0,1,1,1,Tanta,Central,El Geish,2nd,Yes,completed,1861593.62
52.6,4.0,4,0,0,0,1,Tanta,Central,Saeed,1st,Semi,completed,843244.39
103.0,4.0,3,0,0,1,1,Giza,West Giza,6th of October,2nd,Yes,under_construction,3082093.57
98.2,1.0,1,0,1,0,1,Mansoura,Central,Toriel,1st,No,completed,1590050.33
143.7,2.0,2,0,1,0,1,Cairo,New Cairo,Fifth Settlement,2nd,Yes,completed,6566125.72
190.8,3.0,3,0,1,1,1,Aswan,Central,El Sad El Ali,2nd,Semi,completed,2938239.25
86.7,2.0,1,0,1,0,1,Cairo,Old Cairo,Downtown,2nd,No,completed,2920506.85
67.5,4.0,3,0,1,1,1,Suez,North,El Arbaien,1st,No,completed,1228706.76
229.5,2.0,1,0,1,0,1,Ismailia,Central,El Sheikh Zayed,1st,No,under_construction,3407389.14
80.2,3.0,2,0,0,0,1,Alexandria,West,Borg El Arab,1st,No,completed,1509339.52
122.4,2.0,1,0,1,1,1,Cairo,Old Cairo,Maadi,3rd,Yes,under_construction,3869445.61
101.9,4.0,4,0,1,0,1,Suez,North,El Arbaien,2nd,Semi,completed,1571360.83
81.1,3.0,3,0,1,1,1,Cairo,Old Cairo,Maadi,3rd,Semi,completed,3208515.57
46.6,2.0,2,0,0,1,1,Cairo,New Cairo,First Settlement,2nd,Semi,under_construction,1618432.32
90.1,3.0,2,0,1,1,1,Cairo,Old Cairo,Downtown,1st,No,completed,2760227.54
142.5,2.0,2,0,1,0,1,Cairo,Old Cairo,Maadi,3rd,Semi,completed,4969596.88
83.2,2.0,2,0,0,0,1,Aswan,Central,El Sad El Ali,2nd,No,completed,1268307.76
60.5,2.0,2,0,1,1,1,Ismailia,Central,El Sheikh Zayed,2nd,Yes,completed,1167168.45
189.1,3.0,2,0,1,1,1,Giza,New Giza,New Giza,2nd,No,completed,10619022.36
136.7,4.0,3,0,1,1,1,Giza,West Giza,6th of October,2nd,Semi,completed,4841395.32
62.3,,2,1,0,1,0,Port Said,West,El Zohour,2nd,Yes,completed,1402175.62
96.2,3.0,3,0,1,1,1,Alexandria,East,Smouha,3rd,No,under_construction,1773472.45
67.7,3.0,3,0,1,0,1,Giza,New Giza,New Giza,1st,No,completed,4588860.23
122.4,5.0,4,0,1,1,1,Giza,New Giza,New Giza,2nd,Yes,under_construction,6463277.5
131.2,2.0,1,0,1,0,1,Ismailia,Central,El Sheikh Zayed,1st,No,completed,2127030.84
72.5,3.0,2,0,1,1,1,Cairo,New Cairo,Fifth Settlement,1st,No,completed,3757350.11
83.2,2.0,2,0,1,1,1,Ismailia,Central,El Afrang,1st,No,off_plan,957321.64
136.3,2.0,1,0,1,1,1,Cairo,New Cairo,Rehab,1st,No,completed,5533132.36
113.0,1.0,1,0,1,1,1,Giza,West Giza,Sheikh Zayed,3rd,No,completed,5787181.51
185.6,2.0,1,0,1,1,1,Luxor,West Bank,El Gezira,1st,No,under_construction,1830330.07
93.4,4.0,3,0,1,0,1,Cairo,Old Cairo,Maadi,1st,Yes,completed,3866334.01
119.1,4.0,3,0,0,1,1,Alexandria,East,Sidi Gaber,2nd,No,under_construction,2339348.89
121.5,2.0,1,0,1,1,1,Tanta,Central,El Geish,2nd,No,under_construction,1679304.35
78.6,4.0,3,0,0,1,1,Aswan,Central,El Sad El Ali,2nd,No,under_construction,892541.72
133.3,3.0,3,0,1,0,1,Alexandria,West,Borg El Arab,1st,No,completed,2556478.09
73.1,4.0,3,0,1,1,0,Alexandria,West,Agami,1st,No,completed,1476250.51
132.9,3.0,3,0,1,0,1,Giza,West Giza,Sheikh Zayed,2nd,Yes,completed,6741725.61
102.5,2.0,1,0,1,0,1,Giza,West Giza,Sheikh Zayed,3rd,No,under_construction,4256590.22
106.6,3.0,3,0,1,1,1,Cairo,Old Cairo,Zamalek,2nd,No,under_construction,6074306.98
140.4,3.0,3,0,0,1,1,Cairo,New Cairo,First Settlement,3rd,No,completed,5754819.62
220.9,2.0,1,0,1,1,1,Port Said,West,El Zohour,2nd,Semi,completed,4372642.53
104.2,3.0,2,0,0,1,1,Port Said,West,El Zohour,1st,No,completed,1941924.03
177.7,4.0,4,0,0,0,1,Alexandria,East,Sidi Bishr,1st,Semi,completed,4361782.23
137.9,3.0,2,0,1,1,1,Giza,West Giza,Mohandessin,1st,Semi,completed,5163554.24
144.3,2.0,2,0,0,1,1,Aswan,Central,El Shallal,1st,No,completed,1668876.1
114.0,5.0,5,0,1,0,1,Cairo,Old Cairo,Maadi,1st,Yes,completed,4380681.9
104.7,1.0,1,0,1,1,1,Luxor,West Bank,El Gezira,1st,No,completed,1219729.87
115.6,3.0,2,0,1,1,1,Port Said,East,El Shark,2nd,No,completed,2268913.52
101.5,2.0,2,0,1,1,1,Cairo,Old Cairo,Maadi,2nd,No,off_plan,2373408.33
113.9,3.0,2,0,0,0,1,Giza,New Giza,New Giza,1st,Yes,completed,5925774.57
109.0,4.0,4,0,1,1,1,Suez,South,El Suez District,1st,Yes,under_construction,1536623.8
67.3,4.0,3,0,1,1,1,Cairo,Old Cairo,Maadi,2nd,Semi,under_construction,2019742.38
96.0,2.0,1,0,0,1,1,Alexandria,East,Smouha,3rd,Yes,completed,3286566.85
125.7,3.0,2,0,1,1,1,Ismailia,Central,El Afrang,1st,Semi,completed,1817943.59
135.2,2.0,1,0,1,1,1,Cairo,Old Cairo,Downtown,2nd,No,under_construction,3225706.33
86.8,2.0,1,0,1,1,1,Alexandria,East,Smouha,2nd,Yes,completed,2668457.8
104.3,2.0,1,0,1,0,1,Cairo,New Cairo,Madinaty,2nd,Semi,off_plan,3459158.82
160.9,1.0,1,0,1,1,1,Cairo,New Cairo,Rehab,3rd,No,completed,6634196.39
129.4,5.0,5,0,0,1,1,Tanta,Central,Saeed,1st,Semi,under_construction,1631718.59
132.5,4.0,3,0,1,0,1,Tanta,Central,El Geish,1st,No,completed,2298322.12
125.2,3.0,2,0,0,1,1,Cairo,New Cairo,Nasr City,3rd,Semi,completed,4040826.01
70.2,1.0,1,0,1,1,1,Mansoura,Central,El Mashaya,2nd,No,completed,1110247.5
68.6,2.0,1,0,1,1,1,Aswan,Central,El Shallal,1st,Semi,completed,1057234.74
91.1,3.0,3,0,1,1,1,Giza,West Giza,6th of October,2nd,Yes,under_construction,2762661.17
125.3,2.0,1,0,0,1,0,Alexandria,West,Borg El Arab,2nd,No,under_construction,1736507.78
178.9,3.0,2,0,1,1,1,Luxor,East Bank,El Awameya,1st,Semi,completed,2147610.85
101.3,1.0,1,0,1,1,1,Cairo,Old Cairo,Zamalek,2nd,No,under_construction,4975861.49
92.2,2.0,1,0,0,1,1,Port Said,West,El Zohour,2nd,No,completed,1884236.98
177.6,1.0,1,0,1,1,1,Giza,New Giza,New Giza,2nd,Semi,under_construction,6937350.68
127.4,2.0,2,0,1,1,1,Cairo,Old Cairo,Downtown,1st,Semi,under_construction,3762638.34
137.7,3.0,2,0,1,1,1,Aswan,Central,El Sad El Ali,2nd,Yes,off_plan,1579872.97
133.7,1.0,1,0,1,1,1,Tanta,Central,El Geish,2nd,No,under_construction,1644470.56
108.2,2.0,2,0,1,1,1,Cairo,New Cairo,Heliopolis,1st,Yes,completed,4201854.86
101.3,2.0,1,0,0,1,1,Giza,New Giza,New Giza,2nd,No,under_construction,4522512.15
80.4,,3,1,1,1,1,Suez,North,Faisal,1st,Yes,completed,1090266.67
117.6,4.0,4,0,1,1,0,Giza,West Giza,Sheikh Zayed,2nd,Semi,completed,5892616.62
125.2,3.0,2,0,1,1,1,Suez,South,El Suez District,1st,No,off_plan,1302577.42
81.4,4.0,3,0,1,1,1,Suez,North,El Arbaien,2nd,No,under_construction,1073832.13
190.7,2.0,2,0,1,1,1,Suez,South,El Suez District,1st,Yes,completed,2905488.38
66.6,3.0,3,0,1,1,1,Cairo,Old Cairo,Zamalek,1st,Yes,completed,4866588.18
56.8,5.0,5,0,1,1,1,Cairo,Old Cairo,Downtown,2nd,Semi,completed,2048290.0
157.6,2.0,1,0,1,0,1,Suez,North,El Arbaien,2nd,Semi,completed,2384526.12
161.8,4.0,3,0,1,1,1,Giza,New Giza,New Giza,2nd,No,completed,8771507.23
204.0,5.0,4,0,1,1,1,Alexandria,East,Sidi Bishr,1st,Yes,completed,5083086.8
116.5,3.0,2,0,1,1,1,Cairo,New Cairo,Rehab,1st,Yes,off_plan,3667502.1
147.3,5.0,5,0,1,1,1,Alexandria,West,Agami,2nd,Yes,under_construction,2971331.7
125.4,4.0,4,0,1,0,1,Giza,West Giza,Sheikh Zayed,2nd,Yes,completed,8007675.99
153.9,4.0,3,0,1,1,1,Alexandria,West,Agami,1st,Yes,completed,3935241.23
177.9,4.0,3,0,1,1,1,Cairo,Old Cairo,Maadi,2nd,No,completed,5728876.92
120.9,4.0,3,0,1,1,1,Cairo,Old Cairo,Downtown,1st,Yes,completed,4084704.84
153.5,3.0,3,0,1,1,1,Port Said,East,El Shark,2nd,Yes,completed,3435073.77
181.0,1.0,1,0,0,0,1,Port Said,East,El Shark,2nd,Semi,under_construction,2685275.79
95.7,2.0,1,0,1,1,0,Cairo,Old Cairo,Maadi,1st,No,completed,3725617.73
127.9,4.0,3,0,1,0,1,Cairo,Old Cairo,Maadi,3rd,No,completed,4550273.32
137.8,2.0,1,0,1,1,1,Aswan,Central,El Sad El Ali,1st,No,completed,2051467.38
129.2,2.0,2,0,1,0,1,Aswan,Central,El Sad El Ali,2nd,No,completed,1904453.17
157.7,2.0,1,0,1,1,1,Giza,New Giza,New Giza,1st,Yes,completed,8785693.03
81.3,2.0,1,0,0,0,1,Tanta,Central,Saeed,1st,Yes,under_construction,1030246.8
105.9,3.0,2,0,1,0,1,Cairo,New Cairo,First Settlement,2nd,Yes,completed,4778305.8
184.5,1.0,1,0,1,1,1,Alexandria,West,Agami,1st,Yes,completed,4358345.11
149.2,3.0,2,0,1,1,1,Cairo,New Cairo,First Settlement,2nd,No,completed,4991451.73
117.6,3.0,2,0,1,1,1,Port Said,East,El Shark,1st,No,under_construction,1624413.28
158.5,2.0,2,0,0,1,0,Mansoura,Central,Toriel,1st,Yes,completed,2636411.24
109.5,3.0,3,0,1,1,1,Giza,New Giza,New Giza,1st,No,completed,6280777.71
145.6,2.0,2,0,1,1,1,Giza,West Giza,Sheikh Zayed,3rd,No,completed,7596707.12
141.6,4.0,3,0,1,0,1,Cairo,Old Cairo,Maadi,3rd,No,completed,5783337.43
148.3,3.0,3,0,1,1,1,Giza,West Giza,6th of October,3rd,No,under_construction,4101790.91
179.5,2.0,1,0,1,0,1,Luxor,East Bank,El Karnak,1st,No,under_construction,1466072.5
146.2,3.0,2,0,1,1,1,Cairo,New Cairo,Madinaty,1st,No,under_construction,4837628.37
75.0,2.0,1,0,0,1,1,Alexandria,West,Borg El Arab,2nd,Semi,completed,1241503.5
181.0,2.0,1,0,1,1,1,Giza,West Giza,Haram,3rd,No,completed,3190769.48
142.1,5.0,4,0,1,1,1,Cairo,New Cairo,Heliopolis,1st,Yes,completed,6143702.25
90.2,,1,1,1,1,1,Cairo,New Cairo,Nasr City,1st,No,off_plan,1987926.87
98.5,2.0,1,0,1,1,1,Cairo,New Cairo,First Settlement,1st,No,under_construction,3558886.88
212.0,4.0,4,0,1,1,1,Suez,South,El Suez District,2nd,Semi,completed,3305666.25
132.7,2.0,2,0,1,1,1,Alexandria,West,Agami,2nd,No,completed,2718958.15
103.3,4.0,4,0,1,1,1,Luxor,East Bank,El Awameya,1st,No,completed,1276915.58
124.1,3.0,2,0,1,1,1,Aswan,Central,El Shallal,1st,Semi,off_plan,1303149.78
97.6,4.0,4,0,0,1,0,Tanta,Central,Saeed,1st,Semi,completed,1497751.91
159.1,,2,1,1,1,1,Ismailia,Central,El Afrang,1st,No,off_plan,1752101.98
92.1,3.0,2,0,1,0,1,Luxor,East Bank,El Karnak,2nd,No,completed,1362327.17
55.6,2.0,1,0,0,0,1,Cairo,Old Cairo,Maadi,3rd,Semi,completed,2151088.43
194.3,4.0,4,0,1,0,1,Giza,New Giza,New Giza,1st,Semi,completed,11928038.55
130.3,3.0,2,0,1,1,1,Suez,North,Faisal,1st,Yes,under_construction,1545429.02
128.7,2.0,1,0,0,0,1,Alexandria,West,Borg El Arab,2nd,No,completed,2474302.02
104.3,3.0,2,0,1,0,1,Cairo,Old Cairo,Maadi,3rd,Yes,off_plan,3055485.53
147.0,2.0,2,0,1,1,1,Mansoura,Central,Toriel,1st,Semi,completed,1986611.27
97.6,3.0,3,0,1,1,1,Port Said,West,El Zohour,1st,Yes,completed,1988266.46
239.4,2.0,2,0,1,1,1,Luxor,West Bank,El Gezira,1st,Yes,completed,3385997.8
121.8,2.0,1,0,0,1,1,Luxor,East Bank,El Karnak,1st,No,completed,1765045.52
107.3,4.0,4,0,1,1,1,Giza,West Giza,Dokki,2nd,No,completed,3613388.67
153.7,1.0,1,0,1,0,1,Luxor,West Bank,El Gezira,1st,Semi,completed,1714297.35
120.6,1.0,1,0,1,0,1,Luxor,East Bank,El Awameya,1st,Semi,off_plan,930853.04
72.4,1.0,1,0,1,0,1,Ismailia,Central,El Sheikh Zayed,1st,No,completed,1230170.81
184.7,2.0,2,0,1,1,1,Giza,West Giza,6th of October,3rd,No,completed,5579931.78
120.0,3.0,3,0,1,0,1,Cairo,Old Cairo,Zamalek,1st,No,completed,7636253.58
145.4,3.0,2,0,1,1,1,Cairo,New Cairo,First Settlement,3rd,No,completed,5583650.34
170.7,4.0,4,0,0,1,1,Suez,North,El Arbaien,1st,No,completed,2492934.67
103.8,2.0,1,0,1,1,1,Giza,West Giza,Mohandessin,2nd,No,completed,3888579.94
107.1,3.0,3,0,1,0,1,Tanta,Central,El Geish,1st,No,completed,1482475.11
155.2,3.0,2,0,1,0,0,Aswan,Central,El Shallal,1st,Yes,completed,2405543.56
128.2,3.0,3,0,1,1,1,Cairo,New Cairo,Fifth Settlement,2nd,No,completed,5281850.44
170.2,2.0,1,0,1,0,1,Tanta,Central,Saeed,1st,No,completed,2131325.64
70.5,2.0,1,0,1,1,1,Aswan,Central,El Shallal,1st,No,completed,941613.98
141.3,5.0,5,0,1,1,1,Alexandria,West,Borg El Arab,1st,No,completed,2703277.14
119.3,4.0,4,0,1,1,1,Tanta,Central,El Geish,2nd,Yes,completed,2275279.05
186.0,1.0,1,0,1,1,1,Tanta,Central,El Geish,2nd,No,off_plan,2295720.99
76.5,4.0,3,0,1,1,1,Port Said,West,El Zohour,1st,No,off_plan,1208384.5
139.0,,2,1,1,1,1,Cairo,Old Cairo,Downtown,1st,No,completed,4170433.29
109.2,2.0,2,0,1,1,1,Ismailia,Central,El Afrang,1st,Yes,completed,1837077.6
132.9,3.0,2,0,1,0,1,Cairo,Old Cairo,Maadi,3rd,Semi,under_construction,4460360.64
114.4,5.0,4,0,1,0,1,Alexandria,East,Sidi Gaber,2nd,Yes,completed,3309172.39
81.1,3.0,2,0,0,0,1,Luxor,West Bank,El Gezira,1st,Yes,completed,1290241.83
107.4,2.0,1,0,0,0,1,Suez,South,El Suez District,2nd,Semi,under_construction,1289087.04
226.3,2.0,1,0,1,1,1,Giza,New Giza,New Giza,1st,No,completed,13028286.95
168.5,2.0,1,0,0,1,1,Ismailia,Central,El Sheikh Zayed,1st,Yes,completed,3059986.72
70.5,4.0,3,0,1,0,1,Giza,New Giza,New Giza,1st,Semi,completed,4792254.36
98.5,,4,1,1,1,1,Port Said,East,El Shark,2nd,No,completed,1768108.4
159.3,3.0,3,0,1,0,1,Giza,West Giza,Mohandessin,2nd,No,off_plan,4326595.12
149.8,3.0,3,0,1,1,1,Suez,South,El Suez District,2nd,No,off_plan,1679359.02
129.3,3.0,2,0,1,0,1,Cairo,New Cairo,Fifth Settlement,1st,No,completed,7408869.47
132.4,5.0,5,0,1,0,0,Port Said,West,El Zohour,2nd,No,completed,2880655.13
179.7,2.0,1,0,1,1,1,Suez,North,El Arbaien,2nd,Semi,off_plan,2099632.52
102.4,3.0,2,0,1,1,0,Luxor,West Bank,El Gezira,1st,No,completed,1523059.48
156.0,3.0,3,0,1,1,1,Cairo,New Cairo,Heliopolis,1st,No,completed,4998843.2
132.9,2.0,2,0,1,1,1,Giza,West Giza,Haram,3rd,Yes,completed,3056095.24
160.0,2.0,2,0,1,1,1,Luxor,West Bank,El Gezira,1st,Yes,under_construction,1987679.02
80.0,4.0,4,0,1,1,1,Giza,New Giza,New Giza,1st,Yes,completed,5313030.19
178.8,3.0,2,0,1,1,1,Giza,West Giza,Sheikh Zayed,1st,No,completed,8828763.43
144.2,3.0,2,0,1,1,1,Cairo,Old Cairo,Downtown,2nd,Yes,completed,4830671.92
85.4,4.0,3,0,1,0,1,Alexandria,East,Sidi Gaber,1st,No,under_construction,2172273.56
117.8,2.0,1,0,1,1,1,Alexandria,East,Sidi Bishr,1st,No,off_plan,1985679.43
62.8,3.0,3,0,1,1,1,Alexandria,West,Borg El Arab,2nd,No,completed,1193087.56
94.1,1.0,1,0,1,0,1,Mansoura,Central,Toriel,1st,Yes,completed,1554538.56
84.0,3.0,3,0,1,1,1,Cairo,New Cairo,Nasr City,4th,No,completed,2323634.52
108.8,4.0,4,0,1,1,1,Cairo,New Cairo,Nasr City,3rd,No,under_construction,2582210.33
117.8,2.0,2,0,1,1,1,Cairo,Old Cairo,Zamalek,2nd,Yes,completed,9456210.98
57.2,2.0,1,0,1,0,1,Mansoura,Central,Toriel,1st,No,under_construction,669777.8
40.0,,3,1,1,0,1,Cairo,Old Cairo,Maadi,3rd,No,off_plan,1089409.0
108.5,3.0,2,0,1,0,1,Mansoura,Central,Toriel,1st,Semi,under_construction,1301112.28
182.1,2.0,1,0,1,1,1,Giza,New Giza,New Giza,2nd,No,completed,10451794.76
152.8,5.0,4,0,1,1,1,Mansoura,Central,El Mashaya,1st,No,completed,3386839.74
117.6,3.0,2,0,1,1,1,Cairo,Old Cairo,Downtown,1st,No,completed,4543823.75
150.2,4.0,3,0,1,1,1,Cairo,Old Cairo,Maadi,1st,Yes,completed,6980097.98
65.3,2.0,1,0,1,0,1,Alexandria,East,Sidi Bishr,2nd,Yes,completed,1658219.09
89.7,3.0,2,0,1,1,1,Giza,New Giza,New Giza,2nd,Yes,under_construction,4067161.07
107.9,4.0,4,0,1,0,1,Cairo,New Cairo,First Settlement,1st,No,under_construction,3462064.54
105.2,3.0,2,0,1,1,1,Tanta,Central,El Geish,2nd,Semi,under_construction,1551117.68
93.7,2.0,1,0,1,1,1,Giza,New Giza,New Giza,2nd,No,completed,5490591.66
245.7,5.0,4,0,1,0,0,Suez,South,El Suez District,2nd,No,under_construction,2934631.2
248.7,4.0,3,0,1,1,1,Giza,New Giza,New Giza,1st,No,off_plan,9936141.63
134.5,2.0,1,0,1,1,1,Cairo,Old Cairo,Maadi,1st,No,completed,4410515.51
103.8,3.0,3,0,0,1,1,Giza,New Giza,New Giza,1st,No,under_construction,5064563.28
214.5,2.0,2,0,1,1,1,Alexandria,West,Agami,1st,No,completed,4176059.38
135.4,5.0,4,0,1,1,1,Cairo,Old Cairo,Downtown,2nd,No,completed,4509179.36
167.8,3.0,2,0,1,1,1,Giza,New Giza,New Giza,2nd,Yes,completed,11005218.99
118.4,2.0,2,0,1,1,1,Giza,New Giza,New Giza,2nd,Yes,completed,7960228.61
87.9,4.0,3,0,1,1,1,Port Said,West,El Zohour,1st,No,completed,1793387.48
97.4,2.0,1,0,1,1,0,Port Said,West,El Zohour,2nd,No,under_construction,1351361.42
115.4,3.0,3,0,1,0,1,Cairo,Old Cairo,Zamalek,1st,No,completed,8207345.11
70.3,4.0,3,0,1,1,1,Cairo,New Cairo,Fifth Settlement,2nd,No,under_construction,2887894.78
116.2,3.0,3,0,1,1,1,Giza,New Giza,New Giza,1st,Yes,under_construction,6096802.97
93.0,4.0,3,0,1,0,1,Cairo,New Cairo,Rehab,1st,Semi,completed,4451455.31
79.5,2.0,1,0,1,0,1,Cairo,Old Cairo,Maadi,2nd,No,completed,3303666.54
141.8,3.0,2,0,0,1,1,Mansoura,Central,El Mashaya,2nd,Semi,under_construction,2192196.59
252.3,4.0,4,0,1,1,1,Ismailia,Central,El Sheikh Zayed,1st,Yes,completed,4320404.16
126.9,2.0,1,0,1,1,1,Mansoura,Central,Toriel,1st,No,completed,2003323.73
138.2,3.0,2,0,1,1,1,Cairo,Old Cairo,Downtown,2nd,Semi,off_plan,3110529.95
211.8,2.0,2,0,1,0,0,Cairo,Old Cairo,Zamalek,2nd,No,off_plan,9368546.79
119.4,5.0,4,0,1,1,1,Cairo,Old Cairo,Zamalek,1st,No,off_plan,6455944.62
137.8,2.0,1,0,1,1,1,Alexandria,East,Sidi Bishr,1st,Semi,completed,3244514.0
123.0,,2,1,1,1,1,Cairo,New Cairo,Fifth Settlement,1st,Yes,completed,7792739.6
125.6,3.0,3,0,1,1,1,Cairo,Old Cairo,Downtown,2nd,Yes,off_plan,3379060.28
174.0,4.0,3,0,0,1,1,Alexandria,West,Agami,2nd,No,completed,3714670.46
140.4,,2,1,1,0,1,Mansoura,Central,Toriel,1st,No,completed,2248333.8
166.0,2.0,2,0,1,1,1,Luxor,West Bank,El Gezira,1st,No,under_construction,1625796.96
127.8,2.0,2,0,1,0,1,Alexandria,West,Agami,2nd,No,under_construction,2039819.14
174.3,3.0,2,0,1,0,1,Cairo,Old Cairo,Maadi,2nd,Yes,under_construction,6041700.23
135.1,2.0,2,0,1,0,1,Giza,New Giza,New Giza,1st,Yes,under_construction,6690147.92
169.3,,1,1,1,1,1,Mansoura,Central,Toriel,1st,Yes,completed,2651889.74
152.6,4.0,4,0,1,1,1,Ismailia,Central,El Sheikh Zayed,2nd,Semi,completed,2748356.47
90.4,3.0,3,0,1,1,0,Cairo,Old Cairo,Downtown,1st,No,completed,3127832.45
127.4,1.0,1,0,0,0,1,Mansoura,Central,El Mashaya,2nd,No,completed,1893907.01
104.0,1.0,1,0,1,1,1,Port Said,West,El Zohour,2nd,Semi,completed,2275594.48
108.3,5.0,4,0,1,1,1,Suez,North,El Arbaien,1st,Yes,completed,1626530.93
248.2,2.0,1,0,0,1,1,Port Said,West,El Zohour,2nd,No,completed,4933512.78
115.7,3.0,2,0,1,1,1,Cairo,Old Cairo,Zamalek,1st,No,completed,8065825.35
139.7,2.0,1,0,1,1,1,Mansoura,Central,Toriel,1st,No,completed,2208131.53
70.6,2.0,1,0,1,1,0,Tanta,Central,El Geish,1st,No,completed,1231835.84
391.9,2.0,1,0,1,1,1,Port Said,West,El Zohour,1st,No,completed,7174435.59
79.7,,1,1,0,1,1,Cairo,New Cairo,Madinaty,3rd,No,completed,3785868.58
104.7,3.0,2,0,1,1,1,Mansoura,Central,Toriel,1st,No,completed,1619462.9
141.3,4.0,4,0,1,1,1,Cairo,Old Cairo,Maadi,3rd,Yes,completed,5491253.51
74.6,3.0,3,0,1,1,1,Alexandria,East,Smouha,2nd,No,completed,2145162.01
139.7,,1,1,1,1,1,Cairo,New Cairo,Rehab,3rd,Yes,completed,6617741.59
151.7,3.0,2,0,1,1,1,Cairo,New Cairo,Heliopolis,1st,No,off_plan,3649565.37
100.6,3.0,2,0,1,1,1,Alexandria,West,Borg El Arab,2nd,Yes,completed,1977310.79
83.3,4.0,3,0,1,1,1,Giza,New Giza,New Giza,1st,No,off_plan,3370000.71
207.9,2.0,2,0,1,1,1,Port Said,East,El Shark,2nd,Semi,under_construction,2774994.38
82.5,2.0,2,0,1,0,1,Giza,New Giza,New Giza,2nd,No,under_construction,3835130.59
115.7,2.0,2,0,1,1,1,Tanta,Central,El Geish,1st,No,under_construction,1588653.87
83.4,4.0,4,0,1,1,1,Cairo,New Cairo,First Settlement,3rd,Semi,completed,3384900.77
146.7,3.0,3,0,1,1,1,Cairo,New Cairo,First Settlement,1st,No,off_plan,4408217.59
204.5,2.0,2,0,1,1,1,Cairo,New Cairo,Heliopolis,1st,Yes,completed,8115183.55
90.8,4.0,3,0,1,1,1,Tanta,Central,Saeed,1st,Semi,completed,1435556.43
41.1,4.0,3,0,0,0,1,Luxor,East Bank,El Awameya,1st,No,under_construction,453585.25
143.2,2.0,1,0,1,1,1,Tanta,Central,El Geish,1st,No,completed,2569244.21
175.5,3.0,3,0,0,1,1,Cairo,Old Cairo,Zamalek,2nd,Semi,under_construction,10784628.63
112.2,3.0,2,0,1,1,1,Alexandria,East,Sidi Gaber,1st,No,completed,2623533.26
94.0,3.0,2,0,1,1,1,Aswan,Central,El Sad El Ali,2nd,Yes,completed,1514732.31
103.0,3.0,2,0,1,1,1,Tanta,Central,El Geish,2nd,Yes,completed,2128399.7
116.2,4.0,4,0,1,1,1,Cairo,Old Cairo,Maadi,2nd,Yes,completed,4868653.71
202.0,3.0,2,0,1,1,1,Suez,South,El Suez District,1st,No,completed,3041653.91
172.9,5.0,5,0,1,1,1,Aswan,Central,El Sad El Ali,2nd,Semi,completed,2942957.84
121.6,4.0,3,0,1,0,1,Cairo,Old Cairo,Zamalek,2nd,No,completed,7461008.13
156.3,2.0,2,0,1,1,1,Suez,North,El Arbaien,1st,Semi,completed,2218078.59
179.4,3.0,2,0,0,1,1,Alexandria,East,Smouha,1st,Semi,completed,5096472.85
116.2,3.0,2,0,1,1,1,Cairo,New Cairo,Nasr City,2nd,No,completed,3490216.23
84.9,2.0,1,0,1,1,1,Port Said,West,El Zohour,1st,No,completed,1651217.91
81.3,3.0,2,0,0,1,1,Cairo,New Cairo,Nasr City,3rd,Semi,under_construction,1833654.5
125.7,3.0,3,0,1,0,1,Port Said,East,El Manakh,2nd,Semi,under_construction,1418563.26
210.0,1.0,1,0,0,1,1,Port Said,West,El Zohour,2nd,No,off_plan,2896235.84
107.2,3.0,2,0,1,1,1,Giza,New Giza,New Giza,2nd,Yes,completed,6808032.53
113.9,3.0,2,0,1,0,1,Cairo,New Cairo,Fifth Settlement,1st,Semi,under_construction,4814669.65
193.1,2.0,2,0,0,1,1,Giza,New Giza,New Giza,2nd,No,under_construction,9031801.6
100.0,2.0,1,0,1,1,1,Giza,New Giza,New Giza,2nd,Semi,completed,5318656.61
137.7,2.0,1,0,1,1,1,Cairo,New Cairo,Rehab,3rd,No,completed,5590165.2
184.6,3.0,2,0,0,0,1,Port Said,East,El Shark,1st,Semi,completed,3913583.56
155.5,2.0,2,0,1,1,1,Mansoura,Central,El Mashaya,1st,No,under_construction,2164958.51
250.9,3.0,3,0,0,1,1,Cairo,Old Cairo,Downtown,2nd,No,completed,9258259.63
77.5,4.0,4,0,1,0,1,Luxor,East Bank,El Karnak,1st,Semi,completed,1019606.94
196.6,4.0,3,0,1,0,1,Cairo,Old Cairo,Zamalek,2nd,No,under_construction,10416519.98
94.9,4.0,3,0,1,1,1,Cairo,New Cairo,Heliopolis,2nd,Yes,off_plan,2971489.73
109.1,4.0,4,0,1,1,1,Giza,New Giza,New Giza,1st,No,completed,7040517.61
103.5,2.0,1,0,1,0,1,Alexandria,East,Sidi Gaber,1st,Yes,completed,2811206.82
203.5,3.0,3,0,1,1,1,Port Said,East,El Manakh,2nd,No,completed,2720246.85
133.4,3.0,2,0,1,1,1,Cairo,New Cairo,Nasr City,2nd,Yes,completed,3856967.17
77.9,3.0,2,0,0,1,1,Tanta,Central,Saeed,1st,No,completed,1156211.16
106.5,2.0,1,0,1,1,1,Luxor,West Bank,El Gezira,1st,No,off_plan,922224.12
93.6,3.0,2,0,1,1,1,Suez,North,El Arbaien,2nd,No,under_construction,1110381.05
101.0,5.0,5,0,0,0,1,Alexandria,East,Sidi Bishr,2nd,No,completed,2763951.38
58.6,3.0,2,0,1,1,1,Ismailia,Central,El Afrang,1st,Yes,under_construction,843557.4
108.3,3.0,2,0,1,1,0,Cairo,Old Cairo,Zamalek,1st,Yes,completed,6854486.97
89.1,,2,1,1,1,0,Ismailia,Central,El Sheikh Zayed,2nd,No,completed,1635350.97
84.2,3.0,2,0,1,0,0,Port Said,East,El Shark,2nd,No,completed,1647457.52
147.0,2.0,1,0,1,1,1,Suez,North,El Arbaien,1st,No,under_construction,1985398.19
138.8,5.0,5,0,1,1,1,Cairo,New Cairo,Heliopolis,2nd,No,completed,5635786.62
108.7,5.0,4,0,1,0,1,Giza,New Giza,New Giza,2nd,No,completed,7139725.98
106.6,3.0,2,0,1,1,1,Cairo,New Cairo,Nasr City,4th,Yes,under_construction,2806060.97
133.0,4.0,3,0,1,0,1,Aswan,Central,El Sad El Ali,1st,Semi,off_plan,1429235.25
134.4,2.0,1,0,0,1,1,Cairo,New Cairo,Fifth Settlement,1st,Semi,under_construction,6280192.36
127.8,2.0,1,0,1,1,1,Alexandria,East,Smouha,3rd,Semi,under_construction,3046303.95
119.1,3.0,3,0,1,1,1,Aswan,Central,El Shallal,1st,No,completed,1752627.23
117.9,5.0,5,0,1,0,1,Suez,South,El Suez District,2nd,No,completed,1666703.2
182.9,4.0,3,0,1,0,1,Tanta,Central,Saeed,1st,No,completed,2697261.71
100.7,3.0,2,0,1,1,1,Port Said,East,El Manakh,2nd,Yes,under_construction,1350198.96
121.0,2.0,2,0,1,1,1,Aswan,Central,El Sad El Ali,1st,No,completed,1847506.34
106.4,3.0,2,0,1,0,1,Mansoura,Central,Toriel,1st,No,completed,1717865.35
165.4,3.0,2,0,1,1,1,Cairo,New Cairo,Madinaty,2nd,Yes,completed,8904399.01
127.1,2.0,1,0,1,0,1,Cairo,Old Cairo,Zamalek,1st,Yes,completed,8557979.45
186.4,2.0,2,0,1,1,1,Cairo,Old Cairo,Zamalek,1st,No,completed,11103717.58
97.3,3.0,2,0,1,0,1,Cairo,New Cairo,Heliopolis,1st,Semi,completed,3387664.11
106.2,3.0,2,0,1,1,1,Cairo,Old Cairo,Zamalek,1st,Yes,completed,6810719.0
137.7,3.0,3,0,1,0,1,Cairo,New Cairo,First Settlement,1st,Semi,completed,5716302.28
82.6,4.0,3,0,1,1,1,Port Said,West,El Zohour,1st,No,completed,1935608.48
141.2,3.0,2,0,1,1,1,Cairo,New Cairo,Fifth Settlement,3rd,No,completed,7691642.03
61.5,1.0,1,0,1,1,1,Port Said,East,El Shark,1st,No,under_construction,939710.78
133.5,2.0,1,0,0,1,1,Giza,New Giza,New Giza,2nd,No,completed,8225473.13
58.7,4.0,4,0,1,1,1,Mansoura,Central,Toriel,1st,No,completed,1083147.16
96.2,3.0,2,0,1,0,1,Luxor,West Bank,El Gezira,1st,No,completed,1327156.17
152.3,3.0,3,0,1,0,1,Giza,New Giza,New Giza,2nd,Semi,completed,8328560.24
109.4,4.0,4,0,1,1,1,Luxor,East Bank,El Karnak,1st,No,completed,1407737.41
76.7,1.0,1,0,1,1,1,Suez,South,El Suez District,2nd,No,completed,1139809.97
162.7,4.0,4,0,1,1,1,Cairo,Old Cairo,Downtown,2nd,No,completed,5501659.61
78.3,3.0,2,0,1,1,1,Aswan,Central,El Shallal,1st,Yes,off_plan,832782.28
129.9,3.0,3,0,1,1,1,Aswan,Central,El Shallal,1st,Semi,completed,1912539.19
151.9,3.0,2,0,0,1,1,Giza,West Giza,6th of October,3rd,Semi,completed,5029915.54
174.8,2.0,1,0,1,1,1,Giza,New Giza,New Giza,1st,Semi,completed,8986640.0
195.7,3.0,2,0,1,1,1,Mansoura,Central,Toriel,1st,Yes,under_construction,2821559.04
89.0,4.0,3,0,1,1,1,Alexandria,West,Borg El Arab,2nd,No,completed,1490059.65
65.1,3.0,3,0,1,0,1,Tanta,Central,Saeed,1st,No,completed,1067183.82
121.6,1.0,1,0,1,1,1,Suez,North,El Arbaien,1st,No,off_plan,1323547.22
171.8,3.0,3,0,0,1,1,Giza,New Giza,New Giza,2nd,Yes,off_plan,8434196.09
91.2,1.0,1,0,1,1,1,Alexandria,East,Sidi Gaber,2nd,No,completed,2434632.44
133.6,1.0,1,0,1,1,1,Cairo,Old Cairo,Downtown,2nd,Yes,completed,3850672.29
109.4,3.0,2,0,1,1,1,Alexandria,West,Agami,1st,No,completed,2220570.28
100.8,2.0,2,0,1,1,1,Giza,New Giza,New Giza,2nd,Semi,off_plan,4950674.54
91.3,1.0,1,0,0,1,1,Giza,New Giza,New Giza,2nd,No,under_construction,3955387.96
101.6,,2,1,1,1,1,Alexandria,West,Agami,2nd,Yes,under_construction,2019342.42
135.9,5.0,5,0,1,1,1,Aswan,Central,El Shallal,1st,No,under_construction,1749691.88
116.9,2.0,2,0,1,1,0,Port Said,West,El Zohour,2nd,Semi,completed,2201158.1
72.5,3.0,2,0,1,1,1,Cairo,Old Cairo,Downtown,2nd,Semi,completed,2305629.83
59.6,5.0,4,0,1,0,1,Alexandria,West,Borg El Arab,1st,Semi,under_construction,996358.33
118.8,4.0,3,0,1,1,1,Giza,New Giza,New Giza,1st,No,completed,7069602.7
66.2,3.0,3,0,1,1,1,Cairo,Old Cairo,Maadi,2nd,Yes,completed,2351332.56
147.1,1.0,1,0,1,0,0,Ismailia,Central,El Afrang,1st,No,completed,2147935.77
92.1,2.0,2,0,1,0,1,Port Said,East,El Manakh,1st,No,completed,1321836.22
150.0,2.0,1,0,1,1,1,Giza,West Giza,6th of October,1st,Semi,completed,5051088.31
91.4,4.0,4,0,0,1,1,Cairo,Old Cairo,Maadi,3rd,No,off_plan,2544738.83
141.2,2.0,1,0,1,0,1,Cairo,Old Cairo,Maadi,3rd,No,completed,5215575.12
122.0,1.0,1,0,1,1,1,Cairo,Old Cairo,Zamalek,2nd,No,under_construction,6145558.85
75.0,3.0,3,0,1,1,1,Suez,South,El Suez District,2nd,No,off_plan,912797.44
115.5,3.0,3,0,1,1,1,Giza,West Giza,Dokki,2nd,No,completed,3506701.32
152.9,4.0,3,0,1,1,1,Cairo,New Cairo,Nasr City,3rd,No,completed,4358424.94
117.3,2.0,2,0,0,1,1,Giza,New Giza,New Giza,1st,No,under_construction,5419892.59
104.2,4.0,4,0,1,1,1,Cairo,Old Cairo,Downtown,1st,No,under_construction,2773055.38
70.6,4.0,3,0,1,1,1,Alexandria,East,Smouha,1st,Semi,off_plan,1550611.51
139.7,,3,1,1,1,1,Luxor,West Bank,El Gezira,1st,Semi,under_construction,1822211.72
101.4,2.0,2,0,1,1,1,Cairo,New Cairo,Fifth Settlement,3rd,Semi,completed,5083047.3
135.4,2.0,1,0,1,1,1,Port Said,West,El Zohour,2nd,Yes,completed,3395526.06
119.1,2.0,1,0,1,0,1,Ismailia,Central,El Afrang,1st,Yes,completed,1986167.44
183.6,3.0,3,0,1,0,1,Luxor,East Bank,El Awameya,1st,No,completed,2435660.5
149.4,1.0,1,0,1,0,1,Port Said,West,El Zohour,2nd,Yes,completed,2732193.62
86.4,5.0,5,0,1,0,1,Alexandria,East,Smouha,1st,Yes,completed,2745897.33
132.6,4.0,4,0,1,1,1,Alexandria,East,Smouha,1st,Yes,under_construction,3319583.57
127.1,2.0,1,0,1,0,1,Cairo,New Cairo,Madinaty,3rd,No,completed,5357638.5
145.9,2.0,1,0,1,1,1,Giza,West Giza,6th of October,2nd,No,off_plan,3340241.56
179.8,3.0,3,0,1,1,1,Cairo,Old Cairo,Downtown,1st,No,completed,6232553.15
83.8,1.0,1,0,1,1,1,Alexandria,East,Sidi Gaber,2nd,No,completed,2158858.55
154.8,2.0,1,0,1,0,1,Giza,New Giza,New Giza,2nd,No,completed,8727604.88
105.5,,4,1,1,0,1,Giza,New Giza,New Giza,1st,No,off_plan,4023521.66
128.1,4.0,3,0,1,1,1,Cairo,New Cairo,Heliopolis,2nd,No,completed,4307981.46
82.0,3.0,3,0,1,1,1,Giza,West Giza,Sheikh Zayed,1st,No,completed,3820313.89
80.7,1.0,1,0,1,0,1,Suez,South,El Suez District,2nd,No,under_construction,1006868.97
134.0,3.0,2,0,1,0,1,Cairo,New Cairo,Rehab,2nd,No,off_plan,4524260.35
96.4,2.0,1,0,1,1,1,Giza,New Giza,New Giza,2nd,Yes,completed,7145604.89
100.5,3.0,2,0,1,1,1,Giza,New Giza,New Giza,1st,Yes,completed,6711002.4
102.6,4.0,3,0,1,1,1,Luxor,East Bank,El Awameya,1st,Yes,completed,1646810.91
105.6,2.0,2,0,1,1,1,Cairo,New Cairo,Nasr City,3rd,Yes,completed,2810852.56
243.4,3.0,2,0,1,0,1,Ismailia,Central,El Afrang,1st,No,completed,3372133.07
130.1,2.0,2,0,1,1,1,Cairo,New Cairo,Nasr City,2nd,Yes,completed,4458848.25
249.4,2.0,1,0,1,1,1,Suez,North,El Arbaien,1st,No,completed,3591372.64
73.3,4.0,3,0,1,0,1,Tanta,Central,El Geish,2nd,No,completed,1342791.72
74.9,5.0,5,0,1,0,1,Suez,North,El Arbaien,2nd,No,completed,1396660.08
110.9,,4,1,1,0,1,Alexandria,West,Agami,1st,Semi,completed,2333561.78
129.3,2.0,1,0,1,1,1,Suez,North,Faisal,1st,Semi,under_construction,1633153.55
130.8,3.0,3,0,1,1,1,Cairo,New Cairo,Madinaty,3rd,No,completed,5682441.62
154.3,2.0,1,0,1,1,1,Cairo,New Cairo,First Settlement,1st,No,completed,5807209.15
131.1,2.0,2,0,1,0,1,Mansoura,Central,El Mashaya,2nd,No,completed,2215133.77
131.1,2.0,2,0,1,0,1,Giza,New Giza,New Giza,2nd,No,completed,6985977.19
53.9,5.0,4,0,1,1,1,Giza,New Giza,New Giza,2nd,Yes,off_plan,2556421.16
66.0,2.0,2,0,0,1,1,Giza,West Giza,Dokki,2nd,No,completed,1787214.05
272.3,3.0,3,0,1,1,1,Cairo,Old Cairo,Downtown,1st,Yes,under_construction,6923579.2
146.1,3.0,2,0,0,1,1,Giza,West Giza,Haram,2nd,No,completed,2924834.37
170.9,3.0,2,0,1,1,1,Giza,New Giza,New Giza,1st,No,completed,9377446.27
141.6,2.0,1,0,1,1,1,Cairo,Old Cairo,Zamalek,1st,No,completed,8162286.58
128.0,3.0,3,0,1,0,1,Giza,West Giza,Dokki,1st,No,completed,3877572.8
94.3,4.0,4,0,0,1,1,Giza,West Giza,Sheikh Zayed,2nd,No,completed,4910535.96
136.0,3.0,2,0,1,1,1,Alexandria,West,Agami,1st,No,completed,2619460.29
77.2,4.0,4,0,1,1,1,Cairo,Old Cairo,Maadi,2nd,No,under_construction,2212671.85
127.6,,2,1,1,1,0,Giza,West Giza,Dokki,1st,No,completed,3914411.17
226.3,2.0,2,0,1,0,1,Cairo,Old Cairo,Downtown,1st,No,under_construction,5107719.86
144.7,3.0,3,0,1,1,1,Tanta,Central,El Geish,2nd,No,under_construction,2048226.47
171.4,1.0,1,0,1,1,1,Suez,South,El Suez District,1st,No,under_construction,1831887.86
67.0,,1,1,1,1,1,Giza,West Giza,6th of October,1st,No,under_construction,1805914.69
85.1,3.0,2,0,1,1,1,Aswan,Central,El Sad El Ali,2nd,Semi,off_plan,999290.23
132.2,4.0,3,0,1,1,1,Cairo,New Cairo,Rehab,2nd,Semi,completed,6603110.06
135.1,3.0,2,0,1,1,1,Giza,New Giza,New Giza,2nd,No,completed,7972710.03
127.8,3.0,3,0,1,1,0,Alexandria,West,Borg El Arab,1st,Yes,completed,2430845.98
141.0,2.0,1,0,1,1,1,Cairo,Old Cairo,Maadi,2nd,No,off_plan,4099693.31
124.8,3.0,3,0,0,0,1,Mansoura,Central,Toriel,1st,No,completed,1984002.42
141.0,3.0,2,0,1,1,1,Luxor,West Bank,El Gezira,1st,Yes,completed,2293209.54
122.4,4.0,3,0,1,1,1,Luxor,East Bank,El Karnak,1st,No,under_construction,1271834.39
109.6,4.0,3,0,1,1,1,Ismailia,Central,El Afrang,1st,No,completed,1397959.16
152.8,2.0,1,0,1,0,1,Port Said,West,El Zohour,2nd,Semi,completed,3097498.17
103.3,2.0,2,0,1,1,1,Giza,New Giza,New Giza,1st,Yes,completed,6015542.74
162.2,,3,1,1,1,1,Cairo,New Cairo,Fifth Settlement,1st,Yes,completed,9215051.78
89.3,5.0,5,0,1,1,1,Giza,West Giza,6th of October,1st,No,completed,3501931.07
155.2,,3,1,1,1,1,Giza,West Giza,Mohandessin,1st,No,completed,5725513.93
157.6,,2,1,1,1,1,Cairo,New Cairo,First Settlement,2nd,No,completed,6646248.91
88.4,4.0,3,0,0,0,1,Aswan,Central,El Sad El Ali,1st,No,completed,1459313.44
152.8,1.0,1,0,1,1,1,Cairo,New Cairo,Rehab,2nd,Yes,completed,6493015.23
186.5,3.0,2,0,1,1,1,Cairo,Old Cairo,Zamalek,1st,Yes,completed,12189930.42
110.6,4.0,3,0,0,1,1,Giza,West Giza,6th of October,2nd,Yes,completed,4224318.64
119.4,4.0,4,0,1,1,1,Cairo,Old Cairo,Zamalek,2nd,Semi,completed,9016720.59
141.1,,2,1,1,0,1,Alexandria,West,Borg El Arab,1st,No,completed,2384918.71
192.8,3.0,3,0,1,1,1,Cairo,Old Cairo,Downtown,1st,Yes,completed,6670810.14
99.2,1.0,1,0,0,1,1,Cairo,New Cairo,Madinaty,3rd,Yes,completed,4980145.23
100.7,3.0,2,0,1,1,1,Cairo,Old Cairo,Maadi,3rd,No,completed,3746344.2
113.1,1.0,1,0,0,1,1,Cairo,New Cairo,Heliopolis,1st,Yes,off_plan,3321594.26
88.6,3.0,3,0,1,1,1,Giza,New Giza,New Giza,2nd,Semi,completed,5170813.91
73.6,,1,1,1,1,1,Ismailia,Central,El Sheikh Zayed,1st,No,completed,1353113.25
121.3,1.0,1,0,1,1,1,Suez,North,El Arbaien,1st,No,off_plan,1540525.5
153.2,3.0,2,0,1,1,1,Alexandria,East,Sidi Bishr,1st,No,completed,3639469.78
116.1,2.0,1,0,1,1,1,Cairo,Old Cairo,Zamalek,2nd,Yes,under_construction,6127158.5
124.1,2.0,2,0,1,1,1,Alexandria,West,Borg El Arab,1st,Semi,completed,2121998.48
137.2,,2,1,1,1,1,Port Said,West,El Zohour,2nd,No,under_construction,2412849.52
172.5,3.0,2,0,1,0,1,Giza,New Giza,New Giza,1st,No,completed,9674950.16
72.6,4.0,3,0,1,1,1,Cairo,New Cairo,Heliopolis,1st,No,completed,2531706.39
118.6,3.0,2,0,1,1,1,Giza,West Giza,Mohandessin,1st,Yes,completed,4601865.49
84.3,2.0,1,0,1,1,1,Cairo,Old Cairo,Maadi,3rd,Yes,completed,3646572.7
115.0,4.0,3,0,1,1,1,Giza,New Giza,New Giza,1st,Yes,completed,7297619.0
104.8,,3,1,0,1,1,Giza,New Giza,New Giza,2nd,No,completed,6522912.34
215.4,3.0,2,0,1,1,1,Aswan,Central,El Sad El Ali,2nd,No,completed,3090408.49
108.0,3.0,3,0,1,1,1,Cairo,Old Cairo,Downtown,1st,No,under_construction,3292733.27
98.0,3.0,2,0,1,1,1,Mansoura,Central,Toriel,1st,Yes,under_construction,1325708.88
128.6,,2,1,1,0,1,Cairo,New Cairo,Madinaty,2nd,Yes,completed,7303049.65
139.8,3.0,2,0,1,1,1,Cairo,New Cairo,Fifth Settlement,3rd,No,completed,8093152.57
201.0,5.0,4,0,0,1,1,Alexandria,East,Sidi Gaber,2nd,No,completed,3884428.0
107.5,2.0,1,0,1,0,1,Giza,New Giza,New Giza,2nd,Yes,completed,7267599.0
129.3,2.0,1,0,0,1,1,Alexandria,West,Borg El Arab,2nd,Semi,completed,2281099.39
177.0,4.0,3,0,1,1,1,Giza,West Giza,Sheikh Zayed,1st,No,under_construction,7308823.06
149.0,2.0,2,0,1,1,1,Giza,West Giza,Haram,1st,Semi,completed,2997542.66
84.9,2.0,1,0,1,1,1,Giza,West Giza,6th of October,1st,No,completed,2664939.29
71.0,3.0,2,0,0,1,1,Cairo,Old Cairo,Zamalek,2nd,No,off_plan,3651441.64
95.8,3.0,2,0,1,1,1,Ismailia,Central,El Afrang,1st,No,completed,1241556.02
105.5,3.0,2,0,1,0,1,Cairo,Old Cairo,Zamalek,1st,No,under_construction,5954580.85
280.2,1.0,1,0,1,1,1,Ismailia,Central,El Sheikh Zayed,2nd,Semi,completed,4413567.27
147.6,2.0,1,0,1,0,1,Giza,New Giza,New Giza,2nd,Semi,under_construction,7250349.8
106.0,3.0,3,0,1,1,1,Luxor,East Bank,El Karnak,1st,Semi,under_construction,1163473.99
139.8,2.0,1,0,1,0,1,Giza,New Giza,New Giza,1st,Yes,completed,9203320.28
147.1,2.0,2,0,1,1,1,Cairo,Old Cairo,Downtown,2nd,No,under_construction,3321249.92
75.8,2.0,1,0,1,0,1,Suez,South,El Suez District,1st,No,completed,1110942.68
114.2,2.0,1,0,1,0,1,Port Said,East,El Shark,1st,No,completed,1871134.97
114.2,,2,1,1,1,1,Port Said,West,El Zohour,2nd,Semi,completed,1954459.45
83.2,4.0,3,0,1,1,1,Cairo,New Cairo,Nasr City,2nd,Yes,under_construction,2560781.06
68.4,,2,1,1,1,1,Cairo,Old Cairo,Downtown,1st,No,under_construction,1943426.7
87.5,5.0,5,0,1,1,1,Cairo,Old Cairo,Maadi,2nd,Semi,completed,3807159.1
118.1,2.0,2,0,1,1,1,Giza,New Giza,New Giza,2nd,No,completed,7424150.69
132.6,4.0,3,0,1,1,1,Mansoura,Central,El Mashaya,1st,Semi,completed,2160726.68
71.2,3.0,2,0,1,0,1,Cairo,Old Cairo,Maadi,1st,No,completed,2550805.76
162.4,4.0,3,0,1,1,1,Suez,South,El Suez District,2nd,No,completed,2253936.35
86.7,1.0,1,0,1,1,1,Port Said,East,El Manakh,2nd,Yes,completed,1380014.73
165.5,,3,1,0,1,1,Giza,West Giza,Mohandessin,2nd,No,completed,5964217.77
166.0,2.0,2,0,1,1,1,Aswan,Central,El Sad El Ali,1st,No,completed,2169659.6
120.0,1.0,1,0,1,1,1,Cairo,New Cairo,First Settlement,1st,No,completed,4743666.59
82.6,,3,1,1,0,1,Mansoura,Central,Toriel,1st,Semi,completed,1323203.35
83.1,1.0,1,0,1,1,1,Tanta,Central,El Geish,1st,No,completed,1315443.19
149.6,3.0,2,0,1,1,1,Tanta,Central,Saeed,1st,Yes,off_plan,1656154.09
40.0,5.0,4,0,0,1,1,Luxor,East Bank,El Awameya,1st,Semi,completed,506939.74
107.1,3.0,2,0,1,1,0,Giza,West Giza,6th of October,2nd,Semi,completed,3194753.95
178.9,2.0,1,0,1,1,1,Cairo,Old Cairo,Zamalek,2nd,Yes,completed,12862302.9
94.5,2.0,2,0,1,0,1,Alexandria,East,Sidi Gaber,1st,Yes,completed,2553292.21
155.9,4.0,4,0,1,1,1,Cairo,Old Cairo,Maadi,2nd,Yes,completed,6151580.4
172.5,3.0,2,0,1,1,1,Alexandria,West,Agami,1st,Yes,under_construction,3615934.21
186.5,2.0,1,0,1,1,1,Port Said,East,El Shark,1st,Semi,completed,2700343.79
103.4,2.0,1,0,1,0,1,Ismailia,Central,El Afrang,1st,No,completed,1349131.59
163.6,3.0,2,0,1,1,1,Giza,New Giza,New Giza,2nd,No,under_construction,7140902.29
233.4,1.0,1,0,1,1,1,Tanta,Central,El Geish,1st,Yes,under_construction,3142341.23
76.2,3.0,2,0,1,0,1,Mansoura,Central,El Mashaya,1st,Semi,completed,1376915.58
107.1,,2,1,1,1,1,Tanta,Central,Saeed,1st,Yes,completed,1560974.62
189.3,2.0,1,0,1,1,1,Aswan,Central,El Sad El Ali,2nd,No,off_plan,1985943.81
122.9,3.0,2,0,1,0,1,Cairo,New Cairo,Nasr City,3rd,Semi,completed,3805682.94
153.5,5.0,4,0,0,1,1,Mansoura,Central,Toriel,1st,Semi,completed,2418336.11
122.3,3.0,3,0,1,1,1,Luxor,West Bank,El Gezira,1st,No,under_construction,1317643.8
200.8,1.0,1,0,1,1,1,Cairo,Old Cairo,Zamalek,1st,No,completed,11084058.56
84.5,4.0,3,0,1,0,1,Cairo,New Cairo,Fifth Settlement,1st,Semi,under_construction,4156547.49
106.2,3.0,2,0,1,0,1,Alexandria,East,Sidi Bishr,1st,Semi,completed,2537255.9
91.5,4.0,4,0,1,1,1,Alexandria,West,Agami,2nd,No,completed,2212571.19
57.5,5.0,5,0,1,0,1,Giza,West Giza,Sheikh Zayed,3rd,No,under_construction,2304223.09
183.3,1.0,1,0,1,1,1,Giza,New Giza,New Giza,2nd,No,completed,9580375.51
89.0,5.0,4,0,1,1,1,Aswan,Central,El Sad El Ali,1st,No,off_plan,962572.35
228.4,5.0,4,0,1,0,1,Giza,West Giza,Dokki,2nd,Yes,under_construction,6541368.33
111.1,2.0,1,0,1,0,1,Giza,New Giza,New Giza,2nd,No,completed,5910202.09
108.3,3.0,2,0,1,1,1,Ismailia,Central,El Afrang,1st,Semi,completed,2052660.76
106.3,2.0,2,0,1,1,1,Cairo,New Cairo,First Settlement,1st,No,under_construction,3796603.09
101.0,4.0,3,0,0,0,1,Cairo,Old Cairo,Zamalek,2nd,No,completed,7685558.22
93.0,2.0,1,0,1,0,1,Alexandria,East,Sidi Gaber,1st,Semi,off_plan,1583266.38
77.2,1.0,1,0,1,1,1,Giza,New Giza,New Giza,1st,No,off_plan,3827023.68
89.0,5.0,5,0,1,1,1,Giza,New Giza,New Giza,2nd,No,completed,5607921.56
106.1,4.0,3,0,1,1,1,Alexandria,West,Borg El Arab,2nd,No,under_construction,1423435.33
141.9,2.0,2,0,0,1,1,Aswan,Central,El Sad El Ali,2nd,No,completed,2052653.5
108.5,2.0,1,0,1,0,1,Port Said,West,El Zohour,1st,Yes,completed,2374906.1
71.3,2.0,2,0,1,0,1,Giza,New Giza,New Giza,1st,No,off_plan,3116362.65
216.2,2.0,1,0,1,0,1,Ismailia,Central,El Sheikh Zayed,1st,Yes,completed,4289458.35
125.0,2.0,2,0,1,0,1,Giza,West Giza,6th of October,3rd,Semi,completed,3875182.98
88.7,3.0,2,0,0,1,1,Luxor,East Bank,El Awameya,1st,Yes,under_construction,1118913.82
142.3,5.0,5,0,1,1,1,Alexandria,East,Smouha,3rd,No,completed,4260281.37
84.4,3.0,2,0,1,0,1,Cairo,Old Cairo,Maadi,2nd,No,completed,2975619.11
59.4,3.0,2,0,1,0,1,Luxor,West Bank,El Gezira,1st,No,completed,804707.94
148.2,2.0,2,0,1,1,1,Cairo,New Cairo,Madinaty,1st,No,completed,6674734.58
79.1,5.0,5,0,0,0,1,Giza,West Giza,6th of October,3rd,Yes,off_plan,2332207.14
85.8,4.0,4,0,1,0,1,Cairo,New Cairo,Rehab,2nd,No,completed,3607049.21
138.9,,2,1,1,1,1,Port Said,West,El Zohour,1st,Yes,completed,2793109.89
104.7,2.0,2,0,1,1,1,Cairo,New Cairo,First Settlement,1st,No,completed,3802116.42
174.6,1.0,1,0,1,1,1,Giza,New Giza,New Giza,2nd,No,completed,8701181.04
178.3,3.0,2,0,0,1,1,Suez,South,El Suez District,2nd,No,under_construction,1911906.27
153.9,5.0,5,0,1,1,1,Suez,North,Faisal,1st,No,under_construction,1793278.05
89.0,4.0,4,0,1,1,1,Alexandria,West,Borg El Arab,2nd,Yes,completed,1606078.19
191.2,4.0,4,0,0,0,1,Port Said,East,El Shark,1st,Yes,completed,3403376.85
115.5,4.0,4,0,1,0,1,Cairo,Old Cairo,Zamalek,1st,No,completed,8816795.46
143.4,1.0,1,0,1,1,1,Tanta,Central,Saeed,1st,No,completed,2022380.55
97.9,3.0,3,0,1,0,1,Aswan,Central,El Shallal,1st,Yes,completed,1615659.89
141.3,,4,1,1,1,1,Cairo,New Cairo,Rehab,1st,Semi,off_plan,4634902.69
205.8,2.0,2,0,1,1,1,Cairo,Old Cairo,Zamalek,2nd,Yes,under_construction,11086387.84
125.6,2.0,1,0,1,1,1,Aswan,Central,El Sad El Ali,1st,No,completed,2023727.71
120.0,2.0,2,0,1,0,1,Mansoura,Central,Toriel,1st,No,completed,1753351.53
128.1,2.0,1,0,1,1,1,Port Said,West,El Zohour,1st,No,completed,2841032.23
130.7,,3,1,1,0,1,Cairo,New Cairo,Nasr City,2nd,Semi,completed,4039353.38
242.5,3.0,3,0,0,1,1,Luxor,West Bank,El Gezira,1st,No,completed,3630900.17
186.9,2.0,2,0,1,1,1,Giza,West Giza,Mohandessin,1st,No,completed,5513548.12
71.2,2.0,1,0,1,1,1,Ismailia,Central,El Afrang,1st,Semi,under_construction,845849.28
135.9,2.0,1,0,1,0,1,Port Said,West,El Zohour,1st,No,completed,2302542.35
105.5,2.0,2,0,0,1,1,Alexandria,East,Sidi Bishr,1st,No,completed,2416931.35
89.5,1.0,1,0,1,0,1,Giza,West Giza,Sheikh Zayed,2nd,No,completed,4137780.0
99.4,3.0,2,0,1,1,1,Cairo,New Cairo,Heliopolis,1st,No,completed,3321116.53
128.2,2.0,2,0,1,1,1,Tanta,Central,El Geish,2nd,No,under_construction,1805450.66
189.6,,3,1,0,0,1,Cairo,Old Cairo,Zamalek,2nd,No,completed,11774886.66
100.1,4.0,4,0,1,1,1,Cairo,Old Cairo,Zamalek,1st,No,under_construction,5386310.45
130.9,4.0,3,0,1,1,0,Giza,West Giza,Sheikh Zayed,1st,Yes,completed,6421530.48
164.3,3.0,3,0,1,1,1,Suez,South,El Suez District,2nd,No,completed,2560196.98
118.4,4.0,4,0,0,0,1,Alexandria,West,Borg El Arab,2nd,Semi,off_plan,1874868.38
126.1,2.0,2,0,1,1,1,Luxor,East Bank,El Awameya,1st,No,off_plan,1128113.68
84.9,,2,1,0,1,1,Alexandria,East,Smouha,1st,Yes,under_construction,1933247.38
105.5,4.0,3,0,0,1,1,Alexandria,West,Agami,1st,No,under_construction,1604202.91
222.5,3.0,3,0,1,1,1,Cairo,New Cairo,Fifth Settlement,1st,No,under_construction,8679080.27
124.2,3.0,2,0,1,1,0,Cairo,New Cairo,Fifth Settlement,1st,Semi,completed,7273538.05
133.5,4.0,4,0,1,1,1,Tanta,Central,El Geish,2nd,No,completed,2407283.97
79.8,4.0,4,0,1,0,1,Luxor,East Bank,El Karnak,1st,No,under_construction,849603.74
154.9,4.0,4,0,1,1,1,Cairo,New Cairo,Rehab,3rd,Yes,completed,7296465.83
195.7,2.0,1,0,1,1,1,Luxor,East Bank,El Awameya,1st,Yes,under_construction,1844440.31
272.9,3.0,3,0,1,1,1,Giza,New Giza,New Giza,2nd,Semi,completed,14144992.03
102.9,5.0,5,0,0,1,0,Giza,New Giza,New Giza,1st,Semi,completed,6576385.98
104.3,2.0,2,0,1,1,0,Aswan,Central,El Sad El Ali,2nd,No,completed,1614554.57
216.2,2.0,1,0,1,1,1,Cairo,New Cairo,Nasr City,1st,No,under_construction,4457707.41
81.8,3.0,3,0,1,1,1,Suez,South,El Suez District,1st,No,completed,1161888.76
90.0,3.0,2,0,1,1,0,Cairo,New Cairo,Madinaty,3rd,No,under_construction,3341413.6
103.3,2.0,1,0,1,1,1,Cairo,New Cairo,Rehab,1st,Yes,completed,4322380.44
148.6,2.0,2,0,1,1,1,Luxor,West Bank,El Gezira,1st,No,under_construction,1855199.64
107.2,2.0,1,0,1,0,1,Aswan,Central,El Shallal,1st,No,completed,1321015.82
151.9,2.0,2,0,1,0,1,Suez,South,El Suez District,2nd,No,off_plan,1613331.16
133.4,3.0,2,0,1,1,1,Giza,West Giza,6th of October,2nd,No,completed,4463470.37
141.2,3.0,2,0,1,0,0,Giza,New Giza,New Giza,1st,Yes,under_construction,7111558.0
157.6,3.0,2,0,1,1,1,Cairo,Old Cairo,Zamalek,1st,Semi,completed,10599258.67
159.0,2.0,1,0,1,0,1,Cairo,New Cairo,First Settlement,3rd,No,under_construction,5245890.08
150.9,5.0,4,0,0,1,1,Giza,New Giza,New Giza,2nd,No,completed,7049765.66
67.0,5.0,5,0,1,1,1,Luxor,East Bank,El Karnak,2nd,Semi,completed,939552.9
126.4,3.0,2,0,1,1,1,Cairo,Old Cairo,Zamalek,2nd,No,under_construction,6417983.47
89.5,2.0,1,0,1,1,1,Cairo,Old Cairo,Downtown,1st,Semi,completed,3463190.02
106.1,4.0,4,0,0,0,1,Giza,New Giza,New Giza,1st,Yes,under_construction,5505452.6
129.1,,4,1,1,1,1,Tanta,Central,Saeed,1st,No,completed,1928431.48
163.5,3.0,3,0,1,1,1,Suez,North,El Arbaien,1st,Semi,under_construction,2456684.9
87.8,3.0,3,0,1,0,1,Port Said,East,El Manakh,2nd,No,off_plan,870216.7
111.3,2.0,2,0,1,1,0,Alexandria,East,Smouha,2nd,Yes,completed,3360977.61
141.7,2.0,1,0,1,0,1,Luxor,West Bank,El Gezira,1st,Yes,off_plan,1563253.86
138.2,5.0,4,0,1,1,1,Cairo,Old Cairo,Downtown,1st,No,completed,4468455.58
179.2,5.0,4,0,0,0,1,Ismailia,Central,El Afrang,1st,Semi,off_plan,2229690.13
77.9,1.0,1,0,1,1,1,Ismailia,Central,El Afrang,1st,Semi,completed,1314374.34
137.7,5.0,5,0,1,1,1,Cairo,New Cairo,First Settlement,2nd,No,completed,5680655.19
100.8,2.0,2,0,1,1,1,Cairo,New Cairo,Heliopolis,2nd,Yes,completed,2970597.23
93.1,4.0,4,0,1,1,1,Alexandria,West,Agami,2nd,No,under_construction,1645516.38
150.2,4.0,4,0,1,0,1,Cairo,New Cairo,Nasr City,3rd,Yes,completed,5020799.48
52.9,3.0,2,0,1,1,1,Suez,South,El Suez District,2nd,Yes,completed,874851.42
200.1,4.0,4,0,1,1,1,Cairo,New Cairo,Fifth Settlement,3rd,No,completed,8369516.16
155.6,2.0,1,0,1,0,1,Suez,North,El Arbaien,2nd,No,completed,2047667.56
118.4,3.0,2,0,1,1,1,Cairo,New Cairo,Fifth Settlement,1st,Semi,completed,6495895.87
65.0,1.0,1,0,1,1,1,Port Said,East,El Shark,1st,Semi,completed,1246926.93
65.3,2.0,1,0,1,1,1,Tanta,Central,Saeed,1st,No,completed,998958.05
117.6,2.0,2,0,0,1,0,Suez,North,El Arbaien,1st,Yes,off_plan,1512055.26
113.8,5.0,5,0,1,0,1,Cairo,Old Cairo,Maadi,3rd,Semi,completed,4361468.52
126.1,3.0,2,0,1,1,1,Aswan,Central,El Sad El Ali,2nd,Semi,under_construction,1598468.56
69.5,3.0,2,0,1,0,1,Cairo,Old Cairo,Downtown,2nd,No,completed,2148381.51
97.9,4.0,4,0,1,0,1,Cairo,New Cairo,Madinaty,1st,Semi,under_construction,3703261.13
92.8,4.0,3,0,1,1,1,Giza,New Giza,New Giza,1st,No,under_construction,4265374.88
104.5,3.0,3,0,1,1,1,Cairo,New Cairo,Fifth Settlement,1st,No,off_plan,3789623.26
197.4,3.0,2,0,1,1,1,Cairo,New Cairo,Rehab,1st,Semi,completed,9470723.3
124.3,2.0,1,0,1,1,1,Giza,New Giza,New Giza,2nd,Yes,off_plan,5780811.99
168.5,4.0,3,0,1,1,1,Giza,New Giza,New Giza,2nd,No,off_plan,6643027.48
235.9,2.0,2,0,1,1,0,Giza,West Giza,6th of October,2nd,Yes,completed,8115873.49
152.7,2.0,1,0,1,1,1,Ismailia,Central,El Afrang,1st,Semi,under_construction,1991249.55
155.9,4.0,4,0,1,1,1,Alexandria,West,Borg El Arab,2nd,No,completed,2842508.08
112.8,1.0,1,0,1,1,1,Giza,West Giza,6th of October,3rd,No,completed,3560269.66
259.2,2.0,2,0,0,0,0,Mansoura,Central,El Mashaya,1st,No,off_plan,3298997.16
61.2,3.0,2,0,1,0,1,Mansoura,Central,El Mashaya,2nd,No,completed,1067566.31
88.4,5.0,4,0,1,1,1,Alexandria,East,Sidi Gaber,2nd,No,completed,2406980.46
87.0,2.0,1,0,1,1,1,Cairo,Old Cairo,Maadi,3rd,Yes,completed,3826600.43
155.0,3.0,2,0,1,0,0,Port Said,West,El Zohour,2nd,No,completed,3017130.03
100.6,3.0,2,0,1,1,1,Port Said,East,El Shark,2nd,No,completed,1918370.58
122.7,2.0,1,0,1,1,1,Cairo,Old Cairo,Downtown,1st,Semi,completed,4481612.4
153.5,3.0,3,0,1,0,1,Cairo,Old Cairo,Maadi,1st,No,completed,4942494.96
156.1,,1,1,1,0,1,Tanta,Central,El Geish,1st,No,completed,2621228.54
143.1,3.0,2,0,1,1,1,Cairo,Old Cairo,Zamalek,1st,No,completed,7982134.97
80.4,3.0,3,0,1,1,1,Cairo,New Cairo,Madinaty,1st,No,completed,3707921.92
99.2,4.0,3,0,1,1,0,Giza,New Giza,New Giza,2nd,No,under_construction,4966834.68
248.6,2.0,2,0,1,1,1,Alexandria,East,Sidi Gaber,1st,No,completed,5624639.41
228.5,3.0,2,0,1,0,1,Luxor,West Bank,El Gezira,1st,Semi,under_construction,2230066.41
258.6,1.0,1,0,1,1,1,Ismailia,Central,El Sheikh Zayed,2nd,Semi,off_plan,3150402.98
69.9,,2,1,1,0,1,Tanta,Central,Saeed,1st,Yes,completed,1206012.46
151.3,2.0,2,0,1,1,1,Giza,New Giza,New Giza,1st,No,under_construction,7361591.9
175.5,3.0,2,0,1,1,1,Giza,New Giza,New Giza,1st,Semi,completed,9626975.06
78.1,2.0,2,0,1,1,1,Alexandria,West,Borg El Arab,1st,Yes,completed,1445675.08
111.6,2.0,1,0,1,1,1,Alexandria,East,Smouha,3rd,Semi,completed,2937662.53
84.1,2.0,1,0,1,0,1,Giza,New Giza,New Giza,2nd,Semi,off_plan,3589079.26
108.9,1.0,1,0,1,0,1,Cairo,New Cairo,Heliopolis,1st,Yes,under_construction,2898013.93
73.5,3.0,2,0,1,0,1,Alexandria,East,Smouha,3rd,Yes,under_construction,2232143.99
62.0,3.0,3,0,1,0,0,Cairo,Old Cairo,Downtown,2nd,No,off_plan,1345762.07
91.2,1.0,1,0,1,1,1,Giza,West Giza,Dokki,1st,No,completed,2669214.6
106.9,1.0,1,0,0,0,1,Port Said,East,El Shark,1st,Yes,off_plan,1386930.63
178.7,3.0,2,0,1,0,1,Cairo,New Cairo,Fifth Settlement,3rd,Semi,completed,8893100.66
149.6,4.0,3,0,1,1,1,Aswan,Central,El Sad El Ali,2nd,No,completed,1785334.48
94.6,4.0,3,0,1,0,1,Suez,South,El Suez District,2nd,No,completed,1503508.72
151.8,4.0,3,0,1,1,0,Luxor,West Bank,El Gezira,1st,No,under_construction,1751815.21
86.2,2.0,2,0,1,0,1,Cairo,New Cairo,Heliopolis,2nd,Yes,completed,3183064.63
126.2,4.0,4,0,1,1,1,Ismailia,Central,El Sheikh Zayed,1st,Semi,under_construction,1902754.22
96.5,3.0,3,0,1,1,1,Cairo,Old Cairo,Downtown,2nd,Yes,completed,3404458.76
122.8,3.0,2,0,0,1,1,Alexandria,East,Smouha,3rd,No,under_construction,3351498.08
280.8,3.0,3,0,1,1,1,Cairo,New Cairo,Madinaty,4th,Semi,under_construction,11344334.82
80.2,3.0,3,0,0,1,1,Cairo,Old Cairo,Downtown,2nd,Semi,under_construction,2253722.49
133.1,,2,1,1,0,1,Alexandria,East,Sidi Gaber,1st,Yes,completed,3810607.65
173.9,3.0,2,0,1,1,1,Port Said,East,El Manakh,2nd,Yes,completed,2882328.58
153.5,5.0,4,0,0,0,0,Alexandria,West,Agami,1st,Semi,under_construction,2797032.69
70.5,3.0,3,0,1,1,1,Ismailia,Central,El Sheikh Zayed,2nd,Semi,completed,1138969.74
101.9,,2,1,1,1,1,Port Said,West,El Zohour,1st,No,completed,2096181.9
208.2,1.0,1,0,1,1,0,Suez,North,El Arbaien,2nd,No,completed,3054084.02
109.3,3.0,2,0,1,1,1,Giza,New Giza,New Giza,1st,No,completed,7022016.1
157.8,3.0,3,0,1,1,1,Cairo,Old Cairo,Maadi,3rd,Yes,completed,7213571.8
87.0,2.0,1,0,1,0,1,Cairo,Old Cairo,Zamalek,2nd,Semi,completed,5371808.41
238.2,3.0,2,0,1,1,1,Luxor,West Bank,El Gezira,1st,No,completed,2938406.32
206.4,3.0,2,0,1,1,1,Alexandria,West,Agami,1st,Semi,completed,4290573.91
116.1,,1,1,1,1,1,Aswan,Central,El Sad El Ali,1st,Yes,completed,2063943.88
230.6,2.0,1,0,1,0,1,Giza,West Giza,Haram,2nd,Yes,completed,4551100.22
161.8,2.0,2,0,1,1,1,Cairo,Old Cairo,Zamalek,1st,No,completed,10323995.56
99.4,4.0,3,0,1,1,1,Cairo,Old Cairo,Maadi,3rd,No,under_construction,3269500.09
95.3,,2,1,1,0,1,Ismailia,Central,El Afrang,1st,Semi,completed,1544763.79
204.8,2.0,1,0,1,1,1,Suez,South,El Suez District,2nd,Yes,completed,3692279.35
61.5,2.0,1,0,1,1,1,Tanta,Central,El Geish,2nd,No,completed,1087634.63
147.4,5.0,4,0,1,1,0,Aswan,Central,El Sad El Ali,2nd,Yes,completed,2451511.8
96.8,1.0,1,0,1,0,1,Mansoura,Central,Toriel,1st,Yes,under_construction,1345007.44
95.3,4.0,3,0,1,1,1,Tanta,Central,Saeed,1st,Semi,completed,1305602.28
159.9,1.0,1,0,1,0,1,Giza,New Giza,New Giza,1st,No,under_construction,9030711.56
91.5,4.0,3,0,1,1,1,Giza,West Giza,Dokki,2nd,No,off_plan,2244458.34
132.2,5.0,4,0,1,1,1,Suez,North,Faisal,1st,Semi,completed,1975105.0
88.8,2.0,1,0,1,1,1,Cairo,New Cairo,Fifth Settlement,3rd,Semi,off_plan,3104706.56
132.9,2.0,2,0,1,1,1,Alexandria,East,Sidi Bishr,2nd,No,completed,3042957.31
212.4,3.0,3,0,0,1,1,Cairo,Old Cairo,Downtown,2nd,No,off_plan,4063635.75
91.1,2.0,1,0,1,1,1,Alexandria,West,Borg El Arab,1st,No,completed,1504726.64
119.6,2.0,1,0,1,1,1,Cairo,Old Cairo,Downtown,2nd,Semi,completed,3285080.84
86.7,3.0,2,0,1,1,0,Cairo,Old Cairo,Zamalek,1st,No,under_construction,4459171.7
128.4,3.0,2,0,1,1,1,Giza,New Giza,New Giza,1st,No,completed,7657517.39
121.7,3.0,2,0,1,1,1,Cairo,Old Cairo,Zamalek,1st,Yes,completed,9111506.52
101.5,1.0,1,0,1,1,1,Luxor,East Bank,El Karnak,1st,No,completed,1196327.84
114.8,2.0,2,0,1,1,1,Cairo,Old Cairo,Zamalek,2nd,No,under_construction,5517413.9
105.0,5.0,5,0,1,1,1,Alexandria,East,Sidi Gaber,2nd,No,completed,3023187.73
176.4,3.0,3,0,1,1,1,Giza,West Giza,Dokki,2nd,No,off_plan,4044976.91
105.9,3.0,3,0,1,1,1,Cairo,New Cairo,Fifth Settlement,3rd,Semi,completed,6162443.27
109.2,2.0,1,0,1,0,1,Giza,West Giza,Sheikh Zayed,1st,No,under_construction,4607184.47
64.8,2.0,1,0,1,1,1,Tanta,Central,El Geish,1st,Yes,off_plan,949609.21
219.7,4.0,4,0,1,0,1,Aswan,Central,El Shallal,1st,No,completed,2772359.36
271.2,3.0,2,0,1,1,1,Cairo,New Cairo,Heliopolis,1st,Yes,completed,10658497.89
128.9,3.0,2,0,1,1,1,Cairo,Old Cairo,Zamalek,1st,Semi,under_construction,7377694.07
48.3,5.0,4,0,1,0,1,Ismailia,Central,El Afrang,1st,No,completed,764523.06
177.4,3.0,2,0,1,0,1,Ismailia,Central,El Sheikh Zayed,1st,Semi,under_construction,2655026.28
169.5,3.0,3,0,1,1,1,Suez,South,El Suez District,2nd,No,completed,2574315.93
102.2,5.0,4,0,1,0,1,Alexandria,West,Borg El Arab,2nd,No,completed,1981794.02
129.4,2.0,1,0,1,1,1,Suez,North,El Arbaien,1st,Yes,completed,2032524.62
84.1,2.0,1,0,1,1,1,Giza,New Giza,New Giza,1st,No,completed,5274277.74
90.2,4.0,3,0,1,1,1,Port Said,West,El Zohour,1st,No,completed,1809374.25
98.3,,1,1,1,0,1,Tanta,Central,Saeed,1st,Semi,completed,1478310.18
178.2,,3,1,0,0,1,Cairo,Old Cairo,Maadi,2nd,Semi,completed,6434668.53
70.0,2.0,1,0,1,1,1,Cairo,Old Cairo,Zamalek,1st,No,under_construction,3897824.52
74.6,3.0,2,0,1,0,1,Alexandria,East,Sidi Gaber,1st,Semi,under_construction,1685482.53
112.7,5.0,5,0,1,1,1,Suez,North,Faisal,1st,Semi,off_plan,1118116.19
128.9,2.0,1,0,1,0,1,Aswan,Central,El Sad El Ali,1st,No,under_construction,1502180.64
185.3,2.0,1,0,1,0,1,Giza,West Giza,Dokki,1st,No,completed,5342168.74
102.7,3.0,2,0,1,0,1,Aswan,Central,El Shallal,1st,No,completed,1439530.66
116.1,3.0,3,0,1,1,1,Tanta,Central,Saeed,1st,No,completed,1640475.07
95.1,3.0,2,0,0,0,1,Cairo,Old Cairo,Downtown,1st,No,completed,3179325.72
136.3,3.0,2,0,1,1,1,Cairo,New Cairo,First Settlement,1st,Yes,completed,6196212.81
62.4,4.0,4,0,1,0,1,Aswan,Central,El Shallal,1st,No,completed,908189.48
86.6,,2,1,1,1,1,Cairo,Old Cairo,Downtown,1st,Yes,under_construction,2402583.27
134.5,2.0,1,0,1,1,1,Port Said,West,El Zohour,1st,No,completed,2723326.02
138.2,4.0,4,0,1,1,1,Port Said,West,El Zohour,2nd,No,under_construction,2182357.08
72.3,1.0,1,0,1,0,0,Cairo,Old Cairo,Maadi,2nd,No,under_construction,2160851.43
187.0,3.0,3,0,1,1,1,Tanta,Central,Saeed,1st,Yes,completed,2943574.98
84.8,2.0,2,0,1,0,1,Cairo,New Cairo,Heliopolis,2nd,Semi,completed,3058734.5
99.8,2.0,2,0,0,1,1,Giza,West Giza,Sheikh Zayed,1st,Semi,under_construction,4814472.79
142.2,3.0,2,0,0,1,1,Tanta,Central,Saeed,1st,No,completed,1889215.92
99.2,5.0,5,0,0,1,1,Cairo,New Cairo,Nasr City,2nd,No,completed,3133101.74
192.0,2.0,1,0,1,0,1,Cairo,Old Cairo,Downtown,1st,No,completed,5345200.28
69.7,,3,1,1,1,1,Cairo,Old Cairo,Zamalek,1st,Semi,off_plan,3480495.11
132.5,2.0,2,0,1,1,1,Luxor,West Bank,El Gezira,1st,Semi,off_plan,1258406.67
117.8,1.0,1,0,1,1,1,Cairo,Old Cairo,Zamalek,2nd,No,under_construction,5949470.43
163.2,1.0,1,0,1,1,1,Cairo,Old Cairo,Zamalek,1st,No,completed,8268185.72
361.9,4.0,3,0,1,1,1,Giza,West Giza,6th of October,1st,Yes,under_construction,8280658.06
185.5,2.0,2,0,1,1,1,Alexandria,West,Agami,2nd,Semi,completed,3963756.35
135.5,2.0,1,0,1,1,1,Cairo,New Cairo,Fifth Settlement,3rd,No,completed,6314591.23
78.1,3.0,2,0,1,0,1,Luxor,East Bank,El Karnak,2nd,No,off_plan,820762.12
111.1,,2,1,1,0,1,Cairo,Old Cairo,Maadi,1st,Yes,completed,3947248.29
97.6,3.0,3,0,1,1,1,Port Said,East,El Manakh,2nd,Semi,completed,1579462.04
116.3,2.0,1,0,1,1,1,Luxor,East Bank,El Karnak,2nd,Semi,off_plan,1241740.9
145.6,3.0,2,0,0,0,1,Giza,New Giza,New Giza,1st,No,under_construction,7186336.24
120.5,2.0,1,0,1,0,1,Port Said,West,El Zohour,2nd,No,under_construction,2111285.28
85.0,4.0,4,0,1,1,1,Alexandria,East,Smouha,1st,Semi,completed,2216515.04
90.7,4.0,4,0,1,1,1,Cairo,New Cairo,Fifth Settlement,3rd,No,completed,4857361.48
145.6,3.0,2,0,1,1,1,Cairo,New Cairo,Heliopolis,1st,Semi,completed,5671326.05
104.8,1.0,1,0,1,1,1,Ismailia,Central,El Afrang,1st,No,completed,1594602.1
46.6,,1,1,1,0,1,Mansoura,Central,Toriel,1st,Yes,under_construction,668057.82
152.7,4.0,3,0,1,1,1,Cairo,Old Cairo,Maadi,3rd,Yes,completed,6684907.01
64.6,4.0,3,0,1,1,1,Suez,South,El Suez District,1st,No,completed,826308.98
177.8,3.0,2,0,1,1,1,Cairo,New Cairo,Rehab,1st,No,under_construction,5279714.43
124.3,4.0,3,0,0,0,1,Ismailia,Central,El Afrang,1st,No,off_plan,1697288.85
81.0,4.0,3,0,1,1,1,Giza,New Giza,New Giza,1st,No,completed,4718077.46
127.5,2.0,1,0,1,1,1,Cairo,New Cairo,Nasr City,4th,No,completed,3530406.44
77.3,4.0,3,0,0,0,1,Cairo,New Cairo,Heliopolis,2nd,No,completed,3047383.47
127.6,1.0,1,0,1,1,1,Cairo,New Cairo,Madinaty,1st,No,completed,5911261.88
86.4,3.0,2,0,1,1,1,Cairo,New Cairo,Rehab,1st,No,completed,3774204.63
210.5,3.0,2,0,1,1,1,Luxor,East Bank,El Awameya,1st,Yes,completed,2476696.18
120.0,2.0,1,0,1,1,1,Tanta,Central,Saeed,1st,Yes,completed,1819937.35
99.8,2.0,2,0,1,1,1,Aswan,Central,El Shallal,1st,Semi,completed,1256791.26
85.7,2.0,2,0,1,1,1,Mansoura,Central,Toriel,1st,No,under_construction,1133903.33
88.6,4.0,4,0,1,1,1,Giza,New Giza,New Giza,2nd,Yes,under_construction,4641304.85
198.4,2.0,1,0,1,1,1,Cairo,Old Cairo,Downtown,2nd,No,under_construction,4910980.09
127.5,3.0,3,0,0,0,1,Cairo,New Cairo,Heliopolis,2nd,Yes,completed,5070771.02
134.2,1.0,1,0,1,1,1,Port Said,East,El Shark,2nd,Semi,completed,2784116.31
106.1,4.0,4,0,1,0,1,Cairo,New Cairo,Madinaty,4th,No,completed,4761505.3
105.4,2.0,1,0,0,0,1,Port Said,West,El Zohour,1st,No,completed,2034370.58
170.1,3.0,3,0,0,1,1,Cairo,New Cairo,Nasr City,3rd,Yes,completed,6017500.71
103.2,3.0,2,0,1,0,1,Port Said,East,El Manakh,2nd,Semi,completed,1729222.96
105.8,1.0,1,0,1,0,1,Port Said,East,El Manakh,2nd,Semi,under_construction,1371451.78
98.6,2.0,2,0,1,1,1,Suez,South,El Suez District,2nd,Yes,completed,1825101.18
120.0,4.0,3,0,1,0,1,Giza,West Giza,6th of October,1st,Yes,completed,4140265.51
140.9,3.0,2,0,1,0,1,Cairo,New Cairo,First Settlement,3rd,Semi,completed,6299690.59
80.0,5.0,4,0,1,1,1,Alexandria,East,Sidi Gaber,2nd,Yes,under_construction,2278268.41
140.3,2.0,1,0,0,0,1,Giza,New Giza,New Giza,1st,No,completed,7386839.51
220.4,2.0,1,0,1,1,1,Tanta,Central,El Geish,2nd,No,completed,3488154.85
188.8,4.0,3,0,1,1,1,Giza,West Giza,Sheikh Zayed,2nd,No,completed,9595863.54
132.7,3.0,2,0,1,1,1,Cairo,Old Cairo,Maadi,1st,No,completed,5533889.42
175.0,3.0,2,0,1,0,1,Giza,West Giza,Sheikh Zayed,3rd,No,under_construction,6031338.35
61.7,3.0,2,0,1,1,1,Aswan,Central,El Sad El Ali,1st,No,completed,931523.19
165.1,2.0,1,0,1,1,1,Aswan,Central,El Shallal,1st,Yes,off_plan,1998169.23
126.1,3.0,3,0,1,1,1,Suez,South,El Suez District,2nd,Semi,completed,2065900.38
98.1,4.0,3,0,1,0,1,Cairo,New Cairo,Fifth Settlement,3rd,No,completed,5171227.4
128.9,2.0,1,0,1,1,1,Cairo,New Cairo,First Settlement,1st,Yes,completed,5047080.96
269.8,2.0,1,0,1,1,1,Giza,New Giza,New Giza,2nd,No,completed,13840138.66
138.8,5.0,4,0,1,1,1,Luxor,East Bank,El Awameya,1st,Semi,completed,1643241.64
108.7,3.0,2,0,0,1,1,Cairo,New Cairo,Rehab,3rd,No,under_construction,4434684.58
212.0,2.0,1,0,0,0,1,Luxor,East Bank,El Karnak,1st,No,completed,2358099.5
157.4,5.0,5,0,1,1,1,Giza,New Giza,New Giza,1st,Yes,completed,10258055.55
187.4,3.0,2,0,1,1,1,Giza,New Giza,New Giza,2nd,No,completed,10389564.57
207.2,3.0,2,0,1,1,1,Cairo,Old Cairo,Maadi,2nd,Yes,completed,7915982.14
152.9,3.0,3,0,1,1,1,Suez,North,El Arbaien,2nd,No,completed,2710228.84
109.5,2.0,2,0,1,1,1,Cairo,Old Cairo,Downtown,1st,No,completed,3626994.87
131.7,2.0,1,0,1,1,1,Giza,New Giza,New Giza,2nd,Yes,completed,7534992.24
286.3,4.0,4,0,0,1,1,Aswan,Central,El Shallal,1st,No,completed,3869459.83
65.5,4.0,3,0,0,0,1,Alexandria,East,Sidi Gaber,1st,No,completed,1759232.06
194.8,4.0,3,0,1,1,1,Cairo,Old Cairo,Downtown,2nd,No,completed,5782648.86
147.6,5.0,4,0,1,1,1,Luxor,East Bank,El Awameya,1st,No,completed,1891683.01
128.4,3.0,2,0,1,0,1,Cairo,New Cairo,Rehab,1st,Yes,under_construction,5393910.34
145.8,2.0,1,0,1,1,1,Tanta,Central,El Geish,2nd,No,completed,2421520.54
145.6,3.0,3,0,1,1,1,Port Said,East,El Manakh,2nd,No,off_plan,1470329.56
177.7,5.0,4,0,1,1,1,Giza,New Giza,New Giza,1st,No,completed,10032685.05
126.5,,2,1,0,1,1,Giza,West Giza,Mohandessin,1st,No,off_plan,2846384.51
115.9,2.0,1,0,1,0,1,Alexandria,East,Sidi Bishr,2nd,Yes,completed,2921076.8
106.0,4.0,4,0,1,1,1,Giza,West Giza,Dokki,2nd,Yes,completed,3404556.56
139.8,3.0,2,0,1,1,1,Ismailia,Central,El Sheikh Zayed,1st,Semi,completed,2503699.56
162.4,2.0,1,0,1,1,1,Cairo,New Cairo,First Settlement,2nd,No,completed,5783198.21
113.9,2.0,1,0,1,1,1,Tanta,Central,Saeed,1st,Semi,off_plan,1202962.18
92.1,2.0,1,0,1,1,1,Giza,West Giza,Sheikh Zayed,1st,No,off_plan,3238297.82
198.6,5.0,4,0,1,1,1,Giza,West Giza,6th of October,3rd,No,under_construction,4894590.41
65.4,1.0,1,0,1,1,1,Cairo,Old Cairo,Zamalek,2nd,Semi,under_construction,3200053.8
76.6,2.0,1,0,1,0,1,Suez,South,El Suez District,1st,Yes,completed,1135901.28
145.2,4.0,3,0,1,1,1,Suez,South,El Suez District,2nd,Yes,completed,2332072.0
120.5,5.0,4,0,1,0,1,Luxor,East Bank,El Awameya,1st,Semi,completed,1532921.92
82.5,5.0,4,0,1,0,1,Suez,North,El Arbaien,1st,No,completed,1387394.73
103.1,4.0,3,0,1,0,1,Alexandria,West,Borg El Arab,2nd,Semi,completed,1790609.6
192.7,2.0,1,0,1,1,1,Mansoura,Central,Toriel,1st,Yes,completed,2213434.8
118.2,1.0,1,0,1,0,1,Ismailia,Central,El Afrang,1st,Yes,off_plan,1704843.21
207.4,2.0,2,0,0,0,1,Giza,New Giza,New Giza,1st,Yes,completed,10676651.11
64.7,4.0,3,0,1,1,0,Alexandria,East,Smouha,3rd,Semi,under_construction,1617711.34
143.7,2.0,2,0,1,1,1,Port Said,East,El Shark,2nd,No,under_construction,1972934.39
157.0,3.0,2,0,1,0,1,Mansoura,Central,Toriel,1st,Yes,off_plan,2114298.82
68.6,3.0,2,0,1,1,0,Alexandria,West,Borg El Arab,2nd,No,completed,1373599.29
86.7,1.0,1,0,1,0,1,Luxor,West Bank,El Gezira,1st,No,under_construction,1070226.07
114.0,3.0,3,0,1,1,1,Giza,New Giza,New Giza,2nd,No,completed,6320098.95
70.9,2.0,2,0,1,1,1,Cairo,Old Cairo,Zamalek,2nd,No,completed,4217618.98
168.7,2.0,1,0,1,1,1,Cairo,Old Cairo,Downtown,2nd,No,completed,5059431.92
111.5,4.0,3,0,1,1,1,Alexandria,East,Sidi Bishr,1st,No,completed,2931818.5
114.7,2.0,2,0,1,1,1,Cairo,New Cairo,Madinaty,3rd,Semi,completed,5675657.92
113.2,2.0,1,0,1,1,1,Cairo,Old Cairo,Maadi,1st,No,under_construction,3222341.91
155.6,2.0,1,0,1,1,1,Port Said,West,El Zohour,1st,No,completed,2808485.49
70.7,4.0,3,0,1,1,1,Cairo,Old Cairo,Zamalek,2nd,No,completed,4504622.19
143.2,3.0,2,0,1,1,1,Giza,New Giza,New Giza,1st,No,under_construction,6657573.56
111.9,3.0,3,0,1,0,1,Alexandria,West,Agami,1st,Yes,off_plan,2106353.92
100.8,4.0,4,0,1,1,1,Cairo,Old Cairo,Downtown,2nd,No,completed,3731137.71
179.7,3.0,3,0,1,1,1,Alexandria,West,Borg El Arab,2nd,Semi,completed,3273683.95
88.7,2.0,1,0,1,1,1,Aswan,Central,El Sad El Ali,1st,Semi,completed,1373565.44
78.4,,2,1,1,1,1,Aswan,Central,El Sad El Ali,1st,Semi,under_construction,951172.24
164.5,3.0,3,0,0,0,1,Cairo,New Cairo,Fifth Settlement,3rd,Semi,under_construction,6388703.77
171.5,2.0,1,0,1,1,1,Cairo,Old Cairo,Maadi,1st,Yes,off_plan,5161041.2
226.5,2.0,2,0,1,1,1,Cairo,New Cairo,Fifth Settlement,1st,Semi,off_plan,8477166.42
169.4,2.0,2,0,1,1,1,Suez,North,El Arbaien,1st,Semi,completed,2480875.52
119.2,1.0,1,0,1,1,1,Alexandria,East,Sidi Bishr,2nd,Semi,completed,2834272.91
80.6,2.0,2,0,1,0,1,Alexandria,West,Borg El Arab,1st,No,completed,1395242.44
92.9,2.0,1,0,1,1,1,Suez,North,El Arbaien,2nd,Semi,completed,1536919.71
76.1,3.0,2,0,0,1,1,Giza,West Giza,Sheikh Zayed,2nd,No,off_plan,2798400.67
210.2,1.0,1,0,1,1,1,Cairo,New Cairo,Fifth Settlement,3rd,Semi,under_construction,8972813.16
137.3,3.0,2,0,1,1,0,Ismailia,Central,El Sheikh Zayed,1st,Semi,under_construction,2339989.26
115.7,3.0,3,0,1,1,1,Cairo,New Cairo,Fifth Settlement,1st,No,completed,5196645.28
174.5,3.0,3,0,0,1,1,Mansoura,Central,Toriel,1st,No,completed,2747900.48
138.3,1.0,1,0,0,1,1,Port Said,West,El Zohour,1st,No,under_construction,2271143.73
172.3,,4,1,1,0,1,Cairo,New Cairo,Nasr City,1st,No,under_construction,3956235.7
93.7,2.0,2,0,1,1,1,Giza,West Giza,Haram,2nd,No,completed,1800171.29
127.7,2.0,1,0,1,1,1,Giza,West Giza,Dokki,1st,No,off_plan,2612836.81
176.2,4.0,3,0,1,0,1,Giza,New Giza,New Giza,1st,No,completed,9912333.36
134.6,,4,1,1,0,1,Port Said,West,El Zohour,2nd,Yes,completed,3245181.31
119.2,2.0,1,0,1,0,1,Aswan,Central,El Shallal,1st,Yes,completed,2067257.88
96.5,2.0,1,0,1,0,1,Cairo,Old Cairo,Maadi,2nd,No,under_construction,2913848.02
90.7,5.0,5,0,1,1,1,Suez,South,El Suez District,1st,No,completed,1501205.45
87.6,4.0,4,0,1,0,1,Ismailia,Central,El Sheikh Zayed,1st,Semi,under_construction,1331427.65
212.8,1.0,1,0,1,0,1,Giza,New Giza,New Giza,1st,No,off_plan,8453620.0
208.9,1.0,1,0,1,1,1,Suez,North,El Arbaien,2nd,No,completed,3189463.3
94.9,2.0,1,0,1,0,1,Cairo,New Cairo,Madinaty,2nd,No,completed,4211220.24
110.4,1.0,1,0,1,1,1,Ismailia,Central,El Afrang,1st,No,completed,1605321.21
84.3,3.0,3,0,1,0,1,Giza,New Giza,New Giza,1st,No,off_plan,3507291.91
116.6,3.0,2,0,1,0,1,Alexandria,West,Agami,2nd,No,completed,2489094.52
164.9,3.0,2,0,0,1,1,Tanta,Central,El Geish,2nd,Semi,under_construction,2314786.34
141.4,2.0,2,0,0,1,1,Alexandria,West,Agami,1st,No,completed,2751138.75
111.6,3.0,2,0,0,1,1,Cairo,Old Cairo,Maadi,1st,Yes,completed,4652340.99
92.0,,2,1,1,1,1,Mansoura,Central,Toriel,1st,No,completed,1566917.6
73.4,3.0,2,0,1,1,1,Ismailia,Central,El Afrang,1st,No,under_construction,884902.95
178.4,2.0,2,0,1,1,1,Tanta,Central,Saeed,1st,Yes,completed,2688433.16
105.2,2.0,1,0,1,1,1,Suez,South,El Suez District,1st,Yes,under_construction,1291321.6
155.9,3.0,2,0,1,1,1,Cairo,New Cairo,Rehab,3rd,No,completed,7071223.49
166.1,2.0,1,0,1,0,1,Giza,West Giza,Dokki,2nd,Yes,completed,5369038.65
109.8,3.0,2,0,1,1,1,Mansoura,Central,Toriel,1st,No,off_plan,1251055.95
93.0,4.0,4,0,0,1,1,Alexandria,East,Sidi Gaber,1st,No,completed,2426751.46
136.1,3.0,3,0,1,1,1,Cairo,Old Cairo,Downtown,1st,Semi,off_plan,3265731.87
120.8,2.0,1,0,1,0,1,Alexandria,West,Borg El Arab,1st,No,under_construction,1662255.54
66.3,1.0,1,0,1,1,1,Aswan,Central,El Shallal,1st,Yes,under_construction,868248.85
140.9,1.0,1,0,1,1,1,Cairo,New Cairo,Madinaty,4th,No,completed,5889249.0
90.6,,3,1,1,0,1,Cairo,Old Cairo,Maadi,1st,No,completed,3379438.8
127.5,2.0,1,0,1,1,1,Port Said,West,El Zohour,1st,Semi,completed,2757601.68
83.1,,2,1,1,1,1,Aswan,Central,El Sad El Ali,2nd,No,completed,1410432.39
94.3,4.0,3,0,1,1,1,Alexandria,West,Agami,1st,No,completed,1972616.65
132.3,,2,1,1,1,1,Cairo,Old Cairo,Downtown,1st,No,completed,4688528.73
140.4,2.0,1,0,1,0,1,Suez,North,El Arbaien,1st,Yes,completed,2605960.11
106.3,3.0,2,0,1,1,1,Tanta,Central,Saeed,1st,Yes,completed,1590566.05
125.0,3.0,3,0,1,1,1,Giza,New Giza,New Giza,1st,Yes,completed,8372794.83
89.9,3.0,2,0,1,1,1,Aswan,Central,El Sad El Ali,1st,Yes,under_construction,1339575.52
93.3,4.0,3,0,1,1,1,Cairo,New Cairo,First Settlement,2nd,No,under_construction,3566343.03
96.9,3.0,2,0,0,0,1,Cairo,Old Cairo,Zamalek,2nd,No,under_construction,5033098.19
113.1,3.0,2,0,1,1,1,Suez,North,El Arbaien,2nd,No,completed,1889132.43
158.2,2.0,1,0,1,1,1,Ismailia,Central,El Afrang,1st,No,completed,2206120.18
87.7,2.0,1,0,1,0,1,Cairo,Old Cairo,Maadi,1st,Yes,off_plan,3147098.66
145.0,4.0,4,0,1,0,1,Giza,New Giza,New Giza,1st,No,completed,8667073.13
111.5,3.0,3,0,1,0,1,Luxor,West Bank,El Gezira,1st,No,under_construction,1248592.69
106.7,5.0,4,0,1,1,1,Alexandria,West,Borg El Arab,1st,No,off_plan,1298531.05
119.5,1.0,1,0,1,1,1,Mansoura,Central,Toriel,1st,Semi,under_construction,1406756.58
58.7,3.0,2,0,1,1,1,Port Said,West,El Zohour,1st,Semi,completed,1343389.36
119.8,3.0,2,0,1,0,1,Giza,New Giza,New Giza,1st,No,completed,7121980.28
136.5,4.0,4,0,1,0,1,Alexandria,East,Smouha,1st,No,completed,4015375.76
225.7,5.0,4,0,1,0,1,Giza,West Giza,Mohandessin,1st,Semi,completed,8415058.51
126.6,2.0,1,0,1,1,1,Suez,North,El Arbaien,2nd,Yes,completed,2035554.27
279.4,2.0,2,0,1,1,1,Mansoura,Central,El Mashaya,1st,No,completed,4206998.66
67.1,5.0,4,0,1,0,1,Giza,New Giza,New Giza,1st,No,completed,4078969.96
133.4,3.0,3,0,1,1,1,Mansoura,Central,El Mashaya,1st,No,completed,2118184.49
140.2,3.0,2,0,1,1,1,Suez,North,Faisal,1st,Semi,completed,2107916.38
155.5,3.0,2,0,1,1,1,Luxor,East Bank,El Karnak,1st,No,completed,1971385.76
163.3,4.0,4,0,1,1,1,Port Said,West,El Zohour,2nd,Yes,off_plan,2465369.31
103.2,1.0,1,0,1,1,1,Tanta,Central,Saeed,1st,No,completed,1557688.32
153.5,,2,1,1,0,1,Giza,New Giza,New Giza,2nd,No,completed,8659544.48
147.9,5.0,4,0,1,1,1,Ismailia,Central,El Afrang,1st,No,completed,2319766.98
94.3,1.0,1,0,1,0,1,Giza,West Giza,6th of October,3rd,No,off_plan,2477722.08
83.3,2.0,1,0,1,1,1,Cairo,New Cairo,Fifth Settlement,1st,Yes,completed,4021774.45
87.2,2.0,1,0,1,1,1,Cairo,Old Cairo,Zamalek,1st,Yes,completed,5418815.55
212.5,2.0,2,0,1,0,1,Cairo,New Cairo,First Settlement,1st,No,completed,7588579.39
189.5,3.0,3,0,0,1,1,Cairo,Old Cairo,Zamalek,1st,Semi,completed,12503696.19
114.6,3.0,2,0,0,1,1,Cairo,New Cairo,Heliopolis,2nd,No,off_plan,3227990.57
134.7,2.0,1,0,1,1,1,Alexandria,East,Sidi Gaber,2nd,No,completed,3602320.56
209.3,2.0,1,0,1,0,0,Luxor,East Bank,El Awameya,1st,Semi,under_construction,2026437.28
162.5,3.0,3,0,1,0,1,Aswan,Central,El Sad El Ali,1st,No,completed,2348331.27
166.3,3.0,3,0,1,1,1,Cairo,Old Cairo,Zamalek,2nd,No,completed,9373663.7
157.1,2.0,1,0,0,0,1,Cairo,Old Cairo,Downtown,1st,Semi,completed,4855229.78
151.7,3.0,2,0,1,1,1,Alexandria,East,Sidi Bishr,1st,No,under_construction,2844539.26
115.0,3.0,3,0,0,0,1,Cairo,New Cairo,Heliopolis,2nd,No,completed,4145034.46
87.4,4.0,4,0,1,0,1,Cairo,Old Cairo,Zamalek,2nd,Yes,off_plan,4659969.99
129.5,4.0,4,0,1,1,1,Alexandria,West,Borg El Arab,1st,No,completed,2155096.63
115.9,,1,1,1,1,1,Aswan,Central,El Sad El Ali,2nd,No,completed,1601656.64
158.3,3.0,2,0,1,1,1,Cairo,New Cairo,Rehab,3rd,Yes,under_construction,6312035.11
160.4,2.0,1,0,1,0,1,Luxor,West Bank,El Gezira,1st,No,completed,2013220.15
92.8,,2,1,1,1,1,Alexandria,East,Smouha,2nd,No,under_construction,2160164.45
171.4,1.0,1,0,1,1,1,Suez,North,Faisal,1st,Semi,completed,2225028.83
100.8,,1,1,1,1,1,Ismailia,Central,El Afrang,1st,No,completed,1412580.56
153.9,4.0,4,0,1,1,1,Port Said,West,El Zohour,1st,No,off_plan,2442475.07
104.3,,2,1,1,0,1,Giza,New Giza,New Giza,1st,No,completed,6791944.3
155.5,4.0,4,0,1,0,1,Giza,West Giza,Haram,1st,Yes,completed,3489180.57
153.4,1.0,1,0,1,0,1,Cairo,New Cairo,Heliopolis,2nd,No,completed,5115614.63
129.2,1.0,1,0,1,1,1,Port Said,East,El Shark,1st,No,completed,2566314.44
212.7,2.0,2,0,1,0,1,Tanta,Central,El Geish,1st,No,completed,3072135.66
102.9,4.0,3,0,1,1,1,Alexandria,East,Sidi Gaber,2nd,No,completed,2891589.0
137.1,2.0,1,0,1,1,1,Giza,New Giza,New Giza,1st,No,completed,7244020.44
142.8,2.0,2,0,0,1,1,Mansoura,Central,El Mashaya,1st,No,under_construction,1847086.5
145.7,3.0,2,0,1,1,1,Luxor,West Bank,El Gezira,1st,Semi,under_construction,1626653.59
80.5,4.0,4,0,1,1,1,Giza,New Giza,New Giza,2nd,No,under_construction,3922371.9
70.5,2.0,2,0,0,1,1,Mansoura,Central,Toriel,1st,Yes,completed,1241637.1
82.2,3.0,2,0,1,0,1,Port Said,East,El Manakh,2nd,No,completed,1268418.72
131.1,3.0,2,0,1,1,1,Cairo,New Cairo,Heliopolis,1st,No,completed,5176277.13
158.2,2.0,1,0,1,1,1,Cairo,Old Cairo,Maadi,2nd,Yes,completed,6309952.98
167.7,3.0,3,0,1,0,1,Giza,West Giza,6th of October,3rd,No,under_construction,4680370.2
91.4,2.0,2,0,1,1,1,Luxor,West Bank,El Gezira,1st,Semi,completed,1308317.33
99.4,2.0,1,0,0,1,1,Aswan,Central,El Shallal,1st,Yes,completed,1474088.83
92.2,3.0,2,0,1,0,1,Cairo,Old Cairo,Zamalek,1st,No,completed,6026484.44
136.0,4.0,3,0,0,1,1,Giza,West Giza,Sheikh Zayed,2nd,Yes,completed,8464228.59
76.5,3.0,2,0,1,1,1,Cairo,Old Cairo,Maadi,1st,Semi,completed,2825994.34
160.1,4.0,4,0,1,0,1,Giza,West Giza,Dokki,2nd,Semi,under_construction,3501637.77
118.8,1.0,1,0,1,1,1,Luxor,West Bank,El Gezira,1st,No,off_plan,1126235.02
130.9,3.0,2,0,1,1,1,Cairo,New Cairo,Rehab,1st,Yes,under_construction,5216232.58
195.1,3.0,3,0,1,1,1,Cairo,Old Cairo,Downtown,1st,No,under_construction,4409734.8
86.9,2.0,1,0,0,0,1,Tanta,Central,Saeed,1st,Yes,completed,1389961.88
153.6,3.0,2,0,0,1,1,Suez,South,El Suez District,1st,No,completed,2082557.45
140.8,2.0,2,0,0,0,1,Giza,New Giza,New Giza,1st,Semi,completed,8404027.24
126.7,1.0,1,0,0,1,1,Cairo,Old Cairo,Downtown,2nd,No,under_construction,3088929.66
80.6,1.0,1,0,1,0,1,Giza,West Giza,Dokki,2nd,No,under_construction,1899106.72
69.0,2.0,1,0,1,1,1,Giza,New Giza,New Giza,2nd,Semi,completed,3859038.65
46.1,2.0,2,0,1,0,1,Giza,New Giza,New Giza,1st,No,completed,2410099.09
160.4,3.0,2,0,0,1,1,Ismailia,Central,El Sheikh Zayed,1st,No,completed,3023185.55
99.2,1.0,1,0,1,0,1,Suez,North,Faisal,1st,Semi,completed,1298023.94
153.5,1.0,1,0,1,0,1,Mansoura,Central,Toriel,1st,Yes,under_construction,2126940.68
92.2,2.0,1,0,1,1,1,Cairo,New Cairo,Nasr City,3rd,Yes,under_construction,2409801.81
90.4,4.0,3,0,1,1,1,Cairo,New Cairo,Nasr City,3rd,No,off_plan,2216035.26
150.7,2.0,1,0,1,1,1,Cairo,New Cairo,Heliopolis,1st,Yes,off_plan,4312285.92
134.9,3.0,3,0,0,1,1,Giza,New Giza,New Giza,2nd,No,completed,6749247.78
148.3,5.0,4,0,1,1,1,Aswan,Central,El Shallal,1st,Semi,completed,2249845.1
95.2,3.0,3,0,1,0,1,Tanta,Central,El Geish,2nd,Semi,under_construction,1538881.06
98.3,4.0,4,0,1,0,1,Suez,North,Faisal,1st,No,completed,1504885.13
177.4,2.0,1,0,1,1,1,Luxor,West Bank,El Gezira,1st,No,off_plan,1857610.34
97.8,1.0,1,0,1,1,1,Giza,New Giza,New Giza,2nd,No,under_construction,4612890.37
165.4,3.0,3,0,1,1,1,Tanta,Central,Saeed,1st,Yes,under_construction,1991214.35
88.3,3.0,3,0,1,1,1,Port Said,West,El Zohour,1st,No,completed,1866905.52
138.3,2.0,2,0,1,1,1,Suez,South,El Suez District,1st,No,completed,2087124.84
145.4,3.0,2,0,1,1,1,Mansoura,Central,Toriel,1st,No,off_plan,1583636.71
117.5,2.0,1,0,1,1,1,Mansoura,Central,El Mashaya,2nd,Semi,off_plan,1621041.29
107.9,2.0,2,0,1,1,1,Giza,New Giza,New Giza,2nd,No,completed,5627786.46
108.3,4.0,3,0,1,0,1,Cairo,New Cairo,Rehab,1st,Semi,completed,4851725.81
117.2,4.0,3,0,0,1,1,Alexandria,East,Sidi Gaber,1st,Semi,completed,3812384.31
139.7,3.0,2,0,1,1,1,Ismailia,Central,El Afrang,1st,No,completed,1807888.29
105.3,2.0,2,0,1,1,1,Giza,West Giza,Haram,1st,Yes,completed,2524363.0
116.6,1.0,1,0,1,1,1,Giza,New Giza,New Giza,2nd,No,completed,6813483.87
69.3,3.0,2,0,1,1,1,Cairo,New Cairo,Rehab,2nd,Yes,completed,3576757.17
82.6,2.0,1,0,1,1,1,Luxor,East Bank,El Karnak,2nd,Semi,off_plan,713584.81
76.0,3.0,3,0,1,0,1,Alexandria,West,Borg El Arab,1st,Semi,completed,1377195.59
123.7,4.0,4,0,0,0,1,Giza,West Giza,Mohandessin,1st,Yes,off_plan,3129761.92
74.4,4.0,3,0,1,1,0,Giza,New Giza,New Giza,2nd,Semi,completed,4825346.59
82.2,4.0,3,0,1,1,1,Alexandria,East,Sidi Bishr,1st,Yes,completed,2328066.18
104.9,1.0,1,0,1,1,1,Cairo,Old Cairo,Downtown,2nd,Semi,under_construction,2492567.64
96.5,4.0,3,0,1,1,1,Alexandria,East,Sidi Gaber,2nd,Semi,under_construction,2237925.96
93.1,4.0,3,0,1,0,1,Cairo,Old Cairo,Zamalek,1st,No,completed,6382754.66
124.1,,2,1,1,1,1,Cairo,New Cairo,First Settlement,3rd,Yes,under_construction,4601471.45
127.0,3.0,2,0,1,1,1,Ismailia,Central,El Sheikh Zayed,1st,No,under_construction,1868745.67
103.4,4.0,3,0,1,1,1,Tanta,Central,Saeed,1st,Yes,completed,1551935.86
116.8,3.0,2,0,1,0,1,Giza,West Giza,Mohandessin,2nd,Semi,completed,4314753.26
138.7,4.0,3,0,1,1,1,Suez,South,El Suez District,1st,Semi,completed,2090312.76
120.4,1.0,1,0,1,1,1,Suez,South,El Suez District,1st,No,completed,1914185.37
176.4,2.0,1,0,1,1,1,Cairo,Old Cairo,Downtown,2nd,No,completed,5507279.37
94.7,2.0,1,0,1,1,1,Luxor,West Bank,El Gezira,1st,Semi,completed,1448916.86
74.2,4.0,3,0,1,0,1,Suez,South,El Suez District,1st,No,under_construction,915651.54
137.4,1.0,1,0,0,1,1,Aswan,Central,El Sad El Ali,2nd,No,completed,1966512.25
127.5,4.0,3,0,1,0,1,Giza,West Giza,Sheikh Zayed,2nd,Yes,under_construction,6587512.53
69.8,5.0,4,0,1,1,1,Suez,North,El Arbaien,2nd,No,off_plan,879577.12
138.2,3.0,2,0,1,1,1,Cairo,New Cairo,Fifth Settlement,2nd,No,under_construction,5798342.2
108.1,4.0,3,0,1,0,1,Giza,New Giza,New Giza,2nd,No,completed,6308996.47
143.3,3.0,3,0,1,1,1,Alexandria,West,Agami,2nd,No,under_construction,2496313.71
108.7,2.0,2,0,1,1,1,Port Said,East,El Shark,1st,No,completed,1663403.51
109.3,3.0,2,0,1,0,1,Cairo,Old Cairo,Zamalek,1st,No,completed,7412267.66
122.9,2.0,2,0,1,1,1,Cairo,Old Cairo,Downtown,2nd,No,under_construction,3875896.16
98.3,4.0,3,0,1,1,1,Suez,North,Faisal,1st,No,completed,1432340.01
184.2,3.0,3,0,1,0,1,Cairo,New Cairo,Madinaty,2nd,No,completed,7331100.01
150.5,2.0,1,0,1,0,1,Cairo,New Cairo,Rehab,1st,No,completed,5711764.93
142.3,2.0,2,0,1,1,1,Port Said,West,El Zohour,2nd,Yes,under_construction,2088868.29
186.7,2.0,2,0,0,1,1,Mansoura,Central,El Mashaya,2nd,Semi,under_construction,2983930.26
58.3,3.0,2,0,1,1,1,Ismailia,Central,El Sheikh Zayed,1st,No,off_plan,838712.15
150.8,2.0,2,0,1,0,1,Cairo,New Cairo,First Settlement,2nd,Yes,under_construction,5175877.89
119.6,4.0,3,0,1,1,0,Suez,North,El Arbaien,2nd,Yes,completed,2077996.83
121.1,3.0,2,0,0,1,1,Ismailia,Central,El Afrang,1st,Yes,completed,1729596.05
93.5,3.0,2,0,1,1,1,Aswan,Central,El Shallal,1st,No,under_construction,1219936.18
82.5,1.0,1,0,1,1,1,Giza,New Giza,New Giza,2nd,No,completed,4368987.94
68.6,4.0,3,0,1,1,1,Ismailia,Central,El Sheikh Zayed,1st,No,under_construction,1036399.61
79.4,2.0,1,0,1,1,1,Giza,West Giza,Dokki,2nd,No,completed,2757688.62
112.2,1.0,1,0,1,1,1,Luxor,East Bank,El Karnak,2nd,Yes,under_construction,1105071.41
143.1,2.0,2,0,0,1,1,Alexandria,West,Borg El Arab,2nd,No,completed,2300871.56
110.7,3.0,2,0,1,1,1,Mansoura,Central,El Mashaya,2nd,Yes,completed,2137197.73
124.5,4.0,4,0,1,0,1,Cairo,New Cairo,Heliopolis,2nd,No,completed,4367048.33
125.2,5.0,5,0,1,1,1,Alexandria,East,Sidi Gaber,2nd,Yes,completed,3458208.83
162.8,4.0,3,0,1,1,1,Aswan,Central,El Shallal,1st,No,under_construction,1727303.8
139.8,5.0,5,0,1,1,1,Port Said,East,El Shark,1st,Semi,completed,2894104.34
181.8,3.0,2,0,1,1,1,Luxor,East Bank,El Awameya,1st,No,under_construction,1819389.67
110.2,2.0,1,0,1,0,1,Port Said,West,El Zohour,1st,No,completed,2007438.65
204.4,4.0,4,0,1,1,1,Mansoura,Central,El Mashaya,2nd,No,completed,3749594.59
203.5,4.0,4,0,1,1,1,Ismailia,Central,El Sheikh Zayed,2nd,No,completed,3223721.44
110.8,5.0,4,0,1,1,1,Cairo,Old Cairo,Downtown,2nd,Semi,completed,4175566.55
165.0,3.0,3,0,0,1,1,Giza,West Giza,Mohandessin,2nd,No,completed,5750061.05
68.6,3.0,2,0,1,1,1,Cairo,Old Cairo,Downtown,1st,No,completed,2323390.6
149.3,1.0,1,0,1,1,1,Giza,West Giza,Dokki,2nd,Semi,completed,4942635.45
146.3,3.0,2,0,0,1,1,Giza,West Giza,Dokki,2nd,No,completed,3619519.32
137.1,3.0,2,0,1,1,1,Luxor,West Bank,El Gezira,1st,Yes,completed,2251911.97
62.6,3.0,2,0,1,1,1,Cairo,Old Cairo,Zamalek,2nd,No,completed,4286616.59
115.1,3.0,2,0,0,1,1,Cairo,New Cairo,First Settlement,1st,No,completed,4734984.3
83.5,3.0,2,0,1,0,1,Tanta,Central,El Geish,1st,No,completed,1319128.38
187.0,2.0,1,0,1,1,1,Cairo,New Cairo,Nasr City,4th,Semi,completed,4820952.77
185.9,3.0,2,0,1,1,1,Aswan,Central,El Sad El Ali,2nd,Yes,under_construction,2610055.85
153.3,,2,1,1,1,1,Giza,New Giza,New Giza,2nd,No,completed,8280023.69
110.0,3.0,2,0,1,0,1,Cairo,New Cairo,Rehab,2nd,Semi,under_construction,4055270.34
133.9,3.0,3,0,1,1,1,Mansoura,Central,Toriel,1st,No,under_construction,1763086.78
148.2,4.0,3,0,1,1,1,Luxor,East Bank,El Awameya,1st,Semi,completed,1768807.97
115.8,2.0,1,0,1,1,1,Giza,West Giza,Mohandessin,1st,No,under_construction,3166969.94
146.6,,4,1,1,1,1,Mansoura,Central,Toriel,1st,No,completed,2166290.28
121.9,2.0,1,0,1,1,1,Cairo,Old Cairo,Downtown,1st,No,under_construction,3638971.0
102.3,3.0,3,0,0,1,1,Cairo,Old Cairo,Downtown,1st,Yes,under_construction,3159721.4
121.9,3.0,2,0,1,1,1,Alexandria,West,Borg El Arab,2nd,No,under_construction,1689951.68
112.7,4.0,3,0,1,1,1,Port Said,West,El Zohour,1st,No,completed,2146798.76
184.6,2.0,2,0,1,1,0,Tanta,Central,Saeed,1st,Semi,completed,2608156.79
200.1,4.0,4,0,1,0,1,Cairo,New Cairo,Heliopolis,1st,No,completed,7524847.36
90.4,3.0,3,0,0,0,1,Alexandria,East,Smouha,3rd,Semi,under_construction,2080306.13
77.8,2.0,1,0,1,1,1,Giza,West Giza,Sheikh Zayed,2nd,Semi,completed,3736575.84
124.1,4.0,4,0,1,1,1,Cairo,Old Cairo,Maadi,2nd,No,under_construction,3256648.14
129.7,1.0,1,0,1,1,1,Cairo,New Cairo,First Settlement,1st,Semi,completed,5351814.83
106.6,2.0,2,0,1,0,1,Cairo,New Cairo,Madinaty,4th,No,under_construction,4294762.8
256.7,3.0,2,0,1,0,0,Giza,New Giza,New Giza,2nd,Yes,under_construction,9237290.2
88.9,4.0,3,0,1,1,0,Cairo,New Cairo,Nasr City,1st,No,completed,2615162.44
123.6,3.0,3,0,1,0,0,Cairo,New Cairo,First Settlement,3rd,No,off_plan,3470445.65
124.5,,1,1,0,1,1,Giza,New Giza,New Giza,1st,Yes,completed,6797893.18
143.2,2.0,1,0,1,1,1,Cairo,Old Cairo,Downtown,2nd,Yes,completed,5097223.0
97.6,1.0,1,0,1,1,1,Cairo,New Cairo,Fifth Settlement,2nd,Yes,under_construction,4557407.78
136.7,1.0,1,0,1,1,1,Port Said,West,El Zohour,1st,Semi,under_construction,2046891.19
204.0,1.0,1,0,0,1,1,Giza,West Giza,6th of October,2nd,No,completed,7118071.93
74.9,1.0,1,0,1,1,1,Cairo,Old Cairo,Zamalek,2nd,No,under_construction,4025258.41
154.1,3.0,2,0,1,1,1,Ismailia,Central,El Afrang,1st,Semi,completed,2736671.94
91.9,3.0,2,0,1,1,1,Tanta,Central,El Geish,2nd,Yes,completed,1513580.69
96.5,3.0,2,0,1,0,0,Giza,New Giza,New Giza,1st,Yes,under_construction,4780514.51
208.1,2.0,1,0,1,1,1,Tanta,Central,Saeed,1st,No,completed,2722637.37
104.5,5.0,4,0,0,1,0,Cairo,Old Cairo,Zamalek,1st,No,under_construction,5736450.91
100.3,2.0,1,0,1,1,1,Giza,West Giza,Dokki,2nd,Semi,completed,2486128.41
231.8,4.0,4,0,1,1,1,Giza,West Giza,Dokki,2nd,No,completed,6915960.74
126.4,3.0,3,0,0,1,1,Suez,North,Faisal,1st,No,completed,2003106.09
87.0,1.0,1,0,1,1,1,Giza,West Giza,Mohandessin,2nd,Yes,completed,2956001.75
165.9,2.0,1,0,0,1,1,Ismailia,Central,El Afrang,1st,No,under_construction,1905863.33
289.3,2.0,1,0,1,1,1,Alexandria,East,Sidi Gaber,2nd,No,completed,6524150.79
131.2,,3,1,1,0,1,Cairo,New Cairo,Fifth Settlement,2nd,Semi,under_construction,5810383.23
156.6,3.0,2,0,1,1,1,Suez,North,Faisal,1st,No,under_construction,1772526.48
120.5,2.0,1,0,1,1,1,Alexandria,West,Agami,2nd,No,completed,2555888.71
236.8,1.0,1,0,1,1,1,Alexandria,West,Agami,2nd,Yes,under_construction,4250920.59
100.5,4.0,3,0,1,1,1,Mansoura,Central,Toriel,1st,No,completed,1570704.76
148.3,2.0,2,0,0,1,1,Cairo,Old Cairo,Downtown,1st,Yes,under_construction,3793548.46
145.8,4.0,3,0,1,1,1,Giza,West Giza,Dokki,1st,No,under_construction,3999315.13
61.4,3.0,3,0,1,1,1,Port Said,West,El Zohour,2nd,No,completed,1357483.37
141.8,4.0,3,0,0,1,1,Mansoura,Central,Toriel,1st,No,completed,2041828.12
126.5,3.0,2,0,0,0,1,Mansoura,Central,El Mashaya,1st,No,completed,2701761.51
101.5,2.0,1,0,1,0,1,Aswan,Central,El Sad El Ali,2nd,No,completed,1542655.71
116.4,2.0,1,0,1,0,1,Cairo,Old Cairo,Downtown,1st,Semi,completed,3554910.32
85.1,3.0,3,0,1,1,0,Alexandria,West,Borg El Arab,1st,No,under_construction,1174799.58
76.6,5.0,5,0,1,1,1,Port Said,West,El Zohour,2nd,No,off_plan,1176281.85
187.0,5.0,4,0,1,1,1,Cairo,Old Cairo,Zamalek,1st,Semi,under_construction,10733799.07
70.3,3.0,2,0,1,0,1,Cairo,New Cairo,Heliopolis,2nd,No,completed,2581202.04
138.5,2.0,2,0,1,1,1,Giza,New Giza,New Giza,2nd,No,under_construction,6211201.15
138.8,,2,1,1,1,1,Cairo,New Cairo,First Settlement,1st,Semi,off_plan,4188647.79
108.2,2.0,1,0,1,1,1,Cairo,New Cairo,First Settlement,3rd,No,completed,4297869.77
163.7,2.0,1,0,1,1,1,Alexandria,West,Borg El Arab,1st,Yes,completed,2864224.33
80.5,1.0,1,0,1,1,1,Aswan,Central,El Shallal,1st,No,completed,1153416.13
156.3,,2,1,1,1,1,Alexandria,East,Sidi Bishr,2nd,Semi,under_construction,3031242.5
101.1,2.0,1,0,1,1,1,Cairo,New Cairo,Heliopolis,2nd,No,completed,3400784.67
171.9,3.0,3,0,1,1,1,Ismailia,Central,El Afrang,1st,Semi,completed,2698946.24
132.5,2.0,2,0,1,1,1,Cairo,Old Cairo,Downtown,1st,No,completed,3817063.12
75.5,3.0,2,0,1,1,1,Giza,New Giza,New Giza,2nd,Semi,under_construction,3713374.04
122.8,3.0,2,0,1,1,1,Giza,New Giza,New Giza,1st,No,completed,7243691.92
154.4,2.0,1,0,1,0,1,Port Said,West,El Zohour,2nd,No,completed,2791201.45
96.3,2.0,1,0,1,0,1,Port Said,East,El Manakh,1st,No,completed,1440366.42
121.0,2.0,1,0,1,1,1,Cairo,New Cairo,Fifth Settlement,2nd,Semi,completed,6323783.78
126.4,2.0,1,0,1,1,1,Suez,South,El Suez District,2nd,No,completed,1830622.35
162.1,3.0,2,0,1,1,1,Port Said,East,El Shark,1st,No,under_construction,2555419.36
112.9,2.0,1,0,1,0,1,Alexandria,West,Borg El Arab,1st,No,completed,1852894.05
159.1,1.0,1,0,1,1,1,Cairo,New Cairo,Fifth Settlement,3rd,No,under_construction,6444925.92
147.1,4.0,3,0,1,1,1,Aswan,Central,El Shallal,1st,Semi,completed,2443254.23
176.8,,4,1,1,0,1,Giza,New Giza,New Giza,2nd,Yes,under_construction,8605297.64
131.0,2.0,1,0,1,0,1,Luxor,East Bank,El Awameya,1st,No,under_construction,1227815.62
128.0,4.0,3,0,0,1,1,Alexandria,East,Sidi Bishr,2nd,No,completed,3181736.41
186.8,4.0,4,0,1,0,1,Mansoura,Central,Toriel,1st,No,completed,2538371.3
181.0,3.0,3,0,0,1,1,Cairo,Old Cairo,Zamalek,1st,No,under_construction,8961593.48
107.4,3.0,2,0,1,1,1,Alexandria,East,Sidi Gaber,2nd,Yes,completed,3118470.06
154.7,2.0,1,0,1,1,1,Cairo,New Cairo,First Settlement,3rd,No,under_construction,5014367.89
145.0,3.0,2,0,1,1,1,Giza,West Giza,Sheikh Zayed,3rd,No,under_construction,5224126.76
73.7,,3,1,1,1,1,Cairo,Old Cairo,Maadi,2nd,No,completed,2832347.03
204.9,2.0,1,0,1,1,1,Giza,West Giza,Dokki,1st,No,under_construction,4832261.61
66.3,3.0,3,0,1,1,1,Port Said,West,El Zohour,2nd,No,completed,1217685.75
120.7,2.0,1,0,0,0,1,Luxor,West Bank,El Gezira,1st,Yes,under_construction,1392499.76
271.4,5.0,4,0,0,1,1,Mansoura,Central,El Mashaya,1st,No,completed,3858807.52
134.2,3.0,2,0,1,1,0,Cairo,New Cairo,Rehab,1st,Semi,under_construction,4982684.38
106.1,4.0,3,0,1,0,1,Mansoura,Central,Toriel,1st,Semi,completed,1542913.89
62.9,3.0,3,0,1,1,1,Alexandria,East,Smouha,1st,No,under_construction,1426194.53
140.8,2.0,2,0,0,0,1,Alexandria,West,Borg El Arab,2nd,No,completed,2512269.25
93.9,5.0,4,0,1,0,1,Suez,South,El Suez District,2nd,No,completed,1334514.85
233.4,1.0,1,0,1,0,0,Cairo,Old Cairo,Downtown,2nd,No,under_construction,6304215.94
121.4,4.0,4,0,1,1,1,Giza,West Giza,6th of October,3rd,Yes,completed,4020272.62
101.7,2.0,1,0,1,0,1,Giza,New Giza,New Giza,1st,Semi,completed,7082922.35
287.8,3.0,3,0,1,0,0,Cairo,Old Cairo,Maadi,3rd,Yes,completed,10838381.14
246.6,5.0,5,0,1,1,1,Luxor,East Bank,El Awameya,1st,No,completed,2531595.06
92.1,4.0,3,0,1,1,1,Aswan,Central,El Sad El Ali,1st,Semi,completed,1670051.92
98.1,,3,1,1,0,1,Cairo,New Cairo,Fifth Settlement,2nd,Yes,under_construction,4378544.1
109.4,5.0,4,0,1,1,1,Port Said,East,El Shark,2nd,Yes,completed,2469967.08
114.5,3.0,3,0,1,1,1,Alexandria,East,Sidi Bishr,2nd,No,completed,2191564.82
80.9,1.0,1,0,1,0,1,Port Said,East,El Shark,2nd,No,completed,1569187.45
56.2,3.0,2,0,1,1,1,Cairo,New Cairo,Fifth Settlement,3rd,No,under_construction,2092893.65
120.9,3.0,2,0,1,1,1,Cairo,New Cairo,Fifth Settlement,1st,Semi,completed,6874761.96
90.8,2.0,1,0,1,1,1,Cairo,Old Cairo,Downtown,2nd,No,completed,3283756.78
121.2,5.0,4,0,1,1,1,Port Said,East,El Shark,1st,Yes,under_construction,1876821.47
175.9,4.0,3,0,1,1,1,Cairo,Old Cairo,Maadi,2nd,No,under_construction,5142039.53
128.7,2.0,1,0,1,0,1,Giza,New Giza,New Giza,1st,Semi,completed,7389317.23
93.5,3.0,3,0,1,1,1,Cairo,New Cairo,First Settlement,3rd,No,completed,3980664.34
95.1,3.0,3,0,1,1,1,Giza,West Giza,Dokki,2nd,Semi,completed,3401297.74
141.0,3.0,2,0,1,1,1,Alexandria,East,Smouha,1st,No,completed,3700481.41
83.6,3.0,2,0,1,1,1,Mansoura,Central,El Mashaya,2nd,No,under_construction,1108095.52
91.2,5.0,5,0,0,0,1,Cairo,New Cairo,Heliopolis,2nd,No,off_plan,2358974.29
79.8,3.0,2,0,1,1,1,Alexandria,West,Borg El Arab,1st,No,completed,1353237.14
122.3,3.0,2,0,1,1,1,Tanta,Central,El Geish,1st,No,completed,2172014.72
156.4,3.0,3,0,1,1,1,Cairo,Old Cairo,Downtown,2nd,No,completed,5346095.17
131.4,2.0,1,0,0,0,1,Alexandria,West,Agami,2nd,Semi,completed,2392673.65
127.2,2.0,1,0,1,1,1,Cairo,New Cairo,Fifth Settlement,2nd,Yes,completed,6793826.31
119.8,3.0,2,0,0,0,1,Tanta,Central,Saeed,1st,No,completed,1651797.92
122.4,2.0,2,0,0,1,1,Cairo,New Cairo,Rehab,3rd,Yes,completed,6207228.7
96.6,3.0,2,0,1,0,1,Ismailia,Central,El Afrang,1st,Yes,under_construction,1409612.98
135.8,3.0,3,0,1,1,1,Alexandria,East,Sidi Bishr,2nd,No,completed,3137289.62
142.5,2.0,1,0,1,1,0,Aswan,Central,El Shallal,1st,No,completed,1933577.48
104.3,5.0,4,0,1,0,1,Giza,West Giza,Sheikh Zayed,2nd,No,under_construction,4350837.07
126.9,4.0,4,0,1,1,1,Alexandria,East,Sidi Gaber,2nd,No,under_construction,3367524.06
107.0,,2,1,1,1,1,Giza,New Giza,New Giza,1st,Yes,completed,7043818.54
148.3,2.0,1,0,1,1,1,Port Said,East,El Manakh,1st,Yes,under_construction,1787940.62
153.1,3.0,3,0,0,1,1,Cairo,Old Cairo,Maadi,3rd,Yes,completed,6041921.02
86.2,5.0,4,0,1,0,1,Luxor,West Bank,El Gezira,1st,Semi,completed,1322591.05
125.3,3.0,2,0,0,1,1,Cairo,Old Cairo,Zamalek,2nd,No,completed,7870622.76
122.3,5.0,4,0,1,1,1,Cairo,New Cairo,Nasr City,1st,No,completed,3769814.0
142.3,2.0,2,0,1,1,1,Cairo,Old Cairo,Zamalek,1st,Yes,off_plan,7159952.58
63.0,3.0,3,0,0,0,1,Suez,North,Faisal,1st,No,completed,983369.38
104.1,,3,1,1,1,1,Cairo,New Cairo,Nasr City,1st,Semi,completed,3144790.15
212.2,4.0,4,0,1,1,1,Port Said,West,El Zohour,2nd,Yes,completed,4657493.04
111.1,3.0,3,0,1,1,1,Alexandria,West,Borg El Arab,1st,Yes,completed,2085486.85
95.5,5.0,4,0,1,0,1,Ismailia,Central,El Afrang,1st,No,completed,1401957.42
128.5,3.0,2,0,1,1,0,Giza,West Giza,Mohandessin,2nd,Semi,completed,4948678.51
152.5,2.0,2,0,0,0,1,Mansoura,Central,El Mashaya,1st,No,completed,2525177.52
71.7,2.0,1,0,1,1,1,Cairo,Old Cairo,Zamalek,2nd,Yes,completed,6024788.7
113.0,3.0,3,0,1,1,1,Giza,West Giza,Sheikh Zayed,1st,Semi,under_construction,5162829.85
95.4,2.0,1,0,1,1,1,Giza,New Giza,New Giza,2nd,No,completed,6219768.45
90.7,3.0,3,0,0,0,1,Aswan,Central,El Sad El Ali,2nd,No,completed,1532137.52
70.6,2.0,1,0,1,1,1,Giza,New Giza,New Giza,2nd,No,completed,4228686.87
141.1,2.0,2,0,1,1,1,Tanta,Central,El Geish,2nd,Semi,completed,2188980.24
105.2,3.0,2,0,1,1,1,Port Said,West,El Zohour,1st,Yes,completed,2390634.92
386.2,3.0,2,0,1,1,1,Giza,West Giza,6th of October,3rd,Yes,under_construction,9453566.97
107.8,4.0,3,0,1,1,1,Suez,North,Faisal,1st,No,completed,1422647.4
87.4,,5,1,1,0,1,Suez,North,Faisal,1st,No,under_construction,793384.67
125.0,,2,1,1,0,1,Cairo,New Cairo,First Settlement,1st,Semi,completed,4950194.6
167.0,1.0,1,0,1,1,1,Cairo,New Cairo,Heliopolis,2nd,No,off_plan,3915526.41
140.8,5.0,4,0,1,1,1,Luxor,East Bank,El Karnak,1st,Semi,completed,2219451.34
165.5,2.0,1,0,1,1,1,Alexandria,West,Borg El Arab,1st,Semi,completed,2887988.56
65.2,1.0,1,0,1,1,1,Cairo,New Cairo,Fifth Settlement,3rd,No,completed,3774373.07
69.8,2.0,2,0,1,1,1,Alexandria,West,Agami,1st,Yes,under_construction,1474836.81
116.8,2.0,1,0,1,1,1,Alexandria,West,Agami,1st,Yes,completed,2984511.71
139.1,3.0,2,0,1,1,0,Cairo,Old Cairo,Maadi,2nd,No,under_construction,4763118.97
214.0,4.0,3,0,0,0,1,Luxor,West Bank,El Gezira,1st,No,completed,2707844.34
254.5,5.0,5,0,1,1,1,Aswan,Central,El Shallal,1st,No,off_plan,2789660.23
122.4,2.0,1,0,1,1,1,Tanta,Central,El Geish,1st,No,completed,1915450.15
150.3,2.0,2,0,1,1,1,Alexandria,East,Sidi Gaber,2nd,Yes,under_construction,3554630.25
106.4,2.0,2,0,0,0,1,Aswan,Central,El Sad El Ali,2nd,No,off_plan,1093694.65
156.0,3.0,3,0,0,1,1,Ismailia,Central,El Afrang,1st,Yes,completed,2814988.86
234.2,3.0,3,0,1,1,1,Suez,South,El Suez District,2nd,Yes,completed,4039191.24
105.8,,1,1,1,1,1,Cairo,Old Cairo,Maadi,2nd,No,under_construction,3156735.07
235.2,4.0,3,0,1,1,1,Cairo,Old Cairo,Downtown,1st,Yes,under_construction,6363564.71
162.5,2.0,2,0,0,1,0,Giza,New Giza,New Giza,2nd,Semi,completed,10370300.48
126.1,4.0,3,0,0,1,1,Tanta,Central,El Geish,2nd,No,under_construction,1436652.3
170.9,,2,1,1,1,1,Luxor,West Bank,El Gezira,1st,No,completed,2429208.16
121.5,2.0,1,0,1,1,1,Cairo,New Cairo,Rehab,2nd,No,completed,5031273.72
162.6,3.0,2,0,1,0,1,Aswan,Central,El Sad El Ali,1st,Semi,off_plan,1782615.42
204.8,3.0,3,0,1,1,1,Giza,New Giza,New Giza,1st,Semi,under_construction,9606288.46
161.0,3.0,2,0,1,0,1,Cairo,Old Cairo,Maadi,1st,No,completed,6390256.51
137.7,2.0,2,0,1,0,1,Alexandria,East,Smouha,3rd,Yes,completed,4224195.59
130.8,2.0,1,0,0,1,1,Mansoura,Central,El Mashaya,1st,No,completed,2538649.62
100.1,2.0,1,0,1,1,1,Suez,North,El Arbaien,1st,No,completed,1504500.08
90.1,3.0,2,0,1,1,1,Cairo,Old Cairo,Downtown,1st,No,off_plan,2012113.94
148.2,5.0,4,0,1,0,1,Cairo,New Cairo,Heliopolis,2nd,Semi,completed,6093672.35
169.9,2.0,1,0,1,1,1,Ismailia,Central,El Sheikh Zayed,1st,Yes,off_plan,2760942.04
127.0,3.0,2,0,1,1,1,Ismailia,Central,El Afrang,1st,Semi,under_construction,1613256.9
144.3,2.0,1,0,1,1,1,Giza,West Giza,Haram,1st,No,completed,3107104.9
120.5,2.0,2,0,1,0,1,Suez,South,El Suez District,2nd,No,completed,2003288.36
159.5,2.0,2,0,1,1,1,Tanta,Central,El Geish,2nd,Semi,under_construction,1944072.31
98.3,2.0,1,0,1,0,1,Giza,West Giza,Haram,1st,No,completed,2141563.49
137.2,1.0,1,0,1,1,1,Luxor,East Bank,El Karnak,2nd,Semi,completed,1645120.12
116.3,4.0,4,0,1,0,1,Ismailia,Central,El Afrang,1st,No,completed,1836515.38
113.3,3.0,2,0,1,1,1,Cairo,Old Cairo,Downtown,2nd,No,completed,3521379.02
114.6,,2,1,1,1,1,Suez,South,El Suez District,2nd,Yes,completed,2160024.64
140.2,,2,1,1,0,1,Cairo,New Cairo,Nasr City,1st,Semi,under_construction,3646769.44
113.8,4.0,4,0,0,1,1,Cairo,Old Cairo,Maadi,2nd,No,under_construction,3785428.3
136.7,4.0,3,0,1,1,1,Cairo,New Cairo,Fifth Settlement,1st,No,completed,7891177.04
118.0,2.0,1,0,1,1,1,Port Said,East,El Shark,2nd,Yes,completed,2270084.0
93.2,2.0,1,0,1,0,1,Giza,West Giza,Haram,1st,Yes,completed,2359537.9
87.7,3.0,3,0,1,0,1,Alexandria,East,Smouha,1st,Yes,off_plan,1855963.55
97.4,5.0,4,0,1,0,1,Cairo,New Cairo,Fifth Settlement,1st,Semi,completed,5276951.21
106.3,,2,1,1,0,1,Cairo,Old Cairo,Maadi,2nd,No,under_construction,3368264.23
137.0,4.0,3,0,1,1,1,Cairo,New Cairo,Fifth Settlement,3rd,Semi,off_plan,5799247.63
135.8,3.0,3,0,1,0,1,Tanta,Central,El Geish,2nd,No,under_construction,1934863.07
95.6,3.0,3,0,1,1,1,Cairo,New Cairo,Fifth Settlement,3rd,No,completed,5130764.74
198.4,3.0,3,0,1,1,1,Giza,New Giza,New Giza,2nd,Semi,completed,12838964.05
68.3,5.0,5,0,1,1,1,Giza,New Giza,New Giza,2nd,Yes,completed,4622824.42
108.9,3.0,2,0,1,1,1,Port Said,East,El Manakh,2nd,No,completed,1781206.23
165.6,3.0,3,0,1,1,1,Cairo,New Cairo,Heliopolis,2nd,No,completed,5373066.19
41.5,,2,1,1,1,0,Giza,New Giza,New Giza,1st,Yes,completed,2595232.4
140.7,1.0,1,0,1,1,1,Giza,West Giza,Sheikh Zayed,1st,Yes,completed,6308798.2
152.8,3.0,2,0,1,1,1,Suez,North,El Arbaien,1st,Semi,completed,2670826.57
135.5,4.0,4,0,1,0,1,Luxor,West Bank,El Gezira,1st,Yes,completed,2112408.4
113.8,5.0,4,0,1,0,1,Port Said,East,El Shark,2nd,Yes,completed,2354145.46
70.6,2.0,2,0,1,0,0,Cairo,Old Cairo,Maadi,1st,Yes,completed,2718531.41
129.5,3.0,2,0,0,0,1,Giza,West Giza,6th of October,1st,Semi,under_construction,3820050.24
84.6,4.0,3,0,1,0,1,Aswan,Central,El Shallal,1st,Yes,under_construction,1110889.49
102.6,5.0,5,0,0,0,1,Mansoura,Central,Toriel,1st,Semi,completed,1783497.34
199.9,2.0,1,0,1,1,0,Giza,West Giza,Haram,1st,No,under_construction,2695833.86
159.5,4.0,4,0,1,0,1,Cairo,Old Cairo,Zamalek,1st,No,completed,10663685.7
169.7,2.0,2,0,1,1,1,Cairo,New Cairo,Rehab,1st,No,completed,6702735.47
106.9,3.0,3,0,1,0,0,Port Said,West,El Zohour,1st,Semi,completed,2182392.43
164.5,4.0,4,0,1,1,1,Mansoura,Central,Toriel,1st,No,completed,2572516.25
110.6,2.0,2,0,0,1,1,Cairo,Old Cairo,Downtown,2nd,Semi,completed,3353595.17
145.1,2.0,1,0,1,0,1,Cairo,Old Cairo,Downtown,1st,Yes,under_construction,4197485.32
106.6,1.0,1,0,1,1,1,Cairo,Old Cairo,Maadi,1st,No,completed,3833519.49
139.3,3.0,3,0,1,1,1,Mansoura,Central,Toriel,1st,No,off_plan,1394853.18
87.0,2.0,1,0,1,0,0,Cairo,Old Cairo,Maadi,3rd,Yes,under_construction,2774327.42
95.2,2.0,1,0,0,1,1,Mansoura,Central,Toriel,1st,No,completed,1486573.0
131.3,3.0,2,0,1,0,0,Mansoura,Central,El Mashaya,2nd,No,completed,2520137.27
160.4,2.0,2,0,1,0,1,Luxor,West Bank,El Gezira,1st,No,completed,2072825.9
124.7,4.0,4,0,1,1,1,Port Said,West,El Zohour,1st,Semi,completed,2522303.07
146.4,1.0,1,0,0,1,1,Alexandria,West,Borg El Arab,2nd,No,off_plan,2127577.48
130.1,,1,1,1,1,1,Alexandria,East,Smouha,1st,No,completed,4150497.74
85.0,3.0,3,0,1,1,1,Giza,West Giza,Dokki,1st,No,completed,2775591.81
101.1,2.0,1,0,1,0,1,Tanta,Central,Saeed,1st,No,completed,1430488.68
123.7,4.0,3,0,1,1,1,Alexandria,East,Smouha,1st,No,completed,3221522.74
213.5,4.0,3,0,1,1,1,Giza,West Giza,6th of October,1st,Semi,completed,7009338.69
183.5,,3,1,1,1,1,Cairo,Old Cairo,Zamalek,2nd,Semi,under_construction,8795133.61
203.3,3.0,3,0,1,1,1,Cairo,New Cairo,First Settlement,2nd,Semi,under_construction,6125838.76
129.2,4.0,3,0,1,1,1,Giza,West Giza,Sheikh Zayed,1st,No,completed,6399533.47
116.8,2.0,1,0,1,1,1,Aswan,Central,El Shallal,1st,No,completed,1418450.5
89.1,3.0,3,0,1,1,1,Aswan,Central,El Sad El Ali,2nd,Yes,completed,1644795.69
137.2,1.0,1,0,1,0,1,Giza,West Giza,Dokki,2nd,Semi,under_construction,2928315.8
297.5,3.0,3,0,1,1,1,Alexandria,West,Borg El Arab,1st,No,under_construction,3973375.41
88.7,4.0,4,0,1,1,1,Alexandria,West,Agami,2nd,Semi,completed,1995689.45
91.3,2.0,1,0,0,1,1,Cairo,New Cairo,Rehab,3rd,No,completed,3648407.78
60.9,3.0,2,0,0,1,1,Giza,West Giza,Sheikh Zayed,1st,No,completed,3213217.98
88.9,3.0,3,0,1,1,1,Giza,West Giza,6th of October,1st,No,completed,2938621.79
158.9,2.0,1,0,1,1,1,Giza,New Giza,New Giza,2nd,No,off_plan,6191696.46
126.4,4.0,4,0,1,1,1,Giza,West Giza,Mohandessin,2nd,Yes,completed,5234303.56
167.8,3.0,2,0,1,1,1,Giza,New Giza,New Giza,1st,Semi,under_construction,7743261.17
230.9,,2,1,1,1,1,Suez,North,Faisal,1st,No,completed,3400327.55
179.3,2.0,1,0,1,0,1,Cairo,Old Cairo,Downtown,1st,Yes,off_plan,4730216.08
223.6,2.0,2,0,1,0,1,Alexandria,East,Sidi Gaber,1st,No,completed,5325573.58
163.6,3.0,3,0,1,1,1,Alexandria,West,Borg El Arab,2nd,Semi,under_construction,2248762.58
80.2,3.0,3,0,1,0,1,Giza,West Giza,Dokki,2nd,No,under_construction,2029921.36
254.2,2.0,1,0,1,1,1,Ismailia,Central,El Sheikh Zayed,1st,No,completed,3866570.59
84.2,2.0,2,0,1,1,1,Mansoura,Central,Toriel,1st,Semi,completed,1393352.31
150.4,3.0,2,0,0,0,1,Ismailia,Central,El Sheikh Zayed,2nd,Yes,completed,3080329.38
138.1,2.0,1,0,1,1,1,Suez,South,El Suez District,2nd,No,completed,1872426.1
118.6,5.0,4,0,1,1,1,Cairo,New Cairo,Fifth Settlement,1st,No,under_construction,4665581.21
116.6,2.0,1,0,1,0,1,Ismailia,Central,El Sheikh Zayed,1st,Semi,under_construction,1705274.88
137.6,4.0,4,0,1,1,1,Luxor,East Bank,El Karnak,1st,No,completed,1559017.97
112.3,3.0,2,0,1,1,1,Giza,New Giza,New Giza,2nd,Semi,completed,7579526.82
109.1,2.0,2,0,1,1,1,Giza,West Giza,6th of October,3rd,No,under_construction,2643147.81
109.6,3.0,2,0,1,1,1,Giza,West Giza,Sheikh Zayed,2nd,Semi,completed,6067850.33
133.7,4.0,3,0,1,0,1,Giza,New Giza,New Giza,2nd,No,completed,8165473.05
147.7,3.0,2,0,1,1,1,Alexandria,East,Smouha,2nd,No,completed,4205617.79
136.6,3.0,3,0,0,1,1,Alexandria,West,Agami,1st,Yes,under_construction,2300779.02
202.5,2.0,2,0,1,1,1,Giza,New Giza,New Giza,2nd,Semi,completed,11650988.52
71.1,1.0,1,0,1,1,1,Cairo,Old Cairo,Downtown,2nd,No,completed,2116308.48
218.0,2.0,2,0,1,1,1,Cairo,Old Cairo,Zamalek,1st,No,completed,12973824.12
271.0,4.0,3,0,1,1,1,Luxor,West Bank,El Gezira,1st,Semi,completed,3359597.35
181.4,3.0,3,0,1,1,1,Giza,West Giza,Dokki,1st,No,under_construction,3835705.93
58.6,3.0,2,0,1,1,1,Alexandria,East,Sidi Bishr,2nd,Yes,under_construction,1158299.17
159.0,3.0,2,0,1,0,1,Luxor,West Bank,El Gezira,1st,Yes,under_construction,1986642.5
83.3,3.0,2,0,1,1,1,Alexandria,East,Sidi Bishr,1st,No,completed,1842775.51
148.1,4.0,3,0,1,0,1,Mansoura,Central,El Mashaya,2nd,No,completed,2417556.18
128.2,2.0,1,0,1,1,1,Ismailia,Central,El Afrang,1st,No,completed,1943363.38
135.3,2.0,1,0,1,1,1,Mansoura,Central,Toriel,1st,Yes,completed,2195329.53
74.8,2.0,2,0,0,1,1,Aswan,Central,El Shallal,1st,No,under_construction,830101.19
108.0,3.0,2,0,0,0,1,Giza,West Giza,6th of October,2nd,Semi,completed,3516074.7
276.4,2.0,2,0,1,0,1,Cairo,New Cairo,Fifth Settlement,3rd,No,completed,13887484.24
130.2,2.0,1,0,1,0,1,Mansoura,Central,El Mashaya,1st,Semi,under_construction,1881356.6
116.1,1.0,1,0,1,0,1,Cairo,New Cairo,Rehab,3rd,No,completed,5244995.9
103.9,2.0,2,0,1,1,1,Cairo,Old Cairo,Downtown,1st,No,completed,3366341.67
110.1,3.0,2,0,1,1,1,Giza,West Giza,Haram,1st,Yes,completed,2555980.22
96.5,4.0,3,0,1,1,1,Cairo,Old Cairo,Maadi,3rd,Semi,off_plan,2779772.57
59.9,5.0,5,0,1,0,1,Alexandria,East,Smouha,2nd,Semi,completed,1891158.91
125.6,3.0,2,0,0,1,1,Cairo,Old Cairo,Maadi,3rd,No,completed,4927117.45
208.1,3.0,2,0,0,1,1,Luxor,East Bank,El Karnak,2nd,Yes,completed,2220243.91
105.4,3.0,2,0,1,1,1,Alexandria,West,Borg El Arab,1st,No,completed,1742935.49
192.4,2.0,1,0,1,1,1,Aswan,Central,El Sad El Ali,2nd,No,under_construction,2342344.55
207.2,2.0,1,0,1,1,1,Cairo,Old Cairo,Downtown,1st,No,under_construction,5409752.27
110.6,5.0,5,0,1,1,1,Cairo,Old Cairo,Downtown,2nd,Semi,completed,3646309.59
220.0,2.0,1,0,1,1,1,Ismailia,Central,El Afrang,1st,No,completed,3122811.6
96.5,3.0,3,0,1,1,1,Tanta,Central,Saeed,1st,No,off_plan,942302.12
79.9,4.0,4,0,1,1,1,Cairo,New Cairo,First Settlement,2nd,Yes,under_construction,3508867.72
91.4,5.0,4,0,1,0,1,Cairo,Old Cairo,Downtown,1st,No,completed,3392504.04
211.0,,3,1,1,1,1,Giza,New Giza,New Giza,1st,No,completed,10446077.13
122.1,1.0,1,0,0,0,1,Cairo,Old Cairo,Downtown,1st,Yes,under_construction,4039384.78
122.9,1.0,1,0,1,1,1,Tanta,Central,El Geish,2nd,No,completed,2097973.72
157.3,4.0,3,0,1,1,1,Giza,West Giza,6th of October,1st,Semi,completed,5938808.66
157.7,2.0,2,0,1,0,1,Cairo,New Cairo,Heliopolis,1st,No,completed,5742958.85
210.6,2.0,2,0,1,0,1,Port Said,East,El Shark,1st,No,completed,3601374.21
107.4,4.0,3,0,1,0,1,Cairo,Old Cairo,Zamalek,2nd,No,completed,7425015.16
147.1,2.0,2,0,1,0,1,Mansoura,Central,Toriel,1st,No,completed,2318788.65
160.6,3.0,3,0,1,1,1,Cairo,Old Cairo,Maadi,1st,No,under_construction,3917884.81
81.6,2.0,1,0,1,0,1,Tanta,Central,Saeed,1st,No,completed,1272551.09
93.6,4.0,3,0,1,1,0,Cairo,Old Cairo,Zamalek,2nd,Yes,under_construction,5375252.6
179.4,3.0,2,0,1,1,1,Cairo,Old Cairo,Zamalek,1st,Yes,completed,11191734.56
144.3,4.0,4,0,1,1,1,Giza,West Giza,6th of October,1st,No,off_plan,3354620.8
160.0,2.0,2,0,1,1,1,Tanta,Central,Saeed,1st,No,under_construction,1839149.97
94.1,3.0,2,0,1,0,1,Cairo,Old Cairo,Maadi,3rd,No,completed,3493825.42
90.6,4.0,4,0,1,1,1,Cairo,Old Cairo,Zamalek,2nd,No,completed,4978623.43
102.8,4.0,3,0,1,1,0,Giza,New Giza,New Giza,2nd,Semi,under_construction,5447237.2
182.7,3.0,3,0,1,0,1,Suez,South,El Suez District,2nd,Yes,under_construction,1988747.2
82.1,,2,1,1,0,1,Cairo,Old Cairo,Downtown,1st,Semi,off_plan,2313516.72
63.1,4.0,3,0,1,0,1,Alexandria,East,Smouha,3rd,No,completed,1827850.86
120.0,2.0,2,0,1,1,1,Mansoura,Central,El Mashaya,2nd,No,completed,1653260.48
130.3,4.0,4,0,1,1,1,Cairo,Old Cairo,Zamalek,2nd,Semi,completed,9627684.93
73.1,,2,1,1,1,1,Mansoura,Central,El Mashaya,1st,No,completed,1290437.77
114.2,3.0,2,0,1,0,1,Giza,New Giza,New Giza,1st,Semi,completed,7275631.26
152.8,3.0,2,0,1,0,1,Giza,West Giza,6th of October,3rd,Yes,under_construction,4559468.72
51.4,2.0,2,0,1,1,1,Giza,New Giza,New Giza,1st,No,completed,2876197.38
89.0,3.0,2,0,1,1,1,Mansoura,Central,Toriel,1st,Yes,completed,1401859.72
94.2,3.0,3,0,1,1,1,Cairo,New Cairo,Madinaty,4th,Yes,off_plan,3507171.81
178.8,,3,1,0,0,1,Alexandria,West,Agami,1st,No,completed,4084457.29
125.1,3.0,2,0,1,0,1,Giza,New Giza,New Giza,1st,Yes,completed,9230316.21
56.8,3.0,3,0,1,1,1,Luxor,East Bank,El Karnak,1st,No,completed,742946.51
65.4,4.0,3,0,1,1,1,Cairo,New Cairo,Nasr City,3rd,Yes,off_plan,1613926.13
115.6,3.0,3,0,1,1,1,Giza,New Giza,New Giza,1st,No,completed,6808710.73
141.6,3.0,3,0,1,1,1,Giza,West Giza,Sheikh Zayed,1st,No,completed,6332555.59
217.8,2.0,2,0,1,1,1,Giza,West Giza,6th of October,3rd,Semi,completed,7438227.09
97.6,2.0,1,0,1,0,1,Cairo,Old Cairo,Downtown,2nd,No,completed,3021794.61
100.6,3.0,3,0,0,1,1,Alexandria,West,Borg El Arab,2nd,No,completed,1992430.84
199.6,1.0,1,0,1,1,1,Mansoura,Central,Toriel,1st,No,completed,2974562.3
123.1,4.0,4,0,1,1,1,Giza,New Giza,New Giza,1st,No,under_construction,7285495.84
119.9,3.0,3,0,1,1,1,Cairo,Old Cairo,Maadi,2nd,No,under_construction,4152877.89
116.2,2.0,1,0,1,1,1,Suez,South,El Suez District,1st,No,completed,1937458.91
126.5,4.0,4,0,1,1,1,Cairo,New Cairo,Nasr City,2nd,Yes,completed,4111068.98
124.7,4.0,4,0,1,0,1,Aswan,Central,El Sad El Ali,1st,No,under_construction,1768832.27
96.7,4.0,3,0,1,1,1,Ismailia,Central,El Afrang,1st,Yes,completed,1621167.87
106.6,2.0,1,0,0,1,1,Cairo,New Cairo,First Settlement,2nd,No,off_plan,3075147.01
151.7,2.0,2,0,1,1,1,Giza,New Giza,New Giza,1st,No,completed,9356330.64
74.7,3.0,2,0,1,0,1,Cairo,New Cairo,Heliopolis,1st,Yes,completed,3077836.15
67.7,2.0,1,0,1,1,1,Alexandria,West,Borg El Arab,2nd,Yes,completed,1425368.06
158.1,4.0,3,0,1,0,1,Cairo,Old Cairo,Downtown,2nd,No,completed,5208839.62
94.0,3.0,2,0,1,0,1,Cairo,New Cairo,Rehab,3rd,No,completed,4307649.29
173.0,3.0,3,0,1,1,1,Giza,West Giza,Sheikh Zayed,2nd,Yes,off_plan,7140503.77
180.6,2.0,1,0,0,1,1,Cairo,New Cairo,Madinaty,4th,No,completed,8169802.57
141.4,4.0,4,0,0,0,1,Cairo,Old Cairo,Downtown,2nd,Semi,completed,4669663.18
110.4,2.0,1,0,1,0,1,Ismailia,Central,El Afrang,1st,Semi,completed,1777842.36
175.2,1.0,1,0,1,1,1,Luxor,West Bank,El Gezira,1st,No,under_construction,1884715.21
183.9,4.0,3,0,1,1,1,Mansoura,Central,Toriel,1st,No,completed,3013655.53
65.9,3.0,2,0,1,0,1,Alexandria,East,Smouha,3rd,Yes,completed,2045663.51
113.5,5.0,5,0,1,0,1,Luxor,East Bank,El Karnak,2nd,Yes,completed,1724125.42
93.6,3.0,3,0,1,0,1,Alexandria,West,Agami,2nd,Semi,under_construction,1327930.02
185.5,2.0,2,0,1,1,1,Alexandria,East,Sidi Gaber,2nd,No,under_construction,3447727.39
97.9,,3,1,1,0,1,Cairo,Old Cairo,Downtown,2nd,No,completed,3187604.86
133.7,1.0,1,0,1,1,1,Port Said,East,El Manakh,1st,Semi,completed,1806156.83
186.6,1.0,1,0,1,1,1,Cairo,New Cairo,Rehab,3rd,No,completed,7156382.5
115.2,4.0,3,0,0,1,1,Giza,New Giza,New Giza,2nd,No,completed,6386748.1
135.3,2.0,1,0,1,0,1,Alexandria,West,Borg El Arab,1st,Semi,off_plan,1714055.7
190.2,5.0,4,0,0,0,1,Cairo,New Cairo,First Settlement,3rd,No,completed,8386524.97
133.3,2.0,1,0,0,1,1,Giza,West Giza,Mohandessin,2nd,Yes,completed,5139753.81
132.6,3.0,2,0,1,1,1,Alexandria,East,Sidi Bishr,1st,No,completed,2972185.66
129.1,2.0,1,0,1,1,1,Giza,West Giza,Sheikh Zayed,3rd,No,completed,7123062.84
112.0,2.0,1,0,1,1,1,Cairo,New Cairo,First Settlement,3rd,No,under_construction,3676860.23
94.5,2.0,1,0,0,1,1,Giza,New Giza,New Giza,1st,No,completed,5528004.02
118.5,4.0,3,0,1,1,1,Cairo,New Cairo,Nasr City,4th,Semi,completed,3453869.0
129.6,1.0,1,0,1,1,1,Luxor,East Bank,El Awameya,1st,Yes,under_construction,1418814.74
108.9,2.0,2,0,1,1,1,Giza,New Giza,New Giza,1st,No,completed,6083398.19
99.3,1.0,1,0,1,1,1,Ismailia,Central,El Sheikh Zayed,2nd,Yes,completed,1841220.53
192.6,3.0,2,0,1,1,1,Cairo,New Cairo,Rehab,2nd,No,under_construction,7873072.81
170.1,2.0,1,0,1,1,1,Cairo,Old Cairo,Maadi,1st,No,completed,5011027.29
73.3,3.0,3,0,1,0,1,Aswan,Central,El Shallal,1st,Semi,off_plan,762774.96
94.3,1.0,1,0,0,0,1,Alexandria,West,Borg El Arab,2nd,Semi,under_construction,1583280.84
158.4,5.0,4,0,1,0,1,Port Said,East,El Manakh,1st,No,completed,2515423.42
137.0,4.0,4,0,1,1,1,Giza,New Giza,New Giza,2nd,No,completed,7054152.77
145.3,1.0,1,0,1,1,1,Alexandria,West,Agami,1st,No,completed,2397387.55
91.8,2.0,1,0,1,0,1,Suez,South,El Suez District,1st,No,completed,1198362.53
127.0,3.0,3,0,1,0,1,Cairo,New Cairo,Nasr City,3rd,No,completed,3742016.53
135.8,3.0,2,0,0,1,1,Giza,West Giza,Dokki,2nd,No,completed,3736389.05
203.5,3.0,2,0,1,1,1,Aswan,Central,El Shallal,1st,Semi,completed,2545498.6
163.2,3.0,2,0,1,1,1,Cairo,New Cairo,First Settlement,2nd,No,completed,5623234.9
161.4,3.0,2,0,1,1,1,Giza,New Giza,New Giza,1st,No,under_construction,7507206.96
129.6,1.0,1,0,1,1,0,Giza,West Giza,Haram,3rd,No,off_plan,1734071.72
203.8,3.0,2,0,0,0,1,Cairo,New Cairo,First Settlement,1st,Yes,completed,8281660.27
106.9,1.0,1,0,1,1,1,Port Said,East,El Manakh,2nd,Semi,completed,1502799.41
216.9,2.0,2,0,0,1,1,Tanta,Central,El Geish,2nd,Yes,completed,3599549.62
127.6,3.0,2,0,1,1,0,Luxor,East Bank,El Awameya,1st,Semi,off_plan,1152481.44
178.9,3.0,2,0,1,1,1,Aswan,Central,El Sad El Ali,1st,No,completed,2756072.53
141.5,2.0,1,0,0,1,1,Luxor,East Bank,El Karnak,1st,No,completed,1840057.19
151.5,3.0,3,0,1,0,1,Giza,New Giza,New Giza,2nd,Yes,completed,8846658.69
90.9,1.0,1,0,1,1,1,Tanta,Central,Saeed,1st,No,completed,1079029.48
123.5,4.0,3,0,1,0,1,Cairo,Old Cairo,Downtown,2nd,No,completed,4175293.95
165.5,3.0,2,0,1,1,1,Cairo,New Cairo,First Settlement,2nd,No,under_construction,5420170.56
163.4,3.0,2,0,0,1,1,Alexandria,East,Sidi Bishr,2nd,No,completed,3215042.33
71.0,2.0,1,0,1,1,1,Suez,North,Faisal,1st,No,completed,1035698.28
151.9,4.0,3,0,1,1,1,Giza,New Giza,New Giza,2nd,No,completed,8064095.28
99.1,3.0,2,0,0,1,1,Giza,New Giza,New Giza,1st,Yes,completed,6228007.96
201.1,3.0,3,0,1,1,1,Suez,South,El Suez District,1st,No,under_construction,2660244.82
148.0,3.0,3,0,1,0,1,Tanta,Central,El Geish,2nd,No,under_construction,1975681.52
156.2,2.0,2,0,1,1,1,Cairo,Old Cairo,Zamalek,1st,No,completed,9612487.8
91.2,2.0,1,0,0,1,1,Alexandria,East,Sidi Bishr,2nd,Semi,completed,1909140.18
204.0,3.0,3,0,1,0,1,Tanta,Central,El Geish,1st,Semi,completed,3326831.83
71.0,,2,1,1,1,0,Cairo,New Cairo,Heliopolis,2nd,Yes,completed,2795202.67
95.2,4.0,3,0,0,0,1,Giza,West Giza,Mohandessin,2nd,Yes,off_plan,2410708.81
303.9,,2,1,1,1,1,Alexandria,East,Sidi Bishr,2nd,No,under_construction,5304038.41
92.6,3.0,3,0,0,1,1,Giza,West Giza,6th of October,1st,No,under_construction,2219358.28
156.1,3.0,2,0,1,1,1,Alexandria,East,Smouha,2nd,Semi,completed,4814740.11
145.8,3.0,3,0,0,0,1,Alexandria,East,Sidi Gaber,2nd,No,completed,3133987.89
126.0,2.0,1,0,1,0,1,Giza,New Giza,New Giza,1st,No,under_construction,5421332.86
103.6,,2,1,1,0,1,Cairo,Old Cairo,Downtown,2nd,Yes,completed,3559782.63
121.0,2.0,2,0,1,0,1,Suez,North,Faisal,1st,No,completed,1551706.39
106.8,4.0,4,0,1,1,1,Alexandria,East,Sidi Gaber,1st,No,under_construction,2025115.54
121.2,3.0,2,0,1,1,1,Cairo,Old Cairo,Downtown,1st,Yes,completed,4160994.39
79.8,2.0,1,0,0,0,1,Cairo,Old Cairo,Downtown,2nd,No,completed,2719651.06
101.6,2.0,1,0,1,0,1,Tanta,Central,Saeed,1st,Semi,completed,1463146.32
133.0,2.0,1,0,1,1,1,Mansoura,Central,El Mashaya,2nd,No,under_construction,2065055.93
187.0,3.0,2,0,1,1,1,Aswan,Central,El Shallal,1st,Yes,completed,3045138.74
128.0,4.0,3,0,1,1,1,Alexandria,East,Sidi Gaber,1st,No,under_construction,2999161.13
173.7,3.0,2,0,1,0,1,Giza,West Giza,Dokki,2nd,Yes,under_construction,5035269.41
121.3,,3,1,1,1,1,Luxor,West Bank,El Gezira,1st,Yes,completed,1653087.64
125.6,4.0,4,0,1,1,1,Cairo,Old Cairo,Zamalek,1st,Semi,under_construction,7400905.72
109.7,5.0,4,0,1,0,1,Tanta,Central,Saeed,1st,Yes,under_construction,1251088.86
92.4,5.0,5,0,1,1,1,Tanta,Central,Saeed,1st,No,under_construction,972154.52
74.6,3.0,3,0,1,1,1,Mansoura,Central,Toriel,1st,Semi,under_construction,908475.18
102.7,3.0,2,0,1,1,1,Giza,New Giza,New Giza,1st,Yes,completed,6319551.42
133.0,2.0,1,0,1,1,1,Cairo,New Cairo,Nasr City,2nd,No,completed,3933388.27
94.7,3.0,2,0,0,1,1,Giza,New Giza,New Giza,1st,Semi,under_construction,5169977.76
117.3,3.0,3,0,1,1,1,Tanta,Central,El Geish,1st,No,under_construction,1544884.8
70.9,5.0,4,0,1,0,1,Cairo,New Cairo,Heliopolis,2nd,No,off_plan,2041192.29
192.2,4.0,4,0,1,1,1,Alexandria,West,Agami,1st,No,completed,3953314.56
120.3,4.0,3,0,1,1,1,Giza,West Giza,Sheikh Zayed,1st,Yes,completed,5751421.58
67.2,1.0,1,0,1,1,1,Alexandria,West,Agami,2nd,No,under_construction,1259817.23
194.7,3.0,3,0,1,0,1,Cairo,Old Cairo,Maadi,1st,No,under_construction,6336035.59
63.9,3.0,3,0,0,1,1,Alexandria,East,Sidi Bishr,2nd,No,completed,1640512.17
177.4,5.0,4,0,1,0,1,Giza,New Giza,New Giza,2nd,Yes,under_construction,7980053.14
101.3,3.0,2,0,1,1,1,Cairo,New Cairo,Madinaty,4th,Yes,under_construction,4174587.65
124.6,1.0,1,0,1,0,1,Giza,New Giza,New Giza,1st,Semi,completed,6814194.87
88.6,2.0,1,0,0,1,1,Port Said,East,El Shark,1st,No,under_construction,1398455.19
163.7,3.0,2,0,1,0,1,Cairo,Old Cairo,Zamalek,1st,No,completed,10791650.53
237.6,3.0,3,0,1,1,1,Suez,South,El Suez District,1st,No,completed,3086751.84
94.1,,2,1,1,0,1,Ismailia,Central,El Sheikh Zayed,1st,Semi,completed,1784758.78
64.9,4.0,3,0,1,0,1,Cairo,Old Cairo,Maadi,1st,Semi,under_construction,2116902.74
179.7,3.0,3,0,1,1,1,Giza,West Giza,6th of October,2nd,Semi,under_construction,4339490.87
130.9,1.0,1,0,1,0,1,Giza,West Giza,Haram,1st,No,completed,2835993.1
127.3,4.0,3,0,1,1,1,Suez,South,El Suez District,1st,Yes,under_construction,1913844.61
157.1,2.0,1,0,1,1,1,Alexandria,West,Borg El Arab,1st,Yes,under_construction,2426006.44
122.3,4.0,3,0,1,1,1,Ismailia,Central,El Afrang,1st,No,under_construction,1685910.06
120.7,3.0,3,0,1,0,1,Tanta,Central,El Geish,2nd,Semi,completed,1911595.39
109.1,5.0,4,0,1,1,0,Cairo,New Cairo,Nasr City,3rd,Yes,completed,3651598.09
130.4,1.0,1,0,1,0,1,Cairo,Old Cairo,Maadi,3rd,Semi,off_plan,3338230.29
120.2,,2,1,1,1,1,Giza,New Giza,New Giza,1st,Yes,completed,8171974.83
122.9,2.0,1,0,1,1,1,Alexandria,West,Borg El Arab,1st,Semi,off_plan,1755510.26
156.2,3.0,3,0,1,1,1,Ismailia,Central,El Sheikh Zayed,2nd,Semi,completed,2631620.58
67.8,2.0,1,0,0,1,1,Cairo,New Cairo,First Settlement,3rd,No,off_plan,1910657.83
120.7,3.0,3,0,1,1,0,Port Said,East,El Manakh,1st,Semi,completed,1877845.88
240.2,,4,1,1,1,1,Cairo,New Cairo,Madinaty,4th,Semi,under_construction,8825367.01
157.2,2.0,1,0,1,1,1,Tanta,Central,El Geish,2nd,No,completed,2783454.17
98.2,2.0,1,0,1,1,1,Cairo,Old Cairo,Downtown,1st,No,completed,3221885.27
259.4,3.0,2,0,1,0,1,Giza,New Giza,New Giza,2nd,Yes,completed,15968653.71
138.8,3.0,2,0,1,1,1,Cairo,New Cairo,Madinaty,3rd,No,under_construction,5495347.35
178.5,4.0,3,0,1,1,1,Cairo,New Cairo,Madinaty,3rd,Yes,off_plan,6632123.01
222.8,,1,1,0,1,1,Ismailia,Central,El Sheikh Zayed,1st,Semi,off_plan,2820473.55
179.9,2.0,2,0,1,1,1,Cairo,Old Cairo,Downtown,1st,No,completed,4663344.96
149.5,3.0,2,0,1,1,1,Cairo,New Cairo,Fifth Settlement,3rd,Semi,under_construction,6589241.26
182.0,5.0,4,0,1,0,1,Giza,New Giza,New Giza,1st,No,completed,10497739.03
124.7,3.0,2,0,1,1,1,Luxor,East Bank,El Karnak,1st,Semi,under_construction,1375520.39
224.0,3.0,3,0,1,0,1,Giza,New Giza,New Giza,1st,Yes,under_construction,10972634.53
176.9,3.0,2,0,1,1,1,Cairo,Old Cairo,Downtown,1st,Semi,completed,6090655.08
166.7,1.0,1,0,0,1,1,Tanta,Central,El Geish,1st,No,under_construction,2028366.41
85.0,4.0,3,0,1,1,1,Cairo,New Cairo,Fifth Settlement,3rd,No,completed,4844938.55
103.1,4.0,3,0,0,1,1,Ismailia,Central,El Afrang,1st,No,under_construction,1359416.82
125.0,4.0,3,0,1,1,1,Aswan,Central,El Shallal,1st,Semi,completed,1804770.03
98.3,3.0,3,0,1,1,1,Giza,New Giza,New Giza,2nd,Yes,completed,7159148.6
79.4,4.0,3,0,1,1,0,Cairo,Old Cairo,Maadi,2nd,No,completed,2690774.51
131.4,2.0,2,0,1,1,1,Giza,New Giza,New Giza,1st,No,off_plan,5412151.33
164.0,2.0,1,0,1,1,1,Tanta,Central,Saeed,1st,No,completed,2321527.2
77.3,1.0,1,0,1,0,1,Suez,North,Faisal,1st,No,under_construction,730394.31
132.1,3.0,2,0,1,0,1,Mansoura,Central,Toriel,1st,Semi,under_construction,1655660.89
187.9,3.0,2,0,1,1,1,Suez,North,El Arbaien,1st,No,completed,3123273.97
230.0,3.0,3,0,1,1,1,Giza,West Giza,Sheikh Zayed,1st,Semi,completed,11310895.16
70.8,4.0,3,0,1,1,1,Luxor,East Bank,El Karnak,2nd,Yes,under_construction,820050.59
77.1,5.0,4,0,1,1,1,Giza,New Giza,New Giza,2nd,Semi,completed,4543393.68
169.8,4.0,3,0,1,1,1,Cairo,New Cairo,Heliopolis,1st,No,completed,4811952.48
141.4,3.0,2,0,0,0,1,Suez,North,El Arbaien,1st,Yes,under_construction,1963923.02
111.2,1.0,1,0,0,1,1,Cairo,Old Cairo,Downtown,1st,Yes,completed,3703304.85
77.4,2.0,1,0,1,1,1,Alexandria,West,Borg El Arab,1st,No,completed,1185331.8
103.9,1.0,1,0,1,1,1,Giza,West Giza,Mohandessin,1st,Yes,off_plan,2767762.23
103.4,3.0,3,0,1,1,1,Alexandria,West,Agami,1st,Semi,completed,1865492.69
130.8,3.0,2,0,1,1,1,Giza,New Giza,New Giza,1st,No,completed,5972476.52
142.9,1.0,1,0,1,0,1,Suez,North,Faisal,1st,No,under_construction,1698208.17
108.0,3.0,2,0,1,1,1,Alexandria,West,Borg El Arab,1st,Semi,under_construction,1671026.07
84.9,3.0,2,0,0,1,1,Cairo,Old Cairo,Downtown,2nd,No,completed,2805654.88
191.7,1.0,1,0,1,1,1,Luxor,West Bank,El Gezira,1st,No,completed,2616781.32
71.1,4.0,4,0,1,1,1,Cairo,New Cairo,Fifth Settlement,2nd,Semi,completed,3849099.18
128.7,2.0,2,0,0,1,0,Giza,West Giza,Dokki,2nd,No,completed,4124599.95
152.4,2.0,2,0,1,1,1,Aswan,Central,El Shallal,1st,Semi,completed,2052101.28
114.5,4.0,4,0,1,1,1,Cairo,Old Cairo,Downtown,2nd,Yes,off_plan,3150768.37
145.1,2.0,1,0,1,0,1,Giza,West Giza,6th of October,2nd,No,under_construction,3968859.89
198.9,4.0,3,0,1,1,1,Cairo,New Cairo,Madinaty,1st,No,completed,10248458.96
142.3,3.0,3,0,1,0,1,Suez,South,El Suez District,2nd,Yes,completed,2605293.49
163.9,2.0,2,0,1,0,1,Ismailia,Central,El Sheikh Zayed,1st,Yes,under_construction,2552573.0
85.6,3.0,2,0,1,1,1,Alexandria,West,Agami,2nd,No,completed,2067018.33
178.2,,3,1,1,1,1,Giza,New Giza,New Giza,1st,No,under_construction,7654867.53
189.1,2.0,1,0,1,0,1,Cairo,New Cairo,Heliopolis,2nd,Semi,off_plan,5074400.94
113.7,3.0,2,0,1,0,0,Port Said,East,El Manakh,1st,No,under_construction,1269045.71
95.6,3.0,2,0,0,1,1,Alexandria,West,Agami,2nd,Yes,under_construction,2022939.3
101.7,2.0,1,0,0,0,1,Luxor,West Bank,El Gezira,1st,No,completed,1444804.41
88.5,5.0,4,0,1,0,1,Cairo,Old Cairo,Downtown,1st,No,off_plan,2080672.0
115.5,4.0,4,0,1,1,1,Tanta,Central,El Geish,1st,Yes,completed,2221117.3
99.7,4.0,3,0,1,1,1,Ismailia,Central,El Afrang,1st,Semi,completed,1707338.76
160.8,3.0,3,0,1,1,1,Tanta,Central,Saeed,1st,No,completed,2266756.64
135.5,3.0,2,0,1,1,1,Luxor,East Bank,El Awameya,1st,Yes,completed,1694109.0
138.1,4.0,3,0,1,1,0,Cairo,Old Cairo,Maadi,3rd,No,completed,5329789.47
123.9,5.0,4,0,1,1,1,Alexandria,East,Smouha,1st,Yes,under_construction,3393573.28
93.8,2.0,1,0,1,1,1,Alexandria,East,Smouha,2nd,No,completed,2862616.2
80.7,3.0,2,0,1,1,1,Luxor,West Bank,El Gezira,1st,No,completed,1282396.27
138.3,,3,1,1,0,1,Cairo,Old Cairo,Downtown,1st,No,completed,4488009.07
51.4,4.0,3,0,1,0,1,Suez,North,Faisal,1st,No,under_construction,604728.46
148.6,5.0,4,0,0,0,0,Alexandria,West,Borg El Arab,1st,Semi,completed,2447640.49
97.0,2.0,2,0,1,1,1,Cairo,New Cairo,First Settlement,1st,No,completed,3532323.67
197.3,5.0,4,0,0,0,1,Cairo,Old Cairo,Zamalek,2nd,No,completed,13515926.19
130.0,2.0,2,0,1,1,1,Cairo,Old Cairo,Downtown,2nd,Yes,under_construction,3636713.22
107.5,2.0,1,0,1,1,1,Aswan,Central,El Sad El Ali,1st,Yes,completed,1909874.14
141.0,5.0,5,0,1,1,1,Port Said,West,El Zohour,2nd,No,completed,2425508.57
87.0,2.0,1,0,0,1,1,Cairo,New Cairo,Nasr City,4th,No,under_construction,2330356.42
114.6,3.0,2,0,1,1,1,Port Said,East,El Shark,2nd,Semi,completed,2197451.36
241.6,4.0,3,0,0,0,1,Aswan,Central,El Sad El Ali,1st,No,completed,3836485.32
116.8,5.0,5,0,1,1,1,Cairo,Old Cairo,Downtown,2nd,No,completed,3904582.66
96.4,2.0,2,0,1,1,0,Cairo,Old Cairo,Maadi,1st,No,completed,3764647.14
224.3,5.0,4,0,1,0,1,Cairo,New Cairo,Nasr City,3rd,No,completed,5824534.06
106.3,4.0,4,0,1,1,1,Giza,New Giza,New Giza,1st,No,completed,5775762.48
92.0,2.0,1,0,1,1,1,Cairo,Old Cairo,Maadi,2nd,Yes,off_plan,2798199.86
95.6,2.0,1,0,1,0,1,Cairo,Old Cairo,Downtown,2nd,No,under_construction,2820249.61
200.4,,1,1,1,1,1,Cairo,Old Cairo,Downtown,2nd,Yes,completed,6451849.34
95.0,4.0,4,0,1,1,1,Cairo,New Cairo,Heliopolis,2nd,Yes,completed,4389301.26
74.3,2.0,2,0,0,1,1,Ismailia,Central,El Sheikh Zayed,2nd,No,under_construction,1078352.31
150.3,3.0,2,0,1,0,1,Suez,South,El Suez District,2nd,No,under_construction,1920943.21
101.7,4.0,4,0,1,0,1,Alexandria,East,Smouha,1st,Semi,completed,3515782.16
67.2,3.0,2,0,1,1,1,Cairo,Old Cairo,Downtown,1st,No,completed,2000629.56
102.3,3.0,2,0,0,1,1,Cairo,Old Cairo,Zamalek,2nd,Semi,completed,7843246.97
175.4,3.0,2,0,1,1,1,Alexandria,East,Sidi Bishr,1st,Yes,completed,4114268.58
188.1,3.0,2,0,1,1,1,Port Said,East,El Shark,1st,Yes,completed,3796858.6
149.7,2.0,1,0,1,1,1,Cairo,Old Cairo,Maadi,3rd,No,completed,5179631.25
108.7,3.0,2,0,1,1,1,Luxor,West Bank,El Gezira,1st,No,under_construction,1210994.9
132.9,1.0,1,0,1,1,1,Giza,West Giza,Mohandessin,1st,No,completed,3998090.13
87.1,2.0,1,0,1,0,1,Mansoura,Central,Toriel,1st,Yes,completed,1258307.11
169.0,2.0,2,0,1,1,1,Alexandria,West,Agami,1st,No,under_construction,3085203.42
125.3,3.0,3,0,1,1,1,Port Said,West,El Zohour,2nd,Semi,off_plan,1836390.94
168.9,5.0,5,0,1,1,1,Cairo,Old Cairo,Zamalek,1st,Semi,completed,11789012.04
78.5,5.0,5,0,1,1,1,Cairo,Old Cairo,Zamalek,1st,No,completed,5527761.83
89.7,5.0,5,0,1,1,1,Giza,New Giza,New Giza,1st,Yes,under_construction,5200967.18
92.2,4.0,3,0,1,1,1,Alexandria,East,Sidi Bishr,2nd,Yes,completed,2278505.38
96.6,2.0,1,0,1,1,1,Tanta,Central,Saeed,1st,No,completed,1253523.17
102.2,5.0,5,0,1,1,1,Alexandria,West,Borg El Arab,1st,Semi,under_construction,1617339.63
142.1,3.0,3,0,1,1,1,Alexandria,West,Borg El Arab,1st,Yes,completed,2711623.41
97.9,3.0,3,0,1,1,1,Port Said,East,El Manakh,2nd,No,completed,1608482.07
223.5,3.0,2,0,1,1,1,Alexandria,West,Borg El Arab,2nd,Yes,under_construction,2945455.4
105.6,5.0,4,0,0,0,1,Cairo,New Cairo,First Settlement,1st,No,completed,3486978.17
122.6,4.0,3,0,1,1,1,Giza,New Giza,New Giza,1st,No,completed,6295357.57
146.2,4.0,4,0,1,1,1,Alexandria,West,Agami,2nd,No,completed,2908798.04
107.0,5.0,5,0,1,1,1,Alexandria,West,Agami,2nd,Yes,completed,2508390.85
151.9,3.0,2,0,1,1,1,Mansoura,Central,El Mashaya,2nd,No,under_construction,2046894.67
112.3,4.0,3,0,1,1,1,Cairo,Old Cairo,Downtown,2nd,Yes,off_plan,2823965.34
75.1,3.0,2,0,1,1,1,Cairo,New Cairo,Fifth Settlement,3rd,Yes,completed,4062777.14
419.0,2.0,1,0,1,0,1,Giza,West Giza,Sheikh Zayed,2nd,No,completed,21844213.95
88.4,5.0,5,0,1,0,1,Cairo,Old Cairo,Zamalek,1st,Yes,completed,7741555.64
82.6,5.0,5,0,0,1,0,Giza,New Giza,New Giza,2nd,No,under_construction,4822763.93
144.1,2.0,1,0,1,1,1,Suez,South,El Suez District,1st,No,completed,2267505.48
174.2,2.0,2,0,1,0,1,Port Said,East,El Manakh,1st,No,completed,2479212.38
77.3,3.0,3,0,0,1,1,Cairo,Old Cairo,Maadi,2nd,No,completed,2954051.46
155.8,2.0,2,0,0,1,1,Mansoura,Central,Toriel,1st,No,completed,2255864.57
68.7,3.0,2,0,0,0,1,Cairo,New Cairo,Rehab,2nd,Yes,completed,3468205.5
108.0,3.0,3,0,1,1,1,Cairo,Old Cairo,Downtown,1st,Yes,completed,4147000.77
130.6,5.0,4,0,1,1,1,Giza,New Giza,New Giza,2nd,No,completed,8886960.14
130.3,3.0,3,0,1,1,1,Ismailia,Central,El Sheikh Zayed,1st,Yes,completed,2367718.52
68.0,4.0,3,0,1,0,1,Alexandria,East,Smouha,2nd,Semi,completed,2215703.93
129.0,4.0,4,0,1,1,1,Giza,West Giza,Mohandessin,1st,Semi,completed,4449906.51
90.0,3.0,2,0,1,1,1,Mansoura,Central,Toriel,1st,Yes,under_construction,1217821.27
60.8,2.0,2,0,1,1,1,Cairo,New Cairo,Madinaty,3rd,No,completed,3207818.0
90.9,2.0,1,0,1,0,1,Port Said,East,El Manakh,2nd,No,under_construction,1125992.66
156.9,3.0,3,0,1,1,1,Cairo,New Cairo,Nasr City,3rd,Yes,completed,4838102.55
187.8,4.0,3,0,1,0,1,Luxor,East Bank,El Karnak,1st,Semi,completed,2303178.23
118.2,2.0,1,0,1,1,0,Alexandria,West,Borg El Arab,2nd,No,completed,1835864.29
140.8,,2,1,1,1,1,Alexandria,East,Sidi Gaber,1st,No,completed,3655135.43
189.9,2.0,1,0,1,1,1,Tanta,Central,Saeed,1st,No,under_construction,1933252.09
218.0,,1,1,1,1,1,Cairo,Old Cairo,Maadi,3rd,Semi,completed,8009208.41
266.6,3.0,2,0,1,1,1,Alexandria,East,Sidi Bishr,1st,Semi,off_plan,4817679.93
144.8,3.0,3,0,1,1,1,Ismailia,Central,El Sheikh Zayed,2nd,No,completed,2358103.44
119.7,3.0,3,0,1,1,1,Alexandria,East,Sidi Bishr,1st,No,completed,2463086.44
203.8,5.0,5,0,1,1,1,Cairo,New Cairo,Rehab,3rd,Semi,completed,9529438.69
97.5,3.0,3,0,1,1,1,Cairo,New Cairo,First Settlement,3rd,No,off_plan,2749186.53
203.9,3.0,2,0,1,0,1,Cairo,New Cairo,Heliopolis,2nd,Yes,under_construction,6491038.04
148.0,1.0,1,0,1,1,1,Cairo,New Cairo,Nasr City,3rd,No,under_construction,3706228.11
90.7,4.0,3,0,1,1,1,Mansoura,Central,Toriel,1st,No,completed,1557595.55
140.6,2.0,1,0,1,0,1,Port Said,West,El Zohour,2nd,Semi,off_plan,1841724.07
66.4,3.0,2,0,1,1,1,Giza,New Giza,New Giza,2nd,Semi,under_construction,3146395.74
138.9,3.0,2,0,1,1,1,Cairo,Old Cairo,Maadi,1st,Yes,under_construction,4637284.22
127.4,4.0,4,0,1,1,0,Alexandria,West,Agami,2nd,Yes,off_plan,2045470.97
99.8,4.0,4,0,1,1,1,Cairo,Old Cairo,Downtown,1st,Yes,completed,3800309.42
150.6,2.0,2,0,0,1,1,Alexandria,East,Smouha,2nd,No,completed,4531834.69
55.4,4.0,3,0,1,1,1,Mansoura,Central,El Mashaya,2nd,No,completed,1145735.3
94.1,3.0,3,0,1,1,1,Alexandria,West,Agami,1st,Yes,under_construction,1947625.01
90.5,3.0,2,0,1,1,1,Port Said,West,El Zohour,1st,No,off_plan,1388777.28
146.7,3.0,3,0,1,0,1,Cairo,Old Cairo,Maadi,2nd,Yes,completed,6155373.34
162.2,3.0,3,0,1,0,1,Aswan,Central,El Shallal,1st,No,completed,2194448.97
92.8,2.0,1,0,1,1,1,Ismailia,Central,El Afrang,1st,Semi,under_construction,1230129.66
115.3,3.0,2,0,0,1,1,Aswan,Central,El Shallal,1st,Yes,completed,1762105.28
149.4,2.0,2,0,1,1,1,Cairo,Old Cairo,Zamalek,1st,No,completed,8538455.95
120.9,,2,1,1,1,1,Ismailia,Central,El Afrang,1st,No,completed,1937775.08
193.6,2.0,1,0,1,0,1,Cairo,Old Cairo,Downtown,2nd,Semi,off_plan,5204062.77
138.2,3.0,3,0,0,1,1,Giza,New Giza,New Giza,1st,No,under_construction,6600611.29
110.4,2.0,1,0,1,1,0,Cairo,New Cairo,Madinaty,2nd,Yes,under_construction,4597847.21
171.7,2.0,1,0,1,1,1,Cairo,New Cairo,Nasr City,2nd,No,under_construction,3892280.63
144.1,4.0,3,0,1,0,1,Giza,West Giza,Sheikh Zayed,2nd,No,completed,7410982.78
233.2,5.0,4,0,1,1,1,Luxor,West Bank,El Gezira,1st,No,completed,2749539.24
117.3,3.0,2,0,0,1,1,Cairo,New Cairo,First Settlement,1st,No,completed,4612419.78
131.3,4.0,3,0,1,0,1,Tanta,Central,Saeed,1st,Yes,completed,2131169.83
239.2,4.0,3,0,1,1,1,Cairo,New Cairo,Rehab,3rd,No,completed,8612758.73
100.3,3.0,3,0,0,0,1,Cairo,New Cairo,Rehab,2nd,No,off_plan,3127304.16
183.4,2.0,1,0,1,0,1,Cairo,New Cairo,Heliopolis,1st,No,completed,5205326.44
110.1,4.0,3,0,1,0,1,Giza,New Giza,New Giza,1st,Yes,under_construction,5671522.69
113.1,3.0,2,0,1,1,1,Giza,West Giza,Dokki,1st,No,completed,3395724.48
133.4,3.0,2,0,0,1,1,Luxor,East Bank,El Awameya,1st,No,under_construction,1223644.5
144.9,3.0,2,0,1,1,1,Giza,New Giza,New Giza,2nd,No,completed,8726894.8
176.3,4.0,3,0,1,1,1,Cairo,Old Cairo,Downtown,2nd,Yes,completed,7062566.26
112.2,,2,1,1,1,1,Cairo,New Cairo,Madinaty,1st,No,completed,5063780.56
84.4,3.0,2,0,1,0,1,Suez,North,El Arbaien,1st,Semi,completed,1477391.21
117.7,4.0,3,0,0,1,1,Cairo,New Cairo,First Settlement,3rd,Semi,completed,4539141.24
111.2,3.0,3,0,1,1,1,Cairo,Old Cairo,Downtown,2nd,Semi,completed,3725173.03
183.4,1.0,1,0,1,0,1,Alexandria,East,Sidi Bishr,2nd,No,under_construction,3472276.7
120.8,4.0,3,0,1,0,0,Alexandria,West,Borg El Arab,2nd,No,under_construction,1881017.98
130.4,2.0,1,0,1,1,1,Cairo,Old Cairo,Downtown,2nd,Semi,completed,4261980.59
139.8,1.0,1,0,1,0,1,Cairo,New Cairo,Heliopolis,2nd,Semi,off_plan,3851462.71
114.0,3.0,2,0,1,1,1,Cairo,New Cairo,Heliopolis,1st,No,completed,4361455.04
121.0,2.0,1,0,0,1,1,Giza,New Giza,New Giza,1st,Yes,completed,7367960.6
112.4,1.0,1,0,1,1,1,Cairo,Old Cairo,Maadi,3rd,No,under_construction,3214593.99
134.1,2.0,1,0,1,0,1,Cairo,Old Cairo,Downtown,2nd,No,off_plan,2944364.28
108.1,,1,1,1,0,1,Luxor,East Bank,El Karnak,1st,No,completed,1513765.29
114.8,3.0,2,0,1,1,1,Cairo,New Cairo,Heliopolis,1st,Semi,completed,3968000.84
71.8,3.0,2,0,1,1,1,Cairo,Old Cairo,Zamalek,1st,No,completed,4721798.23
95.5,1.0,1,0,1,1,1,Tanta,Central,Saeed,1st,No,off_plan,958945.85
91.4,4.0,4,0,0,1,1,Mansoura,Central,Toriel,1st,No,under_construction,1211684.89
119.0,3.0,2,0,0,0,1,Cairo,New Cairo,Heliopolis,1st,Yes,completed,4628991.36
176.3,3.0,2,0,1,1,0,Alexandria,East,Smouha,1st,Yes,completed,5540239.76
107.0,5.0,5,0,1,0,1,Ismailia,Central,El Sheikh Zayed,1st,Yes,under_construction,1560701.67
120.4,3.0,2,0,1,1,1,Cairo,Old Cairo,Maadi,2nd,Semi,completed,5006366.12
105.9,,2,1,1,0,1,Tanta,Central,El Geish,1st,Yes,completed,1769920.54
89.7,2.0,1,0,0,0,1,Cairo,New Cairo,Rehab,2nd,No,completed,4331411.24
134.8,2.0,1,0,1,0,1,Port Said,East,El Manakh,2nd,No,completed,1938395.13
92.1,4.0,3,0,1,1,1,Giza,New Giza,New Giza,2nd,Semi,under_construction,5063902.98
134.1,4.0,4,0,0,0,1,Ismailia,Central,El Sheikh Zayed,1st,No,off_plan,1812507.59
165.7,3.0,3,0,1,0,1,Cairo,Old Cairo,Downtown,1st,Semi,off_plan,3772888.64
251.7,2.0,1,0,1,1,1,Giza,West Giza,Sheikh Zayed,2nd,Yes,off_plan,9083205.78
220.5,4.0,3,0,1,1,1,Mansoura,Central,Toriel,1st,No,under_construction,2519966.05
120.2,2.0,2,0,0,1,1,Giza,New Giza,New Giza,1st,Semi,under_construction,6876569.43
40.0,,2,1,1,0,1,Cairo,Old Cairo,Zamalek,1st,No,completed,2613179.36
143.1,3.0,3,0,1,0,1,Cairo,New Cairo,Rehab,2nd,Semi,off_plan,5122732.36
91.0,2.0,2,0,1,1,1,Cairo,Old Cairo,Maadi,3rd,No,under_construction,3141875.64
129.3,3.0,2,0,1,0,1,Luxor,West Bank,El Gezira,1st,No,completed,1711919.15
135.5,3.0,2,0,1,1,1,Luxor,West Bank,El Gezira,1st,Yes,completed,2111004.67
135.7,2.0,1,0,0,1,1,Aswan,Central,El Shallal,1st,Semi,under_construction,1474921.77
67.8,4.0,3,0,1,1,1,Giza,New Giza,New Giza,1st,No,completed,4541302.74
160.0,4.0,3,0,1,1,1,Cairo,New Cairo,Nasr City,2nd,Yes,completed,5112050.8
141.4,4.0,4,0,1,0,0,Port Said,West,El Zohour,2nd,No,completed,2884556.87
213.1,3.0,2,0,1,1,1,Giza,West Giza,6th of October,3rd,Yes,off_plan,5183193.28
95.5,3.0,3,0,1,1,1,Suez,South,El Suez District,2nd,Yes,completed,1476515.66
65.0,2.0,1,0,1,1,1,Suez,North,Faisal,1st,Yes,completed,971535.52
156.2,,4,1,1,0,1,Suez,South,El Suez District,1st,No,completed,2195482.64
137.6,1.0,1,0,1,0,1,Alexandria,West,Borg El Arab,2nd,No,completed,2234545.26
142.1,3.0,2,0,1,1,1,Alexandria,West,Borg El Arab,2nd,No,completed,2430277.25
120.5,3.0,3,0,1,0,1,Giza,West Giza,Sheikh Zayed,2nd,No,completed,5913489.63
187.7,5.0,4,0,1,0,1,Alexandria,East,Sidi Gaber,2nd,No,completed,4875474.02
143.4,4.0,4,0,0,1,1,Alexandria,West,Borg El Arab,1st,Semi,completed,2934138.08
115.0,3.0,2,0,1,1,1,Giza,New Giza,New Giza,2nd,Semi,off_plan,4326433.34
89.8,3.0,3,0,0,1,1,Ismailia,Central,El Sheikh Zayed,1st,Yes,under_construction,1198576.23
85.5,2.0,2,0,1,1,1,Mansoura,Central,El Mashaya,1st,No,off_plan,1156904.78
130.1,2.0,1,0,0,0,1,Suez,North,El Arbaien,1st,No,off_plan,1288248.43
76.8,4.0,4,0,1,0,1,Port Said,East,El Shark,1st,No,completed,1353489.02
143.6,3.0,2,0,1,1,1,Cairo,Old Cairo,Downtown,2nd,No,under_construction,3719308.85
89.3,3.0,2,0,1,1,1,Tanta,Central,Saeed,1st,Semi,completed,1375892.97
122.0,3.0,2,0,1,1,1,Cairo,Old Cairo,Zamalek,2nd,Semi,completed,7841987.07
106.5,4.0,4,0,1,1,1,Cairo,New Cairo,Rehab,1st,Semi,under_construction,3973466.28
145.5,4.0,3,0,1,1,1,Giza,West Giza,6th of October,3rd,Yes,under_construction,4679430.54
130.6,2.0,1,0,1,1,1,Cairo,Old Cairo,Maadi,3rd,No,completed,4347222.07
115.8,2.0,1,0,1,1,1,Cairo,Old Cairo,Maadi,2nd,No,completed,4108759.07
100.8,3.0,3,0,1,1,1,Giza,West Giza,Sheikh Zayed,1st,Yes,completed,5169142.18
143.2,4.0,4,0,1,0,1,Cairo,Old Cairo,Zamalek,2nd,Yes,off_plan,8324813.77
149.6,2.0,1,0,1,0,1,Tanta,Central,El Geish,1st,No,off_plan,1846018.99
200.2,2.0,2,0,1,0,1,Alexandria,East,Sidi Bishr,2nd,No,completed,4843216.92
118.7,3.0,2,0,1,1,1,Tanta,Central,El Geish,2nd,Yes,under_construction,1760375.95
115.1,4.0,3,0,1,1,0,Cairo,New Cairo,First Settlement,2nd,No,under_construction,4204890.61
56.8,2.0,1,0,1,1,1,Cairo,Old Cairo,Zamalek,2nd,Semi,off_plan,3023726.74
129.8,3.0,2,0,1,1,1,Mansoura,Central,Toriel,1st,Semi,completed,1682920.97
155.0,3.0,2,0,1,1,1,Mansoura,Central,Toriel,1st,No,completed,2337420.77
147.4,3.0,3,0,0,1,1,Cairo,New Cairo,Nasr City,1st,Yes,completed,4829528.5
137.8,2.0,2,0,1,1,1,Cairo,New Cairo,Madinaty,2nd,Yes,completed,7190653.53
89.5,2.0,2,0,0,1,1,Alexandria,East,Sidi Bishr,2nd,No,completed,2306266.44
225.1,1.0,1,0,1,1,1,Giza,New Giza,New Giza,2nd,Yes,completed,14836491.03
127.7,2.0,1,0,0,1,0,Cairo,New Cairo,Nasr City,2nd,Semi,completed,3917106.57
83.1,3.0,3,0,1,1,1,Suez,North,Faisal,1st,No,completed,1113195.01
149.9,3.0,2,0,1,0,1,Cairo,New Cairo,Heliopolis,1st,Yes,completed,5460321.15
75.9,2.0,1,0,1,1,1,Port Said,West,El Zohour,2nd,Yes,off_plan,1357703.66
160.0,2.0,1,0,1,0,1,Giza,New Giza,New Giza,2nd,No,completed,8929098.07
77.3,5.0,4,0,0,1,1,Alexandria,West,Borg El Arab,1st,Yes,completed,1666988.73
149.6,4.0,3,0,1,1,1,Cairo,New Cairo,Fifth Settlement,3rd,No,completed,8749967.88
123.9,4.0,4,0,1,1,1,Ismailia,Central,El Afrang,1st,Yes,completed,1910206.05
45.4,3.0,3,0,1,1,1,Cairo,Old Cairo,Zamalek,2nd,Yes,off_plan,2340169.02
138.4,4.0,3,0,1,1,1,Cairo,New Cairo,Heliopolis,1st,Yes,completed,5222559.49
170.0,3.0,2,0,1,0,1,Cairo,Old Cairo,Maadi,2nd,Yes,completed,6347117.87
157.6,4.0,3,0,1,1,1,Luxor,East Bank,El Awameya,1st,No,completed,1922870.92
79.8,3.0,2,0,0,1,1,Cairo,Old Cairo,Maadi,2nd,Semi,under_construction,2112319.42
75.6,1.0,1,0,0,1,1,Luxor,West Bank,El Gezira,1st,Yes,completed,1182116.9
166.2,3.0,3,0,1,1,1,Cairo,New Cairo,First Settlement,3rd,No,completed,6214297.23
146.8,2.0,1,0,1,1,1,Ismailia,Central,El Sheikh Zayed,1st,Yes,completed,2700578.26
165.1,3.0,2,0,1,1,0,Giza,New Giza,New Giza,2nd,No,under_construction,8190204.54
163.3,2.0,1,0,1,1,1,Suez,South,El Suez District,2nd,No,under_construction,1753068.18
101.6,1.0,1,0,1,1,1,Giza,West Giza,Sheikh Zayed,3rd,Yes,completed,5097957.0
89.5,1.0,1,0,1,0,1,Cairo,Old Cairo,Downtown,1st,Yes,under_construction,2605355.22
118.0,2.0,2,0,1,1,1,Giza,New Giza,New Giza,2nd,No,under_construction,6245048.64
160.5,4.0,4,0,1,1,1,Suez,North,El Arbaien,2nd,Semi,completed,2709611.47
209.6,3.0,2,0,1,0,1,Cairo,New Cairo,Rehab,3rd,No,under_construction,7847107.68
133.6,4.0,3,0,1,1,1,Luxor,East Bank,El Awameya,1st,Yes,off_plan,1205320.45
82.5,3.0,2,0,1,1,1,Luxor,West Bank,El Gezira,1st,Yes,completed,1290932.51
188.1,4.0,3,0,1,1,1,Giza,West Giza,6th of October,3rd,Yes,completed,6995275.43
82.9,2.0,1,0,1,1,1,Tanta,Central,Saeed,1st,No,off_plan,913117.66
113.9,3.0,2,0,1,1,1,Port Said,West,El Zohour,2nd,Yes,under_construction,2054845.3
125.0,1.0,1,0,1,1,1,Giza,West Giza,Sheikh Zayed,3rd,No,completed,5665343.94
77.3,2.0,1,0,1,1,1,Cairo,New Cairo,First Settlement,3rd,Yes,under_construction,2618085.57
143.4,2.0,2,0,1,1,1,Giza,New Giza,New Giza,1st,No,completed,7294173.03
118.0,,2,1,1,1,1,Cairo,New Cairo,First Settlement,1st,Semi,under_construction,4370091.75
163.5,1.0,1,0,1,1,1,Cairo,New Cairo,Heliopolis,1st,No,completed,5094118.42
88.4,2.0,2,0,0,1,1,Aswan,Central,El Sad El Ali,2nd,No,under_construction,1235559.69
191.0,1.0,1,0,0,0,1,Ismailia,Central,El Afrang,1st,No,completed,2200792.39
129.8,3.0,2,0,1,1,1,Alexandria,East,Smouha,2nd,No,off_plan,2590260.4
102.2,3.0,2,0,0,1,1,Alexandria,East,Smouha,2nd,Yes,under_construction,2516206.52
140.1,3.0,3,0,1,1,1,Cairo,New Cairo,Nasr City,3rd,No,completed,4060698.82
96.3,2.0,1,0,1,1,1,Alexandria,East,Smouha,2nd,No,under_construction,2127299.72
146.5,1.0,1,0,1,1,1,Port Said,East,El Shark,2nd,No,under_construction,1788488.54
138.3,3.0,3,0,1,0,1,Alexandria,East,Smouha,1st,Semi,completed,4383649.92
257.7,2.0,2,0,1,1,1,Giza,West Giza,Mohandessin,1st,No,completed,8133081.14
153.0,2.0,2,0,1,1,0,Alexandria,West,Borg El Arab,1st,Yes,completed,3222695.13
114.4,3.0,2,0,1,0,1,Cairo,New Cairo,Heliopolis,1st,Yes,under_construction,3780856.34
287.5,3.0,3,0,1,1,1,Cairo,New Cairo,Madinaty,1st,No,completed,12631390.6
201.5,4.0,3,0,1,1,1,Cairo,New Cairo,Heliopolis,2nd,Yes,off_plan,5679516.91
88.3,,1,1,1,0,1,Luxor,East Bank,El Awameya,1st,No,under_construction,824718.44
193.8,3.0,3,0,1,1,1,Cairo,Old Cairo,Downtown,2nd,Yes,completed,6747893.0
134.3,2.0,2,0,0,1,1,Cairo,New Cairo,First Settlement,1st,Semi,completed,4473069.33
109.5,,3,1,1,1,1,Port Said,West,El Zohour,1st,No,under_construction,1800950.26
136.3,3.0,3,0,0,1,1,Port Said,East,El Manakh,2nd,No,completed,2198134.23
124.4,5.0,4,0,1,1,1,Alexandria,East,Sidi Bishr,1st,Semi,off_plan,2006553.11
188.0,2.0,2,0,0,1,1,Cairo,Old Cairo,Downtown,1st,No,under_construction,4485814.19
221.4,,2,1,1,1,1,Tanta,Central,El Geish,1st,No,completed,3510709.58
143.7,3.0,2,0,1,1,1,Tanta,Central,Saeed,1st,No,completed,2116756.8
181.6,1.0,1,0,1,0,1,Cairo,New Cairo,Rehab,1st,No,completed,8274728.69
115.3,4.0,4,0,1,0,1,Cairo,Old Cairo,Zamalek,2nd,No,completed,7180881.56
227.5,4.0,4,0,1,1,1,Cairo,Old Cairo,Maadi,2nd,No,completed,9037199.28
127.3,2.0,1,0,1,1,1,Ismailia,Central,El Sheikh Zayed,2nd,Yes,under_construction,1878496.39
126.2,2.0,1,0,1,1,1,Cairo,New Cairo,Heliopolis,2nd,No,completed,4296223.18
84.5,,1,1,0,1,1,Suez,South,El Suez District,1st,Semi,completed,1115355.96
187.5,3.0,2,0,1,0,1,Suez,South,El Suez District,1st,No,completed,3118832.17
130.8,3.0,2,0,1,1,1,Giza,West Giza,Haram,2nd,Yes,completed,2862808.54
145.4,2.0,1,0,0,0,1,Giza,West Giza,Haram,3rd,No,completed,2794439.35
106.7,2.0,1,0,1,0,1,Aswan,Central,El Shallal,1st,No,off_plan,1155823.24
126.2,3.0,2,0,1,0,1,Port Said,East,El Manakh,2nd,No,under_construction,1692913.87
114.5,4.0,4,0,0,0,1,Cairo,Old Cairo,Maadi,1st,Yes,completed,4119744.42
152.2,5.0,5,0,1,0,1,Ismailia,Central,El Afrang,1st,Semi,under_construction,1963492.41
151.4,,4,1,1,1,1,Alexandria,West,Agami,2nd,Yes,completed,3734237.31
180.2,4.0,4,0,1,1,1,Suez,South,El Suez District,1st,Yes,under_construction,2574292.17
175.9,3.0,2,0,1,0,1,Giza,West Giza,Dokki,1st,Semi,completed,4679367.85
120.9,3.0,2,0,1,0,1,Port Said,East,El Manakh,1st,No,completed,1904849.97
158.9,3.0,3,0,1,0,1,Cairo,Old Cairo,Zamalek,1st,No,under_construction,8307020.25
125.1,4.0,4,0,0,1,1,Alexandria,West,Borg El Arab,1st,No,completed,2030325.82
99.7,2.0,1,0,0,0,1,Alexandria,West,Agami,1st,No,completed,2050048.82
131.1,1.0,1,0,1,1,1,Giza,West Giza,Sheikh Zayed,2nd,No,completed,6470813.17
135.6,3.0,2,0,1,1,1,Giza,West Giza,6th of October,3rd,No,under_construction,3545063.91
78.6,1.0,1,0,1,0,1,Mansoura,Central,Toriel,1st,No,completed,1281104.29
110.7,2.0,1,0,1,1,1,Giza,West Giza,Sheikh Zayed,1st,No,under_construction,4394127.82
94.3,3.0,2,0,1,0,1,Cairo,Old Cairo,Zamalek,2nd,Yes,completed,6269186.13
140.8,3.0,2,0,1,1,1,Luxor,West Bank,El Gezira,1st,No,under_construction,1714682.34
110.2,3.0,2,0,1,1,1,Alexandria,East,Sidi Bishr,2nd,No,under_construction,2235358.16
131.4,3.0,2,0,1,1,1,Luxor,West Bank,El Gezira,1st,No,completed,1989498.48
85.6,5.0,5,0,1,1,1,Ismailia,Central,El Afrang,1st,Semi,under_construction,1029717.42
105.5,,3,1,1,1,1,Aswan,Central,El Shallal,1st,Semi,completed,1615901.32
82.5,2.0,1,0,1,1,1,Suez,South,El Suez District,1st,Yes,completed,1328856.61
167.1,3.0,3,0,1,1,1,Cairo,Old Cairo,Zamalek,2nd,No,completed,11083635.81
185.4,1.0,1,0,1,0,1,Port Said,East,El Manakh,1st,No,completed,2661789.79
69.4,3.0,3,0,1,0,1,Giza,New Giza,New Giza,1st,No,completed,4099227.79
202.1,5.0,4,0,1,1,1,Cairo,New Cairo,Madinaty,3rd,No,completed,9453310.7
93.3,3.0,2,0,1,1,1,Ismailia,Central,El Sheikh Zayed,2nd,Yes,under_construction,1402620.08
169.2,3.0,2,0,1,1,1,Tanta,Central,Saeed,1st,No,completed,2406492.22
243.1,4.0,4,0,1,1,1,Alexandria,West,Borg El Arab,1st,Yes,under_construction,3706450.91
91.3,4.0,3,0,0,0,1,Ismailia,Central,El Afrang,1st,No,completed,1457496.78
106.7,1.0,1,0,1,1,1,Giza,New Giza,New Giza,2nd,Semi,off_plan,4899809.06
102.8,2.0,1,0,0,0,1,Suez,North,El Arbaien,1st,No,completed,1917542.47
107.2,2.0,1,0,1,1,1,Cairo,Old Cairo,Downtown,2nd,Semi,completed,3499293.1
96.2,5.0,4,0,1,0,1,Port Said,West,El Zohour,1st,No,completed,1959859.75
68.8,,3,1,1,0,0,Ismailia,Central,El Afrang,1st,Yes,completed,1116644.87
209.3,5.0,4,0,1,1,1,Tanta,Central,El Geish,1st,Yes,under_construction,2970227.57
114.9,3.0,2,0,1,1,1,Aswan,Central,El Shallal,1st,No,completed,1677962.78
108.9,3.0,2,0,1,1,1,Alexandria,West,Agami,1st,Yes,completed,2450315.04
128.0,2.0,1,0,1,1,1,Cairo,New Cairo,Rehab,2nd,No,off_plan,3619721.03
126.3,,1,1,1,1,1,Cairo,New Cairo,Rehab,3rd,Yes,under_construction,4595180.86
191.7,2.0,2,0,0,1,1,Cairo,New Cairo,First Settlement,3rd,No,under_construction,6424651.6
102.4,2.0,2,0,1,1,1,Suez,South,El Suez District,2nd,No,completed,1668186.86
69.1,2.0,1,0,0,1,1,Cairo,Old Cairo,Downtown,1st,No,under_construction,1781731.62
176.0,3.0,3,0,1,1,1,Aswan,Central,El Sad El Ali,2nd,No,completed,2457402.88
85.3,3.0,2,0,1,0,1,Aswan,Central,El Sad El Ali,2nd,Yes,under_construction,1247991.64
77.7,1.0,1,0,1,0,0,Ismailia,Central,El Sheikh Zayed,2nd,No,under_construction,1049735.37
129.1,3.0,2,0,1,0,1,Suez,North,El Arbaien,2nd,Yes,completed,2243320.06
96.0,2.0,1,0,1,1,1,Aswan,Central,El Sad El Ali,2nd,No,completed,1552630.66
143.3,2.0,2,0,1,1,1,Cairo,Old Cairo,Downtown,2nd,No,completed,4879316.0
115.9,3.0,3,0,1,1,1,Tanta,Central,Saeed,1st,Semi,completed,1574190.02
187.9,2.0,1,0,1,1,1,Cairo,Old Cairo,Maadi,2nd,No,off_plan,5141458.24
97.6,3.0,3,0,0,0,1,Cairo,Old Cairo,Zamalek,1st,No,completed,6252309.7
94.5,4.0,3,0,1,1,1,Aswan,Central,El Shallal,1st,No,completed,1430204.48
225.3,3.0,3,0,1,1,1,Port Said,East,El Manakh,1st,No,completed,3279540.56
117.5,3.0,2,0,1,0,1,Giza,West Giza,Sheikh Zayed,1st,No,completed,5659132.48
98.8,1.0,1,0,1,1,1,Alexandria,West,Agami,2nd,No,completed,1631010.45
97.9,2.0,1,0,1,1,1,Alexandria,East,Smouha,3rd,No,under_construction,2290504.3
125.5,1.0,1,0,1,1,1,Aswan,Central,El Sad El Ali,2nd,No,completed,1819363.12
154.6,4.0,3,0,1,1,1,Cairo,Old Cairo,Zamalek,2nd,Semi,completed,11210094.62
118.6,2.0,1,0,0,1,1,Giza,New Giza,New Giza,2nd,Yes,completed,7785778.04
135.8,1.0,1,0,0,0,1,Giza,New Giza,New Giza,2nd,Yes,under_construction,6232848.95
139.6,2.0,2,0,1,1,1,Cairo,Old Cairo,Maadi,2nd,No,completed,4359290.97
132.5,2.0,1,0,1,1,1,Alexandria,West,Agami,1st,Yes,under_construction,2402493.34
92.6,3.0,2,0,1,0,1,Cairo,New Cairo,First Settlement,1st,Yes,completed,4035247.94
169.9,2.0,2,0,1,0,1,Giza,New Giza,New Giza,1st,No,under_construction,7401240.21
169.3,4.0,4,0,0,1,1,Giza,New Giza,New Giza,2nd,No,under_construction,7230330.5
162.7,2.0,2,0,1,1,1,Suez,North,El Arbaien,1st,Yes,completed,2818806.92
194.1,5.0,4,0,1,1,1,Alexandria,West,Agami,2nd,No,completed,4539895.81
200.2,3.0,2,0,1,0,1,Luxor,East Bank,El Awameya,1st,Semi,completed,2408749.88
145.8,3.0,3,0,1,0,1,Luxor,West Bank,El Gezira,1st,Yes,off_plan,1748703.55
92.2,5.0,5,0,1,1,1,Mansoura,Central,Toriel,1st,No,under_construction,1201884.67
160.6,1.0,1,0,1,1,1,Aswan,Central,El Shallal,1st,No,completed,2040737.2
293.0,3.0,2,0,1,1,1,Alexandria,East,Sidi Gaber,2nd,Semi,under_construction,5689479.73
120.1,2.0,2,0,1,1,1,Cairo,Old Cairo,Zamalek,2nd,Semi,completed,7025262.58
170.4,3.0,2,0,1,1,1,Luxor,West Bank,El Gezira,1st,Yes,off_plan,1750914.74
118.2,3.0,2,0,1,1,1,Mansoura,Central,El Mashaya,1st,Semi,completed,2340249.19
238.7,3.0,3,0,1,1,1,Cairo,New Cairo,Madinaty,2nd,No,under_construction,9303369.91
98.8,1.0,1,0,1,0,1,Aswan,Central,El Sad El Ali,2nd,Yes,under_construction,1457054.79
109.7,2.0,1,0,1,1,1,Luxor,West Bank,El Gezira,1st,Semi,under_construction,1428004.56
148.1,3.0,2,0,1,1,1,Alexandria,East,Sidi Bishr,1st,No,completed,3579721.3
149.3,3.0,2,0,1,1,1,Tanta,Central,El Geish,1st,No,completed,2515594.43
101.5,3.0,3,0,1,0,1,Cairo,New Cairo,Madinaty,1st,Yes,completed,5870623.92
131.5,2.0,2,0,1,1,1,Cairo,Old Cairo,Downtown,1st,No,under_construction,3126971.18
180.2,2.0,1,0,1,0,1,Tanta,Central,Saeed,1st,Semi,completed,2591952.57
143.5,2.0,1,0,0,1,1,Giza,West Giza,Dokki,1st,Yes,completed,4721848.54
110.2,1.0,1,0,1,0,1,Giza,New Giza,New Giza,1st,Semi,off_plan,4984407.94
110.9,3.0,2,0,1,1,1,Ismailia,Central,El Afrang,1st,No,completed,1564872.6
136.9,4.0,3,0,1,1,1,Alexandria,East,Smouha,2nd,No,completed,4205409.22
123.5,3.0,2,0,1,0,1,Alexandria,East,Sidi Bishr,2nd,Semi,completed,2853586.28
231.6,3.0,2,0,1,1,1,Suez,North,El Arbaien,1st,Yes,completed,4139024.15
212.9,3.0,3,0,1,1,1,Aswan,Central,El Shallal,1st,Semi,completed,3142553.36
210.5,3.0,2,0,1,1,0,Cairo,New Cairo,Madinaty,2nd,No,completed,11319999.91
76.7,4.0,3,0,1,1,1,Alexandria,West,Agami,2nd,Semi,under_construction,1336144.0
136.9,2.0,1,0,1,1,1,Cairo,New Cairo,Rehab,1st,No,off_plan,4166443.48
165.2,2.0,1,0,1,1,1,Alexandria,West,Borg El Arab,1st,Yes,off_plan,1835590.37
127.3,3.0,2,0,1,1,1,Port Said,East,El Shark,1st,Semi,under_construction,1932261.98
166.1,3.0,2,0,1,1,1,Luxor,East Bank,El Karnak,1st,Semi,completed,2368031.27
124.6,,3,1,1,1,1,Cairo,Old Cairo,Zamalek,2nd,No,completed,7033646.84
123.6,4.0,3,0,1,1,1,Alexandria,East,Sidi Bishr,2nd,No,completed,3133797.18
81.4,3.0,2,0,0,0,1,Suez,North,El Arbaien,1st,Yes,completed,1659513.24
150.1,3.0,3,0,1,1,1,Cairo,Old Cairo,Downtown,2nd,No,completed,4783666.99
134.3,1.0,1,0,1,1,1,Cairo,Old Cairo,Maadi,1st,No,off_plan,3613107.04
106.9,3.0,3,0,1,1,1,Luxor,West Bank,El Gezira,1st,No,completed,1451117.77
115.2,3.0,2,0,0,1,1,Giza,West Giza,Sheikh Zayed,1st,Yes,under_construction,5356976.26
80.2,1.0,1,0,1,1,1,Luxor,East Bank,El Awameya,1st,Yes,completed,950555.23
164.1,2.0,1,0,1,0,1,Ismailia,Central,El Afrang,1st,No,completed,2164383.26
110.3,,2,1,1,0,0,Tanta,Central,El Geish,1st,No,completed,1820169.64
121.4,4.0,3,0,1,1,1,Mansoura,Central,Toriel,1st,No,completed,1858897.81
114.7,3.0,3,0,1,1,1,Suez,South,El Suez District,1st,Yes,under_construction,1696379.64
121.0,,1,1,1,1,1,Cairo,New Cairo,Heliopolis,1st,Semi,under_construction,3424127.16
138.4,4.0,3,0,0,1,1,Suez,South,El Suez District,1st,No,under_construction,1960812.9
134.1,1.0,1,0,1,0,1,Ismailia,Central,El Afrang,1st,Semi,completed,1858932.95
146.2,4.0,3,0,1,0,1,Ismailia,Central,El Afrang,1st,No,completed,2352206.34
138.5,4.0,4,0,0,0,1,Port Said,West,El Zohour,1st,Yes,completed,3262350.88
120.3,3.0,2,0,1,0,1,Luxor,East Bank,El Karnak,1st,Yes,completed,1714190.11
100.0,3.0,2,0,1,1,1,Giza,West Giza,6th of October,2nd,Semi,completed,3317144.45
76.4,3.0,3,0,1,1,1,Suez,South,El Suez District,1st,No,completed,1247354.06
142.8,2.0,1,0,1,0,1,Cairo,New Cairo,Rehab,2nd,No,completed,6020656.77
133.4,3.0,3,0,1,0,1,Giza,New Giza,New Giza,1st,No,completed,6569496.5
142.2,3.0,3,0,0,1,1,Alexandria,East,Sidi Gaber,1st,No,completed,3754465.08
125.5,4.0,4,0,1,0,1,Aswan,Central,El Shallal,1st,Yes,off_plan,1140527.41
116.4,2.0,1,0,1,1,1,Cairo,Old Cairo,Zamalek,2nd,No,under_construction,5881848.5
45.9,1.0,1,0,0,1,1,Cairo,Old Cairo,Maadi,1st,No,under_construction,1482192.98
105.3,2.0,2,0,0,1,1,Aswan,Central,El Sad El Ali,1st,Semi,completed,1684454.1
112.7,3.0,3,0,1,1,1,Cairo,Old Cairo,Downtown,2nd,No,completed,3393897.74
124.8,1.0,1,0,1,1,0,Cairo,Old Cairo,Zamalek,2nd,Yes,under_construction,8126357.15
105.2,3.0,3,0,1,0,1,Giza,West Giza,Sheikh Zayed,3rd,No,completed,5532228.67
118.8,3.0,3,0,1,1,1,Suez,North,El Arbaien,1st,Semi,completed,1822103.01
141.1,3.0,2,0,1,1,1,Cairo,New Cairo,First Settlement,3rd,Semi,under_construction,4475170.75
157.8,3.0,2,0,1,1,0,Cairo,New Cairo,Madinaty,2nd,No,completed,7508483.68
104.3,2.0,1,0,1,0,1,Giza,New Giza,New Giza,2nd,No,completed,6063582.19
148.4,3.0,2,0,1,1,1,Cairo,Old Cairo,Maadi,2nd,No,completed,5556003.75
111.2,3.0,3,0,1,1,1,Cairo,New Cairo,Madinaty,2nd,No,completed,5296447.71
81.7,5.0,4,0,1,1,1,Alexandria,West,Borg El Arab,1st,Yes,completed,1577058.64
141.7,1.0,1,0,1,1,1,Giza,West Giza,Sheikh Zayed,3rd,No,completed,6634301.25
212.4,3.0,2,0,1,0,1,Tanta,Central,El Geish,2nd,No,completed,3481767.73
191.3,1.0,1,0,1,1,1,Alexandria,East,Sidi Bishr,2nd,Yes,under_construction,3658854.62
134.6,2.0,1,0,1,1,1,Alexandria,East,Sidi Bishr,1st,Yes,completed,3342507.29
103.3,3.0,2,0,1,1,1,Alexandria,West,Borg El Arab,2nd,Semi,completed,1864929.28
121.5,3.0,2,0,1,1,1,Giza,West Giza,Sheikh Zayed,2nd,Yes,under_construction,5401751.1
125.5,3.0,2,0,0,0,1,Tanta,Central,El Geish,2nd,No,completed,2252076.05
112.2,3.0,3,0,0,1,1,Cairo,Old Cairo,Zamalek,1st,No,under_construction,5574619.66
134.2,3.0,2,0,1,1,1,Cairo,Old Cairo,Zamalek,2nd,Yes,completed,7551472.06
156.6,2.0,1,0,1,1,1,Cairo,Old Cairo,Downtown,1st,Yes,completed,5624459.45
115.7,3.0,3,0,1,1,1,Aswan,Central,El Sad El Ali,1st,No,completed,1820433.59
345.7,3.0,2,0,1,1,1,Port Said,East,El Manakh,1st,No,completed,4768149.33
126.8,4.0,3,0,1,1,1,Port Said,East,El Manakh,2nd,No,completed,1993787.81
199.6,4.0,4,0,1,1,1,Giza,West Giza,Dokki,2nd,Yes,completed,7154964.5
118.3,2.0,2,0,1,1,1,Ismailia,Central,El Sheikh Zayed,2nd,No,completed,1726426.15
117.5,4.0,4,0,1,0,1,Giza,West Giza,Mohandessin,2nd,Yes,completed,4490791.43
158.5,3.0,3,0,1,1,1,Giza,West Giza,Dokki,2nd,Yes,completed,5433102.33
102.5,3.0,2,0,1,1,1,Cairo,Old Cairo,Zamalek,1st,Yes,completed,6510135.67
101.8,4.0,3,0,1,0,1,Cairo,New Cairo,Fifth Settlement,1st,Yes,under_construction,5210678.33
74.1,3.0,3,0,1,1,1,Alexandria,East,Smouha,3rd,Semi,completed,2013212.89
82.1,2.0,1,0,1,1,1,Port Said,West,El Zohour,2nd,Yes,completed,1712226.93
99.2,3.0,3,0,1,1,1,Cairo,Old Cairo,Maadi,1st,No,completed,3327259.39
144.6,1.0,1,0,1,1,1,Cairo,New Cairo,Madinaty,1st,Semi,completed,6422666.64
54.7,2.0,1,0,1,1,1,Alexandria,West,Agami,2nd,No,under_construction,895961.03
204.8,2.0,1,0,1,0,1,Suez,North,El Arbaien,1st,No,completed,3366149.14
165.3,1.0,1,0,0,1,1,Giza,West Giza,6th of October,3rd,No,completed,4490626.57
106.8,2.0,2,0,1,0,1,Ismailia,Central,El Sheikh Zayed,1st,Semi,completed,2006375.28
59.8,3.0,2,0,1,1,1,Cairo,New Cairo,First Settlement,1st,No,completed,2572516.57
177.2,5.0,5,0,1,1,1,Giza,New Giza,New Giza,2nd,Semi,under_construction,9113960.45
122.2,3.0,3,0,1,1,1,Luxor,West Bank,El Gezira,1st,Yes,under_construction,1446350.35
119.5,4.0,3,0,1,0,1,Cairo,Old Cairo,Zamalek,2nd,No,completed,7927391.93
94.2,4.0,3,0,1,1,1,Cairo,New Cairo,Heliopolis,1st,Yes,under_construction,2813439.64
138.6,2.0,2,0,1,1,1,Cairo,Old Cairo,Downtown,1st,Semi,completed,4585509.05
98.0,2.0,2,0,1,0,1,Suez,North,El Arbaien,2nd,Semi,completed,1731310.24
162.0,3.0,3,0,0,1,1,Giza,West Giza,Mohandessin,1st,Yes,under_construction,4950507.13
142.1,4.0,3,0,1,1,1,Cairo,Old Cairo,Downtown,2nd,Yes,under_construction,4336290.14
273.0,2.0,2,0,1,0,1,Cairo,New Cairo,Rehab,3rd,No,completed,11870329.24
128.8,3.0,2,0,0,0,1,Giza,West Giza,Mohandessin,1st,No,off_plan,2983597.3
64.0,2.0,1,0,0,1,1,Cairo,New Cairo,Rehab,1st,Semi,completed,2816194.53
96.2,3.0,2,0,1,0,1,Alexandria,West,Borg El Arab,1st,Yes,off_plan,1241116.68
128.6,,3,1,1,1,1,Cairo,New Cairo,Nasr City,4th,No,completed,3961522.52
54.9,1.0,1,0,1,1,1,Tanta,Central,El Geish,2nd,No,under_construction,743652.96
120.7,1.0,1,0,1,1,1,Cairo,New Cairo,Madinaty,2nd,No,under_construction,4267756.61
126.1,3.0,2,0,0,1,1,Tanta,Central,Saeed,1st,Yes,completed,1936841.65
93.3,2.0,1,0,1,1,1,Tanta,Central,El Geish,1st,Yes,under_construction,1208344.04
130.7,3.0,2,0,0,1,1,Alexandria,West,Agami,1st,Yes,off_plan,2217838.63
109.5,2.0,1,0,0,1,0,Aswan,Central,El Shallal,1st,No,completed,1368435.18
186.0,2.0,1,0,1,0,1,Cairo,New Cairo,Nasr City,3rd,No,completed,4760786.34
121.4,3.0,3,0,1,1,1,Giza,New Giza,New Giza,1st,Yes,completed,7444090.72
105.1,1.0,1,0,1,1,1,Alexandria,West,Agami,2nd,Semi,under_construction,1839417.06
109.5,2.0,1,0,1,1,1,Cairo,Old Cairo,Zamalek,2nd,Semi,completed,7694989.32
92.8,4.0,4,0,1,1,1,Cairo,New Cairo,Fifth Settlement,1st,Semi,completed,5061281.95
95.7,3.0,2,0,1,1,1,Giza,West Giza,Haram,1st,No,completed,1905180.85
119.0,2.0,2,0,1,1,1,Cairo,New Cairo,First Settlement,2nd,No,completed,4784488.13
151.3,2.0,1,0,0,0,0,Cairo,Old Cairo,Zamalek,1st,No,completed,9971846.33
147.2,5.0,4,0,1,1,1,Alexandria,West,Borg El Arab,1st,No,completed,2745656.27
110.1,1.0,1,0,1,1,1,Cairo,New Cairo,Heliopolis,1st,Semi,completed,3498895.02
172.5,4.0,3,0,1,1,1,Cairo,New Cairo,Madinaty,2nd,No,completed,8133911.84
83.1,2.0,1,0,1,1,1,Ismailia,Central,El Afrang,1st,No,completed,1176807.18
117.3,3.0,3,0,1,1,1,Luxor,East Bank,El Awameya,1st,No,completed,1364472.75
98.3,2.0,1,0,1,1,1,Mansoura,Central,El Mashaya,2nd,No,completed,1628027.73
85.1,,3,1,1,1,1,Cairo,Old Cairo,Maadi,3rd,Semi,under_construction,2807118.05
156.1,3.0,2,0,1,1,1,Giza,West Giza,6th of October,1st,Yes,under_construction,4455321.36
123.2,1.0,1,0,1,1,1,Port Said,West,El Zohour,1st,No,completed,1992639.88
154.3,4.0,3,0,1,1,1,Cairo,New Cairo,Heliopolis,2nd,No,completed,5332499.72
93.0,5.0,4,0,1,0,1,Ismailia,Central,El Sheikh Zayed,2nd,Semi,under_construction,1499956.38
86.6,3.0,2,0,1,1,1,Port Said,West,El Zohour,1st,No,completed,1563613.4
144.1,4.0,4,0,1,0,1,Aswan,Central,El Shallal,1st,Yes,completed,2248634.26
113.4,3.0,3,0,0,0,1,Cairo,Old Cairo,Maadi,1st,No,completed,3999059.25
149.5,2.0,2,0,0,1,1,Cairo,New Cairo,Fifth Settlement,3rd,No,off_plan,6416405.11
86.4,1.0,1,0,1,1,1,Cairo,New Cairo,Nasr City,1st,Semi,off_plan,1774233.62
168.3,4.0,3,0,1,0,1,Alexandria,East,Sidi Gaber,1st,No,completed,3430114.63
147.4,3.0,2,0,1,1,1,Cairo,New Cairo,Heliopolis,1st,No,under_construction,4687770.09
85.0,2.0,1,0,1,0,1,Luxor,East Bank,El Awameya,1st,No,under_construction,787651.21
179.2,2.0,1,0,1,1,1,Tanta,Central,El Geish,2nd,No,off_plan,1993937.58
141.3,1.0,1,0,1,0,1,Aswan,Central,El Sad El Ali,1st,No,completed,1854294.1
173.7,2.0,2,0,1,1,1,Giza,New Giza,New Giza,1st,Yes,completed,11284717.42
116.1,2.0,1,0,1,1,1,Luxor,West Bank,El Gezira,1st,Semi,completed,1660514.18
86.4,1.0,1,0,1,1,1,Cairo,Old Cairo,Downtown,1st,No,under_construction,2165448.49
96.1,3.0,3,0,1,0,1,Cairo,New Cairo,Madinaty,3rd,No,under_construction,2901336.63
212.6,4.0,4,0,1,0,1,Giza,West Giza,Haram,3rd,No,completed,4344653.01
98.6,,1,1,1,1,1,Tanta,Central,El Geish,1st,Semi,completed,1717748.4
87.7,3.0,2,0,1,0,1,Giza,New Giza,New Giza,1st,Yes,completed,5006229.28
191.0,2.0,1,0,0,1,1,Mansoura,Central,El Mashaya,1st,No,under_construction,2741379.75
73.6,3.0,2,0,0,1,1,Alexandria,West,Agami,1st,No,completed,1646438.89
108.9,4.0,4,0,1,1,1,Cairo,New Cairo,Nasr City,2nd,Semi,completed,3215983.57
99.9,4.0,4,0,1,1,1,Port Said,East,El Shark,1st,No,completed,1694261.65
198.6,3.0,2,0,1,1,1,Cairo,Old Cairo,Downtown,2nd,Yes,completed,6106548.66
119.0,,1,1,1,1,1,Luxor,West Bank,El Gezira,1st,No,under_construction,1251740.91
97.3,3.0,3,0,0,1,1,Cairo,Old Cairo,Maadi,3rd,Yes,off_plan,2888772.54
168.3,,1,1,1,1,1,Luxor,West Bank,El Gezira,1st,Yes,completed,2647882.31
197.4,2.0,1,0,1,0,0,Cairo,Old Cairo,Downtown,2nd,No,completed,6594933.58
151.7,1.0,1,0,1,1,1,Tanta,Central,Saeed,1st,Yes,completed,2090534.88
79.8,,4,1,1,1,1,Cairo,Old Cairo,Zamalek,1st,No,completed,5320860.88
272.0,3.0,2,0,1,1,1,Luxor,West Bank,El Gezira,1st,No,completed,3392559.0
95.3,3.0,2,0,1,1,1,Giza,West Giza,Dokki,1st,No,completed,3035510.14
138.2,1.0,1,0,1,1,1,Tanta,Central,El Geish,1st,No,completed,1882312.34
106.5,4.0,4,0,1,0,1,Luxor,East Bank,El Awameya,1st,Semi,completed,1360735.11
147.4,4.0,3,0,1,1,1,Cairo,New Cairo,Rehab,2nd,Semi,off_plan,4543987.27
224.0,3.0,2,0,0,1,1,Giza,New Giza,New Giza,1st,Yes,completed,13647354.34
129.2,3.0,2,0,1,1,1,Tanta,Central,Saeed,1st,No,under_construction,1642493.2
169.8,3.0,2,0,0,1,1,Cairo,New Cairo,Fifth Settlement,1st,No,completed,8199560.58
113.6,3.0,3,0,0,0,1,Giza,West Giza,Mohandessin,1st,Yes,under_construction,3837425.46
139.2,5.0,4,0,1,0,1,Alexandria,East,Sidi Bishr,1st,Semi,completed,3924803.32
106.3,1.0,1,0,1,0,1,Luxor,East Bank,El Karnak,1st,Yes,under_construction,1152841.19
176.2,3.0,3,0,1,1,1,Ismailia,Central,El Afrang,1st,No,completed,2451841.56
85.8,3.0,2,0,1,0,1,Suez,South,El Suez District,1st,No,completed,1281792.81
88.3,2.0,1,0,1,1,1,Cairo,New Cairo,Rehab,1st,Semi,under_construction,3279080.27
180.5,2.0,1,0,1,1,1,Giza,West Giza,Sheikh Zayed,1st,No,completed,8682662.74
147.4,3.0,2,0,0,0,1,Tanta,Central,El Geish,1st,Semi,under_construction,2389698.61
141.3,5.0,5,0,1,0,1,Aswan,Central,El Sad El Ali,1st,No,under_construction,1614658.77
86.0,2.0,2,0,1,1,0,Giza,New Giza,New Giza,1st,Semi,completed,5572732.96
263.3,3.0,2,0,1,1,1,Luxor,East Bank,El Karnak,2nd,No,under_construction,2525904.62
77.6,2.0,1,0,1,1,1,Suez,North,Faisal,1st,No,completed,1248303.35
129.9,2.0,2,0,1,1,1,Cairo,New Cairo,Fifth Settlement,2nd,No,completed,6353422.08
89.5,4.0,3,0,1,1,0,Cairo,New Cairo,Fifth Settlement,1st,Yes,under_construction,4098620.48
178.1,2.0,2,0,1,1,1,Ismailia,Central,El Afrang,1st,No,under_construction,2049597.88
90.5,3.0,3,0,1,1,1,Cairo,Old Cairo,Maadi,2nd,No,off_plan,2187731.87
258.5,4.0,4,0,1,1,1,Cairo,New Cairo,Rehab,2nd,No,under_construction,9416772.52
104.2,3.0,3,0,1,0,1,Mansoura,Central,Toriel,1st,No,completed,1743502.21
95.9,2.0,1,0,0,1,1,Alexandria,East,Smouha,3rd,Semi,completed,2804749.19
126.5,1.0,1,0,0,1,1,Alexandria,East,Sidi Bishr,2nd,Yes,under_construction,2527597.35
97.6,3.0,2,0,1,1,1,Tanta,Central,Saeed,1st,No,completed,1426191.92
106.4,4.0,3,0,1,0,1,Alexandria,West,Borg El Arab,2nd,Yes,under_construction,1762572.86
149.9,4.0,3,0,1,1,1,Alexandria,West,Borg El Arab,2nd,No,under_construction,2516697.69
142.3,2.0,1,0,1,1,1,Alexandria,West,Agami,1st,No,completed,3150343.26
102.7,2.0,2,0,1,1,1,Ismailia,Central,El Sheikh Zayed,2nd,No,completed,1965233.77
83.2,2.0,2,0,0,1,1,Ismailia,Central,El Sheikh Zayed,2nd,Yes,completed,1394471.31
120.4,2.0,1,0,1,0,1,Giza,West Giza,Dokki,1st,No,completed,3319038.54
102.7,3.0,3,0,1,0,1,Ismailia,Central,El Sheikh Zayed,2nd,No,completed,1553533.77
111.9,4.0,3,0,1,1,1,Giza,West Giza,Mohandessin,1st,Yes,under_construction,3717148.74
164.5,2.0,2,0,0,1,1,Cairo,Old Cairo,Downtown,1st,No,completed,5234444.43
112.9,1.0,1,0,1,1,0,Suez,South,El Suez District,2nd,No,under_construction,1387131.55
73.6,3.0,3,0,1,0,1,Giza,New Giza,New Giza,2nd,Semi,completed,4799115.13
72.7,1.0,1,0,1,1,1,Tanta,Central,El Geish,1st,No,off_plan,917117.77
188.8,5.0,5,0,1,1,1,Port Said,East,El Shark,1st,Semi,completed,3390339.01
186.7,3.0,3,0,1,0,1,Cairo,Old Cairo,Zamalek,2nd,Yes,off_plan,8488450.23
62.5,2.0,1,0,1,0,1,Cairo,New Cairo,Rehab,2nd,No,completed,3009040.4
105.1,3.0,2,0,0,1,1,Alexandria,West,Agami,1st,No,under_construction,1747799.96
120.8,2.0,2,0,1,1,1,Cairo,New Cairo,Rehab,2nd,No,under_construction,3951157.03
118.2,2.0,1,0,1,0,1,Cairo,Old Cairo,Maadi,1st,No,completed,4198472.93
110.5,4.0,3,0,0,1,1,Giza,New Giza,New Giza,2nd,Semi,off_plan,5896341.79
255.0,3.0,3,0,1,1,1,Alexandria,East,Sidi Gaber,2nd,Semi,off_plan,4628900.59
210.5,2.0,2,0,1,0,1,Mansoura,Central,El Mashaya,2nd,Semi,under_construction,3010207.99
76.5,2.0,1,0,0,1,1,Tanta,Central,Saeed,1st,No,under_construction,928811.17
121.6,3.0,2,0,1,0,1,Giza,West Giza,Mohandessin,1st,No,completed,4648526.41
131.0,2.0,2,0,0,1,1,Ismailia,Central,El Sheikh Zayed,2nd,No,completed,2382552.5
99.8,1.0,1,0,1,0,1,Alexandria,West,Borg El Arab,1st,No,completed,1638268.0
124.9,3.0,2,0,0,0,1,Port Said,East,El Manakh,1st,No,under_construction,1462845.96
95.6,2.0,1,0,1,1,1,Alexandria,West,Borg El Arab,2nd,Yes,under_construction,1572517.64
123.0,5.0,4,0,1,1,1,Mansoura,Central,Toriel,1st,No,completed,1919606.15
244.6,2.0,2,0,1,0,1,Giza,West Giza,Dokki,2nd,Yes,completed,7369560.82
90.0,5.0,5,0,1,1,1,Ismailia,Central,El Afrang,1st,No,off_plan,1060412.78
84.6,2.0,1,0,0,1,1,Giza,West Giza,Mohandessin,1st,No,completed,3202809.47
128.3,3.0,2,0,1,0,1,Ismailia,Central,El Sheikh Zayed,1st,Semi,under_construction,1796395.58
132.6,3.0,2,0,1,1,1,Port Said,West,El Zohour,1st,Semi,under_construction,2496445.16
114.0,4.0,4,0,1,0,1,Cairo,Old Cairo,Zamalek,2nd,No,completed,6594257.76
228.9,3.0,3,0,1,1,1,Mansoura,Central,El Mashaya,1st,Yes,completed,3871371.84
97.2,3.0,2,0,1,0,1,Cairo,Old Cairo,Maadi,1st,Semi,completed,3908574.01
109.3,2.0,1,0,1,1,1,Alexandria,West,Borg El Arab,1st,Yes,under_construction,1954737.29
130.5,3.0,2,0,1,1,1,Luxor,East Bank,El Karnak,2nd,No,under_construction,1364171.94
152.9,2.0,1,0,1,1,1,Luxor,West Bank,El Gezira,1st,No,under_construction,1838346.04
107.3,3.0,3,0,1,0,1,Giza,New Giza,New Giza,2nd,No,completed,6138069.65
137.3,1.0,1,0,1,1,1,Alexandria,West,Borg El Arab,1st,No,completed,2088561.81
86.1,,3,1,1,1,1,Tanta,Central,Saeed,1st,No,under_construction,954100.79
111.3,4.0,3,0,1,1,1,Giza,New Giza,New Giza,2nd,Yes,completed,7924153.48
111.0,2.0,2,0,1,1,1,Alexandria,West,Borg El Arab,2nd,No,completed,1836515.55
144.1,2.0,2,0,1,1,1,Luxor,East Bank,El Awameya,1st,No,completed,1717836.21
147.4,3.0,3,0,1,1,1,Giza,New Giza,New Giza,2nd,No,completed,9257618.93
195.0,2.0,2,0,1,1,1,Mansoura,Central,Toriel,1st,Semi,completed,2887222.44
91.4,,3,1,1,1,1,Port Said,West,El Zohour,2nd,No,off_plan,1343713.57
89.5,1.0,1,0,1,0,1,Cairo,Old Cairo,Zamalek,1st,No,completed,5496115.64
98.3,3.0,3,0,1,0,1,Cairo,New Cairo,Nasr City,1st,Yes,under_construction,2792901.82
142.9,2.0,2,0,1,1,1,Giza,New Giza,New Giza,2nd,Yes,completed,8664420.18
117.6,4.0,3,0,1,1,1,Tanta,Central,El Geish,1st,Semi,under_construction,1967029.44
94.1,3.0,3,0,1,1,1,Giza,New Giza,New Giza,1st,Semi,completed,5802954.43
129.1,4.0,3,0,0,1,1,Giza,New Giza,New Giza,2nd,Yes,under_construction,6996982.06
265.8,3.0,3,0,1,1,1,Cairo,Old Cairo,Downtown,1st,Yes,under_construction,7916303.12
131.4,2.0,1,0,1,1,1,Cairo,New Cairo,Heliopolis,1st,Yes,under_construction,4033697.28
194.7,4.0,3,0,1,1,1,Alexandria,West,Agami,1st,Yes,under_construction,4047956.08
205.1,5.0,4,0,1,1,1,Cairo,New Cairo,Fifth Settlement,3rd,Yes,completed,11878018.18
159.5,3.0,2,0,1,0,1,Ismailia,Central,El Afrang,1st,No,completed,2597298.75
157.9,3.0,3,0,0,0,1,Port Said,East,El Manakh,1st,Semi,under_construction,1919212.56
92.2,4.0,3,0,1,1,1,Suez,North,El Arbaien,1st,No,completed,1489766.14
84.1,,1,1,1,1,1,Giza,West Giza,6th of October,2nd,No,off_plan,2329217.68
225.6,4.0,3,0,1,1,1,Giza,New Giza,New Giza,2nd,Yes,completed,14337998.97
99.9,2.0,2,0,0,0,1,Ismailia,Central,El Afrang,1st,No,under_construction,1277136.27
79.8,1.0,1,0,1,0,1,Luxor,West Bank,El Gezira,1st,Yes,under_construction,819934.53
134.7,2.0,2,0,1,1,1,Tanta,Central,El Geish,1st,Yes,under_construction,2253843.3
135.8,3.0,2,0,1,0,1,Suez,North,Faisal,1st,No,completed,1631944.29
85.1,1.0,1,0,0,0,1,Cairo,Old Cairo,Maadi,1st,No,under_construction,2528349.56
155.9,1.0,1,0,0,1,1,Giza,New Giza,New Giza,1st,Semi,completed,9082557.44
183.3,4.0,4,0,1,1,1,Port Said,West,El Zohour,1st,No,completed,3547678.07
238.3,,2,1,1,0,1,Giza,New Giza,New Giza,2nd,Yes,completed,11055561.88
85.4,4.0,3,0,1,0,1,Cairo,Old Cairo,Maadi,1st,Semi,completed,3118692.08
74.1,3.0,2,0,1,0,1,Ismailia,Central,El Sheikh Zayed,1st,No,completed,1351004.52
247.2,3.0,3,0,1,1,1,Aswan,Central,El Sad El Ali,1st,Yes,completed,3871536.31
137.8,1.0,1,0,0,1,1,Luxor,West Bank,El Gezira,1st,Semi,completed,1869600.9
207.2,2.0,2,0,1,0,1,Cairo,Old Cairo,Downtown,2nd,No,completed,7287824.94
137.4,3.0,3,0,1,1,1,Cairo,New Cairo,Rehab,3rd,Yes,under_construction,5634325.85
93.2,4.0,3,0,0,0,1,Giza,West Giza,6th of October,3rd,Yes,under_construction,2760603.72
121.6,1.0,1,0,1,1,1,Luxor,East Bank,El Awameya,1st,Semi,completed,1325549.23
97.3,2.0,1,0,0,1,1,Alexandria,West,Agami,1st,Yes,completed,2107553.71
101.4,2.0,1,0,1,1,1,Giza,West Giza,Dokki,1st,No,off_plan,2222362.2
79.1,2.0,1,0,1,0,1,Aswan,Central,El Shallal,1st,Yes,completed,1287182.89
163.4,2.0,2,0,1,1,1,Suez,North,Faisal,1st,Yes,under_construction,2016422.17
152.8,5.0,4,0,1,1,1,Cairo,New Cairo,Madinaty,3rd,Semi,completed,7638338.86
141.1,4.0,3,0,1,1,1,Mansoura,Central,El Mashaya,1st,No,off_plan,1957791.83
155.8,3.0,3,0,1,1,1,Giza,New Giza,New Giza,1st,No,off_plan,6289762.58
150.3,3.0,3,0,1,1,1,Alexandria,East,Smouha,2nd,No,completed,4735330.28
119.7,2.0,2,0,1,0,1,Giza,New Giza,New Giza,1st,Yes,completed,7105812.8
111.5,2.0,1,0,1,0,1,Cairo,Old Cairo,Downtown,1st,No,off_plan,2587815.73
103.3,2.0,1,0,1,1,1,Cairo,Old Cairo,Downtown,2nd,No,completed,3427282.73
84.4,4.0,3,0,1,1,1,Aswan,Central,El Shallal,1st,No,under_construction,1070673.14
71.8,4.0,3,0,1,1,1,Suez,North,El Arbaien,2nd,Semi,under_construction,1114487.1
121.0,4.0,4,0,0,1,1,Cairo,Old Cairo,Downtown,2nd,Semi,completed,3561952.56
161.9,3.0,3,0,1,1,1,Luxor,West Bank,El Gezira,1st,Semi,completed,1826410.56
124.6,2.0,1,0,1,1,1,Luxor,West Bank,El Gezira,1st,No,completed,1764984.01
60.4,2.0,1,0,1,1,1,Giza,West Giza,Sheikh Zayed,3rd,Yes,completed,3354773.3
97.1,2.0,1,0,1,1,1,Suez,South,El Suez District,2nd,No,under_construction,1233208.43
103.9,3.0,3,0,1,0,1,Giza,West Giza,Sheikh Zayed,3rd,Yes,under_construction,4946250.81
214.6,2.0,2,0,1,1,1,Tanta,Central,El Geish,1st,No,under_construction,2420190.8
169.1,4.0,3,0,0,1,1,Mansoura,Central,Toriel,1st,No,completed,2760235.06
164.3,4.0,4,0,0,1,1,Suez,South,El Suez District,1st,Semi,completed,2471457.04
108.0,3.0,2,0,1,1,1,Giza,West Giza,Mohandessin,1st,Yes,completed,4422345.8
122.1,1.0,1,0,1,1,1,Cairo,New Cairo,Heliopolis,2nd,No,completed,4194283.93
105.4,5.0,5,0,1,1,1,Tanta,Central,Saeed,1st,No,completed,1608326.92
118.5,2.0,2,0,0,0,1,Alexandria,West,Agami,2nd,No,completed,2580129.29
103.0,3.0,2,0,1,0,1,Cairo,New Cairo,Nasr City,4th,Yes,completed,3584648.5
72.6,2.0,1,0,1,1,1,Cairo,Old Cairo,Zamalek,2nd,Semi,completed,5465922.65
114.6,3.0,2,0,1,1,1,Port Said,East,El Manakh,2nd,Yes,under_construction,1793617.28
112.2,3.0,2,0,1,1,1,Cairo,Old Cairo,Downtown,1st,No,completed,3324106.9
126.1,3.0,3,0,1,1,1,Tanta,Central,Saeed,1st,Yes,completed,1949568.05
190.1,3.0,2,0,1,1,1,Giza,West Giza,Sheikh Zayed,2nd,Semi,completed,9090801.59
151.9,2.0,1,0,1,0,1,Alexandria,East,Sidi Bishr,2nd,No,completed,3191416.62
85.2,4.0,3,0,1,0,1,Suez,South,El Suez District,1st,No,completed,1414219.71
80.5,3.0,2,0,1,1,1,Mansoura,Central,Toriel,1st,No,completed,1349993.12
55.4,2.0,1,0,0,0,1,Cairo,Old Cairo,Zamalek,2nd,Semi,completed,3294934.05
74.4,3.0,2,0,1,1,0,Cairo,New Cairo,Fifth Settlement,2nd,No,completed,4264897.83
96.8,3.0,2,0,1,1,1,Tanta,Central,El Geish,1st,No,under_construction,1345289.59
118.0,3.0,2,0,1,1,1,Cairo,Old Cairo,Maadi,1st,No,under_construction,3907077.58
93.6,5.0,4,0,0,1,1,Giza,New Giza,New Giza,2nd,No,completed,5842097.21
105.3,3.0,3,0,1,1,1,Cairo,New Cairo,Fifth Settlement,1st,No,completed,5651737.21
118.8,3.0,3,0,1,1,1,Giza,West Giza,6th of October,1st,Yes,completed,4407012.73
141.7,3.0,3,0,1,1,1,Suez,North,El Arbaien,1st,Semi,completed,2075222.43
99.0,3.0,3,0,1,0,1,Giza,West Giza,Mohandessin,2nd,Yes,completed,3754251.57
129.5,1.0,1,0,1,1,1,Cairo,Old Cairo,Maadi,1st,No,off_plan,2907263.63
98.8,3.0,2,0,1,1,1,Giza,New Giza,New Giza,2nd,No,completed,6793012.4
237.6,,4,1,1,1,1,Mansoura,Central,El Mashaya,1st,Yes,off_plan,3076538.9
97.0,1.0,1,0,1,1,1,Giza,West Giza,6th of October,3rd,Semi,off_plan,2444250.31
99.7,2.0,2,0,1,1,1,Suez,South,El Suez District,1st,No,completed,1548264.43
112.4,2.0,2,0,1,1,1,Mansoura,Central,El Mashaya,2nd,No,completed,1766671.47
95.1,4.0,3,0,1,1,1,Alexandria,West,Agami,1st,No,completed,1922108.99
164.7,4.0,3,0,1,0,1,Giza,New Giza,New Giza,1st,No,completed,9296611.68
131.3,1.0,1,0,1,1,1,Giza,West Giza,Haram,3rd,Yes,under_construction,2452242.82
212.1,,2,1,1,1,1,Cairo,New Cairo,Heliopolis,2nd,No,completed,7115592.81
187.6,5.0,4,0,0,1,1,Luxor,West Bank,El Gezira,1st,Yes,completed,2637314.74
167.9,3.0,2,0,1,1,1,Mansoura,Central,El Mashaya,1st,No,completed,2695253.55
130.9,1.0,1,0,1,1,1,Suez,North,El Arbaien,2nd,No,completed,2036596.26
71.7,4.0,3,0,1,0,1,Cairo,New Cairo,Nasr City,2nd,No,completed,2183935.9
122.3,4.0,3,0,1,1,1,Luxor,East Bank,El Karnak,1st,Yes,completed,2026206.58
86.7,1.0,1,0,1,1,1,Alexandria,East,Sidi Bishr,2nd,No,completed,1923997.81
139.4,3.0,3,0,1,1,1,Alexandria,West,Borg El Arab,1st,No,under_construction,1905744.01
198.4,5.0,5,0,1,0,1,Giza,West Giza,Mohandessin,1st,No,completed,7229444.56
100.9,4.0,4,0,1,1,1,Giza,New Giza,New Giza,1st,Yes,under_construction,5043427.54
136.1,2.0,1,0,1,1,1,Cairo,Old Cairo,Maadi,3rd,Yes,completed,5459800.07
188.1,5.0,5,0,1,1,1,Alexandria,East,Smouha,1st,Semi,off_plan,4455392.77
106.6,2.0,1,0,1,1,1,Port Said,West,El Zohour,1st,Semi,completed,2400912.21
133.2,5.0,4,0,1,1,1,Alexandria,West,Agami,1st,Yes,under_construction,2662053.74
106.6,2.0,1,0,1,1,1,Alexandria,West,Agami,2nd,Yes,completed,2454497.22
86.1,3.0,3,0,1,1,1,Cairo,New Cairo,Fifth Settlement,3rd,No,under_construction,4080034.52
156.9,2.0,2,0,1,1,1,Suez,North,El Arbaien,2nd,Semi,completed,2559344.65
64.1,2.0,1,0,0,0,1,Mansoura,Central,Toriel,1st,No,completed,1029207.11
59.9,3.0,2,0,1,0,1,Cairo,New Cairo,Fifth Settlement,3rd,No,off_plan,2276905.73
200.1,5.0,5,0,0,1,1,Suez,South,El Suez District,1st,Semi,under_construction,2753562.59
96.2,2.0,2,0,1,0,1,Cairo,New Cairo,Madinaty,4th,No,completed,4256768.29
101.1,2.0,1,0,1,1,1,Luxor,West Bank,El Gezira,1st,No,completed,1155165.84
75.7,4.0,3,0,1,0,1,Giza,West Giza,Mohandessin,2nd,Yes,completed,2786373.67
135.7,2.0,2,0,1,1,1,Cairo,New Cairo,Heliopolis,2nd,Yes,under_construction,3820832.19
139.8,3.0,3,0,1,1,1,Luxor,West Bank,El Gezira,1st,Yes,completed,2085235.19
78.4,5.0,5,0,1,1,1,Cairo,New Cairo,First Settlement,2nd,Semi,off_plan,2807366.97
90.7,5.0,4,0,1,1,1,Ismailia,Central,El Afrang,1st,No,completed,1464602.89
74.8,4.0,3,0,1,1,1,Giza,West Giza,Dokki,1st,Semi,completed,2257686.55
107.7,3.0,2,0,1,1,1,Giza,West Giza,Sheikh Zayed,3rd,Semi,completed,6005022.0
88.9,3.0,2,0,1,1,1,Cairo,New Cairo,First Settlement,1st,Semi,under_construction,2746292.85
136.3,2.0,2,0,1,0,1,Tanta,Central,El Geish,1st,No,completed,2295720.8
125.6,2.0,1,0,1,1,0,Cairo,Old Cairo,Zamalek,2nd,No,completed,7922589.75
125.7,4.0,3,0,1,1,1,Mansoura,Central,El Mashaya,2nd,No,under_construction,1820840.08
75.8,1.0,1,0,1,0,1,Cairo,Old Cairo,Downtown,2nd,Semi,completed,2334408.35
158.5,2.0,1,0,1,0,1,Cairo,New Cairo,Madinaty,1st,No,under_construction,5013391.06
102.6,2.0,1,0,1,1,1,Ismailia,Central,El Sheikh Zayed,2nd,Semi,off_plan,1336961.67
177.7,3.0,2,0,1,1,1,Luxor,East Bank,El Awameya,1st,No,completed,1956993.05
122.5,2.0,2,0,0,1,1,Tanta,Central,Saeed,1st,No,completed,1640701.72
142.8,2.0,2,0,1,1,1,Cairo,New Cairo,Nasr City,1st,Yes,off_plan,3228722.1
195.6,3.0,2,0,0,1,1,Port Said,East,El Shark,2nd,No,completed,3767709.56
134.1,2.0,1,0,0,0,1,Giza,West Giza,Dokki,2nd,Yes,completed,4606091.68
228.2,,3,1,0,0,1,Cairo,Old Cairo,Downtown,1st,No,completed,7039185.41
153.7,3.0,2,0,1,0,1,Cairo,New Cairo,Madinaty,1st,Semi,under_construction,6219457.93
172.4,2.0,1,0,1,0,1,Tanta,Central,Saeed,1st,No,off_plan,1761590.13
79.5,5.0,5,0,1,1,1,Alexandria,East,Smouha,3rd,Semi,under_construction,2181315.29
119.5,4.0,3,0,1,1,1,Giza,West Giza,6th of October,3rd,No,under_construction,3401710.37
103.2,2.0,2,0,1,1,1,Cairo,Old Cairo,Maadi,1st,No,completed,3663096.78
107.6,3.0,3,0,1,0,1,Cairo,Old Cairo,Zamalek,2nd,Semi,under_construction,6040426.72
83.5,2.0,2,0,1,1,1,Cairo,Old Cairo,Maadi,2nd,No,completed,3202775.85
96.6,3.0,2,0,1,1,1,Giza,West Giza,Haram,1st,Semi,completed,2114214.85
140.3,3.0,2,0,1,1,1,Cairo,Old Cairo,Zamalek,1st,Yes,completed,9809477.92
124.2,3.0,3,0,1,1,1,Cairo,New Cairo,Madinaty,4th,Semi,off_plan,4690952.55
74.1,4.0,4,0,1,1,1,Alexandria,West,Borg El Arab,2nd,Yes,under_construction,1287144.25
204.9,3.0,2,0,1,1,1,Suez,South,El Suez District,1st,Semi,completed,2747948.55
293.3,2.0,1,0,1,0,1,Suez,South,El Suez District,2nd,No,completed,4438630.95
105.5,,3,1,1,1,1,Cairo,Old Cairo,Zamalek,2nd,No,off_plan,5893223.24
120.7,2.0,1,0,1,0,1,Giza,West Giza,Haram,3rd,Yes,completed,2640135.82
148.1,2.0,1,0,0,1,1,Cairo,New Cairo,First Settlement,1st,No,completed,6298619.18
88.1,1.0,1,0,1,1,1,Cairo,Old Cairo,Downtown,2nd,No,completed,2935906.25
90.4,4.0,4,0,1,1,1,Alexandria,West,Borg El Arab,2nd,No,under_construction,1260107.02
96.9,1.0,1,0,1,1,1,Suez,North,Faisal,1st,Yes,under_construction,1093435.27
105.1,3.0,3,0,1,0,1,Cairo,Old Cairo,Downtown,1st,Semi,under_construction,3081986.29
115.4,4.0,4,0,1,1,1,Suez,North,Faisal,1st,No,under_construction,1344787.46
72.8,1.0,1,0,1,1,1,Luxor,West Bank,El Gezira,1st,Semi,completed,1013644.18
190.0,4.0,4,0,1,0,1,Giza,New Giza,New Giza,1st,No,completed,10390067.93
76.7,1.0,1,0,1,0,1,Port Said,West,El Zohour,1st,Semi,under_construction,1341943.14
135.5,2.0,2,0,1,1,1,Cairo,New Cairo,Heliopolis,1st,No,completed,5179076.29
73.5,2.0,1,0,1,1,1,Cairo,Old Cairo,Zamalek,2nd,No,completed,4597695.12
91.0,2.0,1,0,0,1,1,Cairo,New Cairo,First Settlement,1st,Yes,completed,4258253.06
153.2,3.0,2,0,1,1,1,Cairo,Old Cairo,Zamalek,1st,No,completed,10874637.07
101.0,,3,1,1,1,1,Giza,West Giza,Dokki,2nd,No,under_construction,2377693.38
136.3,2.0,2,0,1,1,0,Tanta,Central,El Geish,2nd,Semi,completed,2638290.02
182.6,3.0,2,0,1,0,1,Port Said,East,El Manakh,2nd,No,completed,2822830.73
137.0,2.0,1,0,0,1,1,Cairo,New Cairo,Fifth Settlement,3rd,Semi,completed,7168775.39
109.4,2.0,2,0,1,1,1,Tanta,Central,El Geish,2nd,Yes,under_construction,1522069.28
120.0,2.0,2,0,1,1,1,Cairo,New Cairo,First Settlement,1st,Semi,completed,4596260.92
107.4,3.0,2,0,1,0,1,Cairo,Old Cairo,Downtown,1st,No,completed,3456689.29
79.3,3.0,2,0,1,1,1,Luxor,West Bank,El Gezira,1st,Yes,under_construction,953908.86
85.1,2.0,1,0,1,0,1,Luxor,East Bank,El Karnak,2nd,No,off_plan,809686.32
119.9,2.0,1,0,1,1,1,Suez,South,El Suez District,1st,No,completed,1583266.76
80.3,2.0,1,0,1,0,1,Cairo,New Cairo,First Settlement,2nd,Yes,under_construction,2741402.29
210.5,,1,1,1,1,1,Cairo,New Cairo,First Settlement,3rd,No,under_construction,6712293.08
109.6,3.0,2,0,1,0,1,Port Said,West,El Zohour,1st,No,completed,2322040.82
122.6,2.0,2,0,1,0,0,Giza,New Giza,New Giza,1st,Semi,completed,7288396.46
154.9,3.0,2,0,0,1,1,Giza,New Giza,New Giza,2nd,Yes,completed,9285693.33
101.6,2.0,2,0,0,1,1,Ismailia,Central,El Sheikh Zayed,1st,No,under_construction,1436594.56
72.0,2.0,1,0,1,1,1,Cairo,New Cairo,Heliopolis,1st,Yes,under_construction,2509032.99
109.7,3.0,2,0,1,1,1,Cairo,New Cairo,Rehab,1st,No,under_construction,3931893.86
131.0,3.0,3,0,0,1,1,Aswan,Central,El Sad El Ali,1st,No,under_construction,1688799.3
66.9,2.0,1,0,1,0,1,Cairo,New Cairo,Fifth Settlement,2nd,No,under_construction,2898478.5
99.0,5.0,4,0,1,1,1,Aswan,Central,El Sad El Ali,2nd,No,completed,1710056.57
105.5,3.0,2,0,1,0,1,Giza,New Giza,New Giza,1st,Yes,completed,7553289.95
109.5,,4,1,1,1,1,Cairo,Old Cairo,Zamalek,2nd,Yes,under_construction,6664918.75
145.2,4.0,3,0,0,1,1,Mansoura,Central,Toriel,1st,No,under_construction,2150214.36
161.2,2.0,1,0,1,1,1,Cairo,New Cairo,Rehab,2nd,Yes,completed,6666296.78
115.1,4.0,4,0,1,1,1,Cairo,Old Cairo,Maadi,3rd,No,off_plan,3397618.51
161.9,5.0,4,0,1,1,1,Ismailia,Central,El Sheikh Zayed,1st,Yes,under_construction,2235206.23
113.8,,3,1,1,1,1,Tanta,Central,Saeed,1st,No,under_construction,1233248.29
142.6,5.0,4,0,1,1,1,Cairo,Old Cairo,Downtown,1st,No,completed,4177909.71
121.0,3.0,3,0,1,1,1,Cairo,Old Cairo,Downtown,2nd,No,completed,3729057.95
211.2,5.0,4,0,1,1,1,Mansoura,Central,Toriel,1st,No,completed,2838729.14
105.9,2.0,2,0,0,1,1,Ismailia,Central,El Afrang,1st,No,completed,1486586.77
62.4,2.0,1,0,1,1,1,Alexandria,East,Sidi Bishr,2nd,No,completed,1447209.88
105.8,5.0,5,0,0,1,1,Ismailia,Central,El Afrang,1st,No,under_construction,1328767.63
141.9,2.0,1,0,1,1,0,Suez,North,El Arbaien,1st,Yes,under_construction,2348302.86
108.9,3.0,2,0,1,0,1,Ismailia,Central,El Afrang,1st,Yes,completed,1896589.89
161.3,2.0,1,0,1,1,1,Ismailia,Central,El Afrang,1st,Semi,under_construction,2254117.23
114.0,2.0,2,0,1,0,1,Cairo,Old Cairo,Maadi,2nd,Yes,completed,3984024.74
125.5,3.0,3,0,1,0,1,Alexandria,West,Borg El Arab,2nd,No,under_construction,1906849.61
114.3,4.0,4,0,1,1,1,Alexandria,East,Smouha,2nd,Yes,completed,3120530.25
185.8,3.0,2,0,1,1,1,Aswan,Central,El Sad El Ali,2nd,No,completed,2820454.76
80.9,3.0,3,0,1,1,1,Port Said,West,El Zohour,1st,Yes,off_plan,1321504.9
84.8,4.0,3,0,1,1,1,Ismailia,Central,El Sheikh Zayed,1st,No,completed,1593644.37
161.9,1.0,1,0,1,0,1,Cairo,Old Cairo,Zamalek,1st,No,under_construction,8877852.73
119.0,1.0,1,0,0,1,1,Mansoura,Central,Toriel,1st,No,completed,1896915.21
114.1,4.0,3,0,1,1,1,Giza,West Giza,Sheikh Zayed,2nd,Yes,completed,6501319.03
116.2,2.0,2,0,1,1,1,Tanta,Central,Saeed,1st,No,completed,1628741.57
170.5,2.0,1,0,1,0,1,Alexandria,West,Agami,1st,Yes,completed,3358543.56
86.6,3.0,2,0,1,0,1,Cairo,Old Cairo,Downtown,2nd,Yes,completed,2754587.92
78.2,2.0,1,0,1,0,1,Port Said,East,El Shark,1st,Semi,off_plan,1076786.15
133.0,2.0,2,0,1,0,1,Cairo,New Cairo,Heliopolis,2nd,Yes,off_plan,3970846.41
72.4,3.0,3,0,1,1,1,Ismailia,Central,El Afrang,1st,No,completed,1049962.79
63.8,2.0,2,0,1,1,1,Cairo,New Cairo,Rehab,2nd,No,completed,2970527.67
91.9,2.0,1,0,1,0,1,Cairo,Old Cairo,Zamalek,1st,No,completed,6784599.66
87.7,4.0,4,0,1,1,1,Cairo,Old Cairo,Zamalek,2nd,No,off_plan,3978873.92
81.2,4.0,4,0,1,0,1,Giza,West Giza,Sheikh Zayed,3rd,Yes,completed,4471943.17
95.2,3.0,3,0,1,0,1,Mansoura,Central,El Mashaya,2nd,Yes,completed,1620664.47
130.3,4.0,3,0,1,0,1,Cairo,New Cairo,First Settlement,2nd,No,completed,5491480.41
151.2,2.0,2,0,1,0,1,Suez,North,Faisal,1st,No,completed,2271694.23
104.4,2.0,1,0,1,1,1,Alexandria,East,Sidi Gaber,2nd,No,completed,2377172.08
105.2,3.0,2,0,1,1,1,Alexandria,East,Sidi Bishr,2nd,Yes,completed,2689801.04
125.9,3.0,2,0,1,1,1,Cairo,Old Cairo,Downtown,2nd,No,completed,4546842.6
137.7,2.0,2,0,0,1,1,Port Said,West,El Zohour,2nd,Yes,completed,2608420.65
133.2,3.0,3,0,1,1,1,Port Said,East,El Shark,2nd,No,completed,2350013.25
135.1,5.0,5,0,1,0,1,Giza,West Giza,Haram,3rd,Semi,under_construction,2571883.7
154.1,5.0,4,0,1,1,1,Cairo,New Cairo,Madinaty,2nd,Yes,under_construction,6090197.26
129.9,2.0,1,0,0,1,1,Port Said,West,El Zohour,2nd,No,completed,2593447.67
80.1,4.0,3,0,1,1,1,Giza,New Giza,New Giza,1st,No,completed,4821355.84
121.3,3.0,3,0,1,1,1,Suez,South,El Suez District,1st,No,completed,1895989.16
108.8,3.0,2,0,1,1,1,Cairo,Old Cairo,Maadi,1st,Yes,off_plan,3668677.46
107.8,2.0,2,0,1,1,1,Alexandria,East,Sidi Bishr,1st,No,completed,2702824.24
104.0,2.0,1,0,1,1,1,Alexandria,West,Agami,1st,Semi,completed,2515939.07
100.2,3.0,2,0,1,1,1,Giza,New Giza,New Giza,2nd,No,completed,5601883.75
60.3,3.0,3,0,0,1,1,Cairo,Old Cairo,Maadi,3rd,No,under_construction,1716352.85
192.4,2.0,2,0,1,0,1,Cairo,Old Cairo,Downtown,2nd,No,under_construction,4819326.25
158.3,2.0,1,0,1,0,1,Luxor,East Bank,El Awameya,1st,Semi,off_plan,1339357.53
124.7,2.0,1,0,0,1,1,Cairo,Old Cairo,Downtown,1st,No,completed,3900983.55
68.9,3.0,2,0,1,0,1,Cairo,Old Cairo,Maadi,1st,No,completed,3073238.82
149.9,3.0,2,0,1,1,1,Tanta,Central,El Geish,2nd,Yes,completed,2701972.29
87.7,5.0,5,0,1,1,1,Alexandria,East,Smouha,3rd,No,completed,2326041.41
157.2,2.0,2,0,1,0,1,Aswan,Central,El Sad El Ali,1st,No,completed,2387916.76
120.3,5.0,5,0,1,1,1,Cairo,New Cairo,Fifth Settlement,3rd,No,under_construction,6182134.11
83.4,2.0,2,0,1,1,1,Giza,West Giza,Dokki,1st,Semi,completed,2237817.23
76.7,4.0,4,0,0,1,1,Cairo,New Cairo,First Settlement,2nd,No,off_plan,2191344.16
87.1,2.0,2,0,1,1,1,Giza,West Giza,6th of October,2nd,No,completed,2714167.54
137.1,3.0,2,0,1,1,1,Cairo,Old Cairo,Zamalek,1st,Yes,completed,10295022.94
233.2,4.0,4,0,0,0,1,Giza,West Giza,Haram,2nd,No,off_plan,3458193.83
107.6,4.0,4,0,1,0,1,Giza,West Giza,6th of October,1st,No,completed,3760683.47
98.8,3.0,2,0,1,0,1,Ismailia,Central,El Afrang,1st,Yes,under_construction,1346651.15
90.5,2.0,2,0,1,1,1,Cairo,Old Cairo,Zamalek,2nd,Yes,completed,5600774.02
167.3,3.0,3,0,0,0,1,Cairo,New Cairo,First Settlement,3rd,No,under_construction,5621330.89
69.8,2.0,1,0,1,0,0,Mansoura,Central,El Mashaya,2nd,Yes,completed,1273654.82
174.3,1.0,1,0,0,1,1,Suez,South,El Suez District,2nd,Yes,under_construction,2356823.46
184.8,3.0,2,0,1,0,1,Cairo,New Cairo,First Settlement,2nd,Yes,completed,8497490.94
129.6,2.0,2,0,0,0,1,Mansoura,Central,Toriel,1st,Semi,completed,1912034.62
180.7,5.0,4,0,1,1,1,Cairo,Old Cairo,Zamalek,1st,No,under_construction,11236685.85
73.6,3.0,2,0,0,0,1,Cairo,Old Cairo,Zamalek,1st,No,completed,4606795.2
161.9,2.0,1,0,1,0,1,Giza,West Giza,Dokki,1st,No,completed,4980177.65
132.8,3.0,2,0,0,0,1,Giza,West Giza,Haram,3rd,Semi,under_construction,2073673.33
159.5,4.0,4,0,1,0,1,Cairo,New Cairo,Fifth Settlement,3rd,No,completed,7559615.85
83.5,3.0,3,0,1,1,1,Luxor,West Bank,El Gezira,1st,No,completed,1109044.98
193.2,2.0,1,0,1,1,1,Cairo,Old Cairo,Maadi,2nd,Semi,completed,6761934.73
217.7,3.0,3,0,1,1,1,Giza,West Giza,Dokki,2nd,No,completed,7422846.29
85.7,4.0,3,0,1,1,1,Mansoura,Central,Toriel,1st,No,completed,1474679.06
135.4,2.0,2,0,1,1,1,Suez,South,El Suez District,2nd,Yes,under_construction,1587834.01
184.6,4.0,4,0,1,1,1,Cairo,New Cairo,First Settlement,1st,No,completed,7429070.87
192.9,2.0,2,0,1,1,1,Luxor,West Bank,El Gezira,1st,No,completed,2976498.52
72.0,3.0,3,0,1,1,1,Alexandria,East,Smouha,3rd,Semi,completed,1973966.02
66.5,3.0,2,0,0,1,1,Cairo,New Cairo,First Settlement,3rd,Yes,under_construction,2483730.43
134.7,2.0,1,0,1,0,1,Cairo,Old Cairo,Maadi,1st,Semi,completed,6005608.65
217.7,,2,1,1,1,1,Giza,New Giza,New Giza,1st,Yes,completed,12876695.68
120.7,3.0,2,0,0,1,1,Giza,New Giza,New Giza,2nd,Semi,completed,7484041.18
111.9,3.0,2,0,0,1,1,Cairo,New Cairo,First Settlement,1st,No,completed,4702420.48
112.9,2.0,2,0,0,1,1,Cairo,New Cairo,Nasr City,2nd,Yes,off_plan,2225889.3
126.4,4.0,4,0,1,1,1,Cairo,New Cairo,Fifth Settlement,1st,No,completed,6360944.1
93.1,1.0,1,0,1,1,1,Alexandria,East,Sidi Bishr,1st,No,under_construction,2017833.4
88.0,5.0,4,0,0,0,1,Cairo,Old Cairo,Maadi,3rd,No,under_construction,3251100.81
161.7,3.0,2,0,1,1,1,Cairo,New Cairo,First Settlement,1st,Yes,completed,7131783.55
93.9,3.0,2,0,1,1,1,Port Said,West,El Zohour,1st,No,under_construction,1448168.84
74.9,3.0,2,0,1,0,1,Cairo,New Cairo,Nasr City,1st,No,off_plan,1722132.67
101.0,2.0,1,0,0,1,1,Cairo,New Cairo,Madinaty,4th,No,completed,4907080.36
180.8,5.0,5,0,1,1,1,Giza,New Giza,New Giza,1st,No,completed,11123462.07
159.6,4.0,3,0,1,1,1,Cairo,Old Cairo,Downtown,1st,No,off_plan,4492860.87
192.8,4.0,3,0,1,1,1,Giza,West Giza,Haram,2nd,No,under_construction,3339414.6
66.1,4.0,3,0,1,1,1,Suez,South,El Suez District,2nd,Yes,completed,1181107.03
83.7,3.0,2,0,1,0,1,Port Said,West,El Zohour,2nd,No,completed,1684769.79
77.1,2.0,1,0,1,1,1,Luxor,West Bank,El Gezira,1st,Semi,completed,1070195.93
91.5,3.0,2,0,1,1,1,Aswan,Central,El Shallal,1st,Yes,off_plan,1153158.58
221.2,3.0,2,0,1,1,1,Cairo,New Cairo,Fifth Settlement,1st,Semi,completed,10874518.89
94.7,,3,1,0,0,1,Cairo,Old Cairo,Maadi,3rd,No,completed,3696919.79
142.5,2.0,2,0,0,1,1,Giza,New Giza,New Giza,1st,Yes,completed,8560129.06
184.2,3.0,2,0,1,0,1,Giza,New Giza,New Giza,2nd,No,under_construction,7753444.04
195.3,2.0,2,0,0,1,1,Cairo,New Cairo,Fifth Settlement,1st,Semi,completed,9973141.09
142.6,3.0,2,0,1,1,1,Cairo,New Cairo,Heliopolis,1st,No,completed,4667634.31
125.9,,2,1,1,1,1,Luxor,East Bank,El Karnak,1st,No,under_construction,1334645.14
169.8,2.0,2,0,1,0,1,Luxor,West Bank,El Gezira,1st,No,completed,2291878.91
307.2,2.0,1,0,1,1,1,Luxor,East Bank,El Awameya,1st,No,completed,2756896.97
231.7,2.0,1,0,1,1,1,Aswan,Central,El Shallal,1st,Semi,completed,3220664.38
106.9,4.0,4,0,1,0,0,Tanta,Central,El Geish,2nd,Semi,completed,2021885.62
250.4,4.0,3,0,1,0,1,Mansoura,Central,Toriel,1st,Semi,completed,3606835.81
213.7,3.0,3,0,1,1,1,Giza,West Giza,Haram,2nd,No,completed,4650309.63
140.9,4.0,4,0,0,1,1,Cairo,Old Cairo,Maadi,1st,Semi,completed,4826358.59
93.0,2.0,1,0,1,1,1,Suez,North,El Arbaien,2nd,No,under_construction,1329606.14
100.2,2.0,2,0,1,1,1,Ismailia,Central,El Afrang,1st,No,completed,1417119.96
178.3,4.0,4,0,0,1,1,Alexandria,West,Agami,1st,Yes,completed,4400540.12
80.4,2.0,1,0,1,1,1,Alexandria,West,Agami,1st,No,under_construction,1508264.9
84.4,2.0,2,0,1,0,1,Giza,New Giza,New Giza,1st,Semi,under_construction,4403305.34
139.9,3.0,2,0,1,1,1,Giza,West Giza,6th of October,1st,Yes,completed,4358070.66
109.5,3.0,3,0,1,1,1,Aswan,Central,El Sad El Ali,2nd,No,off_plan,1229368.21
86.2,3.0,2,0,1,1,1,Giza,New Giza,New Giza,1st,No,completed,5329951.22
164.5,4.0,4,0,1,0,1,Suez,North,Faisal,1st,Yes,under_construction,2327225.21
119.3,1.0,1,0,1,0,1,Giza,West Giza,Sheikh Zayed,3rd,No,under_construction,4732007.21
108.2,3.0,2,0,1,1,1,Cairo,Old Cairo,Downtown,1st,Yes,completed,4532415.92
93.4,1.0,1,0,1,1,1,Cairo,New Cairo,Nasr City,4th,Yes,off_plan,1893216.37
180.1,2.0,1,0,1,0,1,Luxor,East Bank,El Karnak,1st,Yes,completed,2458899.99
64.7,2.0,1,0,1,0,1,Cairo,New Cairo,First Settlement,3rd,Yes,completed,2608295.48
73.7,2.0,1,0,1,0,1,Luxor,West Bank,El Gezira,1st,Yes,completed,1133778.02
48.2,3.0,3,0,0,1,1,Aswan,Central,El Sad El Ali,2nd,No,completed,752225.25
124.5,4.0,3,0,0,1,0,Giza,New Giza,New Giza,2nd,No,completed,7311515.85
123.3,3.0,2,0,0,1,1,Cairo,Old Cairo,Downtown,1st,Semi,completed,4276339.61
126.6,2.0,1,0,1,1,1,Cairo,Old Cairo,Maadi,1st,Yes,completed,3892639.24
111.5,4.0,3,0,1,1,1,Giza,New Giza,New Giza,1st,No,under_construction,5330424.07
133.7,3.0,2,0,1,1,1,Port Said,East,El Manakh,1st,No,off_plan,1580290.03
89.8,2.0,2,0,1,1,1,Cairo,New Cairo,Heliopolis,1st,No,completed,2887877.16
80.5,3.0,3,0,1,1,1,Cairo,New Cairo,Madinaty,3rd,Semi,under_construction,3191525.87
159.3,3.0,2,0,1,1,1,Tanta,Central,El Geish,1st,Yes,under_construction,2254578.51
142.7,4.0,3,0,1,1,1,Giza,New Giza,New Giza,1st,Semi,under_construction,7153630.75
143.5,5.0,4,0,1,0,1,Cairo,New Cairo,Rehab,3rd,No,under_construction,5265844.32
121.1,4.0,4,0,1,0,1,Giza,New Giza,New Giza,1st,No,completed,7160605.49
113.8,2.0,2,0,1,1,1,Cairo,New Cairo,Fifth Settlement,2nd,No,completed,6567050.36
105.3,5.0,4,0,1,1,1,Cairo,Old Cairo,Zamalek,2nd,No,completed,6523365.03
98.7,4.0,3,0,0,1,1,Cairo,New Cairo,First Settlement,1st,No,completed,4230040.12
155.5,4.0,3,0,1,1,1,Mansoura,Central,Toriel,1st,Semi,under_construction,1841635.32
114.2,2.0,1,0,1,1,1,Ismailia,Central,El Afrang,1st,No,under_construction,1439349.21
174.9,3.0,3,0,1,1,1,Giza,New Giza,New Giza,1st,Semi,completed,11198379.62
157.6,4.0,4,0,1,1,1,Cairo,New Cairo,First Settlement,2nd,No,completed,6927610.49
83.8,4.0,3,0,1,1,1,Cairo,New Cairo,First Settlement,3rd,Yes,completed,3407309.83
204.7,5.0,4,0,1,1,1,Cairo,New Cairo,Madinaty,2nd,Yes,completed,10537133.05
93.8,3.0,2,0,1,0,1,Cairo,New Cairo,First Settlement,2nd,Yes,completed,4016068.14
41.0,3.0,2,0,0,1,1,Giza,New Giza,New Giza,2nd,No,completed,2595404.05
115.1,2.0,2,0,1,1,1,Alexandria,East,Sidi Gaber,2nd,Yes,completed,3196814.04
132.4,3.0,2,0,1,1,1,Cairo,Old Cairo,Zamalek,1st,No,completed,8582358.13
142.4,2.0,2,0,1,1,1,Port Said,East,El Manakh,2nd,Semi,completed,2233798.26
142.9,2.0,2,0,1,1,1,Cairo,Old Cairo,Downtown,2nd,Semi,completed,5113741.07
196.9,2.0,2,0,1,0,1,Ismailia,Central,El Sheikh Zayed,1st,Semi,off_plan,2447039.02
127.5,4.0,3,0,0,0,1,Alexandria,East,Sidi Gaber,1st,Yes,under_construction,3052830.03
100.9,5.0,5,0,1,1,1,Cairo,New Cairo,Rehab,1st,No,under_construction,3511843.77
96.0,3.0,3,0,1,1,1,Giza,West Giza,Haram,1st,No,completed,2063420.25
116.2,4.0,4,0,1,1,1,Cairo,New Cairo,Nasr City,2nd,Semi,off_plan,2669387.68
88.5,2.0,1,0,1,1,0,Giza,West Giza,Haram,2nd,Yes,completed,1993916.46
121.7,4.0,3,0,1,1,1,Giza,West Giza,Dokki,1st,No,off_plan,2898963.97
86.6,3.0,3,0,1,1,1,Tanta,Central,El Geish,1st,No,under_construction,1292063.01
153.1,3.0,2,0,1,1,1,Ismailia,Central,El Sheikh Zayed,2nd,Yes,under_construction,2387935.58
172.6,3.0,2,0,0,1,1,Cairo,New Cairo,Madinaty,3rd,No,completed,8598062.38
171.2,1.0,1,0,1,1,1,Giza,West Giza,Mohandessin,1st,No,completed,5961798.98
103.5,1.0,1,0,1,0,1,Alexandria,East,Sidi Gaber,2nd,Yes,completed,2719257.66
115.0,3.0,2,0,0,0,1,Tanta,Central,Saeed,1st,Semi,off_plan,1100402.37
272.1,4.0,3,0,1,1,1,Alexandria,West,Borg El Arab,2nd,No,completed,4675984.24
64.3,1.0,1,0,1,1,1,Cairo,Old Cairo,Zamalek,2nd,No,under_construction,3641413.33
96.5,4.0,3,0,1,1,1,Tanta,Central,Saeed,1st,Semi,off_plan,1003354.29
186.4,2.0,1,0,1,1,1,Giza,New Giza,New Giza,2nd,Yes,completed,10518317.13
141.5,3.0,2,0,1,1,1,Giza,New Giza,New Giza,2nd,No,completed,7650459.01
99.1,3.0,3,0,1,1,1,Cairo,New Cairo,Rehab,2nd,No,completed,5174498.78
58.7,5.0,4,0,1,0,1,Cairo,New Cairo,Nasr City,3rd,Yes,completed,2289279.82
205.1,2.0,1,0,1,1,1,Alexandria,East,Sidi Gaber,2nd,Semi,under_construction,4194355.42
87.0,3.0,2,0,1,1,1,Cairo,Old Cairo,Zamalek,2nd,No,completed,5869635.78
135.6,2.0,2,0,1,1,1,Cairo,Old Cairo,Downtown,2nd,Semi,off_plan,3193115.76
107.6,5.0,4,0,1,0,1,Mansoura,Central,Toriel,1st,No,off_plan,1350138.9
166.1,2.0,1,0,1,1,1,Alexandria,West,Agami,2nd,No,completed,3529699.7
124.6,2.0,2,0,0,1,0,Giza,West Giza,Mohandessin,2nd,No,completed,4043080.05
188.1,4.0,4,0,1,1,1,Port Said,East,El Manakh,1st,Semi,off_plan,2481733.85
150.7,,3,1,1,0,1,Ismailia,Central,El Sheikh Zayed,1st,Yes,under_construction,2615835.25
189.3,2.0,1,0,1,1,1,Alexandria,West,Agami,2nd,Semi,under_construction,3266918.4
101.4,2.0,2,0,1,1,1,Cairo,Old Cairo,Zamalek,1st,Semi,completed,6736962.5
97.0,4.0,3,0,1,1,1,Giza,New Giza,New Giza,1st,Semi,completed,6251328.62
148.9,3.0,2,0,1,1,1,Giza,West Giza,6th of October,2nd,Yes,completed,5053905.98
112.1,2.0,1,0,1,1,1,Port Said,West,El Zohour,2nd,Semi,completed,2347469.5
150.4,5.0,4,0,1,0,1,Cairo,New Cairo,Fifth Settlement,1st,No,completed,8073799.47
153.0,3.0,2,0,1,1,1,Cairo,New Cairo,Rehab,2nd,No,completed,6305940.66
174.7,5.0,4,0,0,1,1,Cairo,Old Cairo,Zamalek,1st,Yes,completed,12685593.31
140.7,4.0,3,0,1,1,1,Tanta,Central,El Geish,1st,No,under_construction,1837518.29
158.3,2.0,1,0,1,1,1,Giza,West Giza,Haram,3rd,Yes,under_construction,3165122.01
131.7,3.0,2,0,0,1,1,Giza,New Giza,New Giza,1st,Semi,completed,8103522.73
126.4,4.0,3,0,1,1,1,Giza,New Giza,New Giza,1st,Yes,completed,7680248.77
88.1,3.0,3,0,1,1,0,Cairo,Old Cairo,Downtown,1st,No,completed,2740345.44
117.5,1.0,1,0,1,1,0,Aswan,Central,El Sad El Ali,1st,No,completed,1582859.47
210.8,2.0,1,0,1,1,1,Giza,New Giza,New Giza,1st,No,completed,12013696.24
79.4,3.0,2,0,1,0,1,Mansoura,Central,El Mashaya,1st,No,completed,1451321.61
111.6,2.0,1,0,1,0,1,Suez,South,El Suez District,2nd,Yes,completed,1589883.61
88.6,3.0,3,0,1,1,1,Ismailia,Central,El Afrang,1st,Yes,completed,1505582.13
96.9,4.0,4,0,1,1,1,Tanta,Central,Saeed,1st,Semi,completed,1488141.85
153.1,,2,1,0,1,0,Cairo,New Cairo,Fifth Settlement,1st,No,under_construction,7557911.79
59.5,3.0,2,0,1,1,1,Tanta,Central,Saeed,1st,Semi,off_plan,639958.91
130.8,2.0,1,0,1,1,1,Suez,South,El Suez District,2nd,Semi,under_construction,1868115.03
118.1,4.0,4,0,0,1,1,Alexandria,East,Sidi Bishr,1st,Yes,under_construction,2073124.63
110.4,3.0,3,0,1,0,1,Giza,West Giza,Haram,3rd,No,under_construction,1736688.86
137.2,5.0,5,0,1,0,1,Suez,South,El Suez District,1st,Semi,under_construction,2022761.54
93.7,2.0,1,0,1,1,1,Luxor,West Bank,El Gezira,1st,No,off_plan,795843.6
82.4,5.0,5,0,1,0,1,Cairo,New Cairo,Madinaty,1st,Semi,completed,4202679.61
82.4,2.0,1,0,1,0,1,Aswan,Central,El Sad El Ali,2nd,Yes,under_construction,1045257.45
61.5,3.0,3,0,1,0,1,Cairo,Old Cairo,Maadi,1st,No,under_construction,2151559.92
191.5,3.0,2,0,1,1,1,Alexandria,East,Sidi Gaber,1st,No,completed,5120090.69
55.9,,4,1,1,0,1,Alexandria,East,Sidi Bishr,1st,No,off_plan,1043813.16
64.8,2.0,2,0,0,0,1,Ismailia,Central,El Afrang,1st,No,completed,1013362.34
154.7,2.0,2,0,1,0,1,Alexandria,West,Agami,2nd,No,completed,2861582.04
97.9,,2,1,0,1,1,Ismailia,Central,El Afrang,1st,Semi,completed,1540962.07
82.4,3.0,2,0,1,0,0,Tanta,Central,El Geish,2nd,No,completed,1380231.8
153.8,3.0,3,0,1,1,1,Giza,West Giza,Mohandessin,1st,Semi,under_construction,4382156.12
138.6,5.0,5,0,1,0,1,Cairo,Old Cairo,Downtown,2nd,No,completed,4941790.81
192.4,2.0,1,0,1,1,1,Suez,South,El Suez District,1st,No,completed,2860151.52
109.9,3.0,2,0,1,0,1,Cairo,New Cairo,Heliopolis,1st,No,completed,3706371.35
159.2,3.0,3,0,1,1,1,Cairo,New Cairo,Heliopolis,1st,No,completed,5584941.6
93.3,4.0,3,0,1,0,1,Giza,New Giza,New Giza,1st,No,completed,5620231.85
85.4,3.0,3,0,0,1,1,Cairo,Old Cairo,Zamalek,1st,No,completed,5425327.34
128.1,3.0,2,0,1,1,1,Tanta,Central,Saeed,1st,No,completed,1698976.27
219.7,2.0,1,0,1,1,1,Alexandria,West,Agami,1st,No,completed,4530495.95
98.3,5.0,4,0,1,0,1,Giza,West Giza,Sheikh Zayed,3rd,No,completed,4563696.58
125.9,2.0,1,0,1,0,1,Cairo,Old Cairo,Maadi,2nd,Semi,completed,4458586.57
42.9,3.0,2,0,1,0,1,Suez,South,El Suez District,2nd,No,completed,668940.72
136.5,3.0,2,0,1,1,0,Giza,New Giza,New Giza,2nd,No,off_plan,5928635.11
60.5,5.0,5,0,1,1,1,Giza,West Giza,6th of October,1st,Semi,completed,2282363.13
118.8,1.0,1,0,0,1,1,Ismailia,Central,El Sheikh Zayed,2nd,Yes,completed,1792972.66
93.1,2.0,1,0,1,1,1,Giza,West Giza,Sheikh Zayed,3rd,No,under_construction,3836931.5
69.3,3.0,2,0,1,1,1,Giza,West Giza,Mohandessin,2nd,No,completed,2555196.48
174.1,2.0,2,0,1,0,1,Cairo,New Cairo,Heliopolis,1st,Yes,completed,6390163.54
99.2,3.0,2,0,1,1,1,Giza,New Giza,New Giza,2nd,No,completed,6124186.5
143.3,3.0,3,0,1,1,1,Giza,New Giza,New Giza,1st,Semi,under_construction,6568042.71
116.5,3.0,2,0,1,1,1,Alexandria,West,Borg El Arab,1st,Semi,completed,2126235.34
111.5,5.0,4,0,1,1,1,Giza,New Giza,New Giza,1st,No,off_plan,5077443.29
86.7,2.0,1,0,1,0,1,Giza,New Giza,New Giza,2nd,No,under_construction,3413053.9
115.8,2.0,1,0,1,0,1,Ismailia,Central,El Afrang,1st,No,completed,1796068.32
89.0,5.0,4,0,0,1,1,Port Said,East,El Manakh,1st,Yes,under_construction,1342626.06
200.7,3.0,2,0,0,1,1,Giza,West Giza,Sheikh Zayed,3rd,No,completed,8381692.11
181.3,2.0,2,0,1,0,1,Cairo,New Cairo,Nasr City,4th,No,under_construction,3969083.0
95.0,3.0,2,0,1,1,1,Giza,West Giza,6th of October,3rd,No,completed,3061705.83
157.5,1.0,1,0,0,0,1,Alexandria,East,Sidi Gaber,1st,Yes,completed,4040957.63
132.2,3.0,2,0,1,0,1,Cairo,Old Cairo,Maadi,1st,No,under_construction,3780333.21
86.7,2.0,1,0,0,0,1,Giza,New Giza,New Giza,1st,No,completed,4590791.7
118.6,1.0,1,0,1,1,1,Giza,New Giza,New Giza,2nd,No,completed,6626222.81
180.4,2.0,1,0,1,1,1,Cairo,Old Cairo,Maadi,2nd,Semi,under_construction,5305994.53
66.8,2.0,1,0,1,0,1,Alexandria,West,Agami,1st,Semi,completed,1653653.06
105.1,2.0,1,0,1,1,0,Cairo,New Cairo,Nasr City,2nd,No,completed,2848367.5
194.6,1.0,1,0,1,1,1,Ismailia,Central,El Sheikh Zayed,1st,No,under_construction,2462437.97
120.2,2.0,1,0,1,1,1,Giza,West Giza,Mohandessin,1st,No,completed,3808671.86
62.2,,5,1,1,1,1,Suez,South,El Suez District,1st,Semi,completed,959183.46
135.2,2.0,1,0,0,0,1,Giza,New Giza,New Giza,2nd,No,completed,7953488.7
141.2,1.0,1,0,1,1,1,Luxor,West Bank,El Gezira,1st,Yes,off_plan,1588337.24
76.1,1.0,1,0,1,0,1,Cairo,Old Cairo,Zamalek,2nd,Yes,completed,5708415.37
78.6,,3,1,1,1,1,Giza,New Giza,New Giza,2nd,Semi,completed,4616427.17
149.9,3.0,2,0,1,0,1,Giza,New Giza,New Giza,2nd,Yes,completed,8883170.06
194.1,4.0,4,0,1,1,1,Luxor,East Bank,El Karnak,1st,No,off_plan,1804363.76
157.5,3.0,2,0,0,1,1,Cairo,New Cairo,Fifth Settlement,2nd,Yes,off_plan,7055973.59
93.2,4.0,3,0,1,1,1,Cairo,New Cairo,Rehab,3rd,Semi,completed,4710907.67
144.7,2.0,2,0,1,1,1,Cairo,New Cairo,Heliopolis,1st,No,completed,4758309.94
77.2,1.0,1,0,1,1,0,Giza,New Giza,New Giza,2nd,Semi,under_construction,3820677.74
120.1,1.0,1,0,1,1,1,Cairo,New Cairo,Rehab,2nd,No,under_construction,3622392.2
182.2,3.0,3,0,1,1,1,Alexandria,West,Agami,1st,No,completed,3643851.58
166.1,3.0,3,0,1,1,1,Alexandria,West,Agami,2nd,No,under_construction,3202171.09
155.3,4.0,3,0,1,0,1,Alexandria,West,Borg El Arab,1st,Semi,completed,2598683.05
329.2,4.0,4,0,1,1,1,Mansoura,Central,Toriel,1st,No,completed,4393220.6
142.7,3.0,2,0,1,1,1,Suez,North,Faisal,1st,Semi,completed,1921356.31
157.0,2.0,1,0,1,0,1,Tanta,Central,Saeed,1st,Yes,under_construction,1930924.26
118.8,2.0,1,0,1,0,1,Alexandria,East,Sidi Gaber,2nd,Semi,under_construction,2461469.08
131.1,2.0,2,0,1,1,1,Alexandria,East,Sidi Gaber,1st,Semi,off_plan,2437139.03
155.2,2.0,2,0,1,1,1,Ismailia,Central,El Afrang,1st,No,off_plan,1791925.62
101.1,3.0,3,0,1,1,1,Aswan,Central,El Shallal,1st,Semi,under_construction,1094878.66
60.0,2.0,1,0,1,1,1,Cairo,Old Cairo,Maadi,1st,No,completed,2274414.45
179.9,1.0,1,0,0,0,1,Alexandria,East,Sidi Bishr,2nd,Semi,completed,4158621.78
85.3,2.0,2,0,1,1,1,Cairo,New Cairo,Rehab,3rd,No,completed,4207438.15
70.1,5.0,4,0,0,1,1,Giza,New Giza,New Giza,2nd,No,completed,4408915.26
67.3,3.0,3,0,1,0,1,Cairo,Old Cairo,Maadi,1st,Semi,under_construction,2326780.67
225.6,,1,1,1,1,1,Giza,West Giza,6th of October,3rd,No,off_plan,5558240.5
105.6,3.0,3,0,1,1,1,Mansoura,Central,Toriel,1st,No,completed,1582301.35
197.0,1.0,1,0,1,1,1,Giza,New Giza,New Giza,1st,No,completed,11956415.74
115.2,3.0,2,0,1,1,1,Port Said,West,El Zohour,1st,No,completed,2331265.64
193.4,3.0,2,0,1,1,1,Alexandria,East,Sidi Bishr,1st,No,under_construction,4338888.64
158.5,2.0,2,0,1,1,1,Giza,West Giza,Mohandessin,2nd,No,completed,5609863.03
56.7,5.0,4,0,1,1,1,Tanta,Central,El Geish,1st,No,off_plan,777488.71
173.6,2.0,2,0,1,1,1,Cairo,Old Cairo,Maadi,3rd,No,completed,6306385.92
106.1,4.0,3,0,1,0,1,Port Said,East,El Shark,1st,Semi,completed,2022523.7
125.6,2.0,1,0,1,1,1,Giza,New Giza,New Giza,1st,No,completed,7663986.04
181.0,2.0,2,0,1,1,1,Cairo,New Cairo,Heliopolis,1st,Yes,under_construction,5467497.85
139.9,4.0,4,0,1,0,1,Mansoura,Central,Toriel,1st,Yes,off_plan,1785327.36
143.9,4.0,4,0,1,1,1,Giza,New Giza,New Giza,1st,Yes,completed,10247729.28
69.5,1.0,1,0,1,0,1,Cairo,New Cairo,Madinaty,4th,Yes,under_construction,2583023.27
110.8,4.0,4,0,0,1,1,Ismailia,Central,El Afrang,1st,No,completed,1707967.77
218.8,3.0,2,0,1,1,1,Tanta,Central,Saeed,1st,Yes,completed,2769821.59
170.2,3.0,2,0,1,0,1,Cairo,New Cairo,Nasr City,1st,No,completed,4450047.92
210.1,3.0,2,0,1,0,0,Alexandria,East,Sidi Gaber,2nd,Yes,under_construction,4516852.41
86.5,2.0,2,0,0,0,1,Giza,West Giza,6th of October,1st,No,under_construction,2067295.3
56.6,4.0,3,0,0,1,1,Suez,South,El Suez District,1st,No,under_construction,768119.95
105.8,2.0,2,0,1,1,1,Giza,New Giza,New Giza,2nd,Yes,completed,7584593.32
400.2,2.0,1,0,1,0,1,Cairo,New Cairo,Heliopolis,1st,No,completed,12840850.58
152.1,3.0,2,0,1,0,1,Giza,West Giza,Sheikh Zayed,1st,No,completed,6663304.7
203.9,1.0,1,0,1,1,1,Cairo,New Cairo,Nasr City,1st,No,completed,5225733.77
215.9,4.0,4,0,1,1,1,Suez,South,El Suez District,1st,No,completed,3245438.39
242.7,2.0,1,0,0,1,1,Port Said,East,El Manakh,1st,Semi,under_construction,2754779.43
135.5,3.0,3,0,1,1,1,Ismailia,Central,El Afrang,1st,No,under_construction,1586823.13
166.2,2.0,1,0,0,0,1,Suez,South,El Suez District,1st,No,off_plan,1425067.01
77.1,2.0,1,0,1,1,1,Giza,West Giza,Dokki,2nd,Yes,completed,2640796.73
156.0,4.0,4,0,0,1,1,Cairo,New Cairo,Madinaty,1st,Semi,under_construction,5560925.16
92.7,3.0,2,0,1,1,1,Cairo,Old Cairo,Downtown,2nd,No,completed,3159466.97
111.4,1.0,1,0,1,1,1,Port Said,West,El Zohour,2nd,No,under_construction,1680221.98
210.7,3.0,3,0,0,0,1,Ismailia,Central,El Sheikh Zayed,1st,No,completed,3533664.66
111.8,5.0,4,0,1,1,1,Alexandria,West,Agami,2nd,No,completed,2611864.09
87.5,3.0,2,0,0,1,1,Alexandria,West,Borg El Arab,1st,Yes,completed,1613816.92
88.7,4.0,4,0,1,0,1,Luxor,East Bank,El Awameya,1st,No,completed,1155866.88
92.5,2.0,1,0,1,1,1,Luxor,West Bank,El Gezira,1st,No,completed,1385673.59
182.7,3.0,3,0,1,1,1,Cairo,New Cairo,Fifth Settlement,2nd,Yes,completed,9030846.88
224.7,4.0,3,0,1,1,1,Tanta,Central,Saeed,1st,Semi,completed,3073440.33
198.8,3.0,3,0,1,0,1,Cairo,Old Cairo,Maadi,3rd,Yes,completed,7681985.55
232.5,5.0,5,0,1,1,1,Alexandria,West,Agami,1st,No,completed,4814834.8
293.1,4.0,4,0,1,1,1,Suez,North,Faisal,1st,No,completed,3699981.12
82.0,2.0,1,0,1,0,1,Tanta,Central,El Geish,2nd,Yes,completed,1322775.48
82.9,3.0,2,0,1,1,1,Cairo,New Cairo,Heliopolis,2nd,No,completed,2556564.68
151.9,3.0,2,0,1,1,1,Ismailia,Central,El Afrang,1st,Semi,completed,1943978.67
122.6,2.0,1,0,1,1,1,Cairo,New Cairo,Fifth Settlement,2nd,Yes,completed,6433469.48
142.9,3.0,3,0,1,1,1,Giza,West Giza,6th of October,3rd,Yes,under_construction,4493694.94
122.5,2.0,1,0,1,0,1,Cairo,Old Cairo,Maadi,2nd,Yes,completed,4520768.09
76.5,1.0,1,0,1,0,1,Giza,West Giza,Sheikh Zayed,3rd,No,completed,3195019.51
153.8,3.0,3,0,1,1,1,Port Said,East,El Manakh,2nd,No,under_construction,1689568.59
127.5,2.0,2,0,1,1,1,Suez,North,El Arbaien,1st,Yes,completed,2370722.53
141.0,1.0,1,0,1,1,1,Alexandria,East,Sidi Bishr,2nd,No,completed,3263363.78
168.0,2.0,2,0,1,1,1,Giza,West Giza,6th of October,3rd,No,completed,5125469.53
157.6,4.0,4,0,1,1,1,Cairo,New Cairo,Madinaty,1st,No,completed,7399657.52
137.7,2.0,2,0,0,0,1,Giza,West Giza,Dokki,1st,No,completed,4249499.91
148.4,2.0,1,0,1,1,1,Giza,New Giza,New Giza,1st,Yes,under_construction,8105721.65
84.5,3.0,2,0,1,1,1,Cairo,New Cairo,Heliopolis,1st,No,completed,3247991.7
202.6,5.0,4,0,1,1,1,Cairo,New Cairo,Nasr City,2nd,No,off_plan,4282455.16
111.8,3.0,2,0,1,1,1,Cairo,New Cairo,Madinaty,4th,No,completed,4979666.8
148.5,3.0,2,0,1,1,1,Alexandria,West,Borg El Arab,2nd,Semi,under_construction,2302423.47
99.5,4.0,3,0,1,1,1,Alexandria,East,Sidi Gaber,1st,Yes,completed,2802088.61
166.2,3.0,3,0,1,1,1,Cairo,Old Cairo,Zamalek,2nd,No,completed,11075007.39
136.3,5.0,5,0,0,1,1,Cairo,New Cairo,First Settlement,3rd,Yes,completed,6371370.48
162.9,1.0,1,0,1,1,1,Port Said,West,El Zohour,1st,Semi,completed,3259137.71
106.9,2.0,1,0,1,1,1,Cairo,New Cairo,Madinaty,2nd,Semi,completed,5523255.59
105.1,5.0,5,0,1,0,1,Cairo,New Cairo,Nasr City,1st,No,off_plan,2524527.09
68.3,5.0,4,0,1,1,1,Mansoura,Central,El Mashaya,2nd,Yes,completed,1490412.02
154.1,2.0,2,0,1,1,1,Cairo,Old Cairo,Zamalek,2nd,Yes,completed,8776302.15
134.6,5.0,5,0,1,1,1,Cairo,Old Cairo,Zamalek,1st,Yes,completed,8677453.63
130.4,3.0,3,0,1,0,1,Mansoura,Central,Toriel,1st,No,completed,2188387.02
114.6,3.0,2,0,1,1,1,Ismailia,Central,El Sheikh Zayed,2nd,No,completed,2050715.36
92.6,2.0,1,0,1,1,0,Suez,South,El Suez District,2nd,No,completed,1437377.39
240.8,4.0,3,0,1,0,1,Aswan,Central,El Sad El Ali,2nd,No,completed,3133056.5
152.4,3.0,2,0,0,1,1,Cairo,New Cairo,Heliopolis,2nd,No,completed,5453958.93
151.5,1.0,1,0,1,1,1,Port Said,East,El Shark,2nd,No,completed,2654047.67
68.0,3.0,3,0,1,1,1,Luxor,East Bank,El Awameya,1st,No,completed,869521.36
157.3,2.0,1,0,1,1,1,Cairo,Old Cairo,Downtown,1st,Yes,under_construction,4368448.93
140.8,2.0,1,0,0,1,1,Tanta,Central,El Geish,2nd,No,completed,1902422.24
115.6,3.0,3,0,1,0,1,Suez,South,El Suez District,2nd,Yes,completed,1972699.08
177.0,3.0,2,0,1,1,1,Cairo,Old Cairo,Downtown,1st,No,completed,5999769.36
136.3,2.0,1,0,1,1,1,Giza,West Giza,Sheikh Zayed,3rd,Yes,completed,6878359.94
162.9,3.0,2,0,0,0,1,Cairo,Old Cairo,Downtown,1st,No,completed,5047690.71
114.9,1.0,1,0,0,0,1,Luxor,West Bank,El Gezira,1st,Yes,completed,1621548.66
167.9,3.0,3,0,1,0,1,Cairo,Old Cairo,Zamalek,1st,No,completed,10566983.21
125.4,4.0,4,0,1,1,1,Cairo,New Cairo,Fifth Settlement,3rd,Semi,under_construction,6089585.75
163.4,3.0,2,0,1,1,1,Aswan,Central,El Shallal,1st,No,under_construction,1687234.95
66.7,2.0,1,0,1,1,1,Luxor,West Bank,El Gezira,1st,Yes,completed,1085871.98
116.1,4.0,3,0,1,0,1,Suez,North,El Arbaien,2nd,Yes,completed,2182799.71
104.6,2.0,1,0,0,0,1,Tanta,Central,Saeed,1st,No,off_plan,1141744.87
95.0,2.0,2,0,1,1,1,Port Said,West,El Zohour,1st,Yes,completed,2066208.58
96.5,4.0,4,0,1,1,0,Cairo,New Cairo,Heliopolis,2nd,No,completed,3675059.41
97.5,3.0,3,0,1,0,1,Mansoura,Central,El Mashaya,2nd,No,under_construction,1543949.57
101.4,3.0,2,0,1,1,1,Cairo,New Cairo,Madinaty,2nd,No,under_construction,4023901.14
229.7,2.0,1,0,1,1,1,Suez,South,El Suez District,2nd,Yes,off_plan,2272722.73
87.3,3.0,2,0,1,1,1,Port Said,West,El Zohour,2nd,Semi,under_construction,1413129.51
87.2,2.0,1,0,1,1,1,Alexandria,West,Agami,1st,No,under_construction,1795441.16
193.1,2.0,1,0,1,1,1,Port Said,West,El Zohour,2nd,No,under_construction,2817737.64
142.1,5.0,4,0,0,0,1,Cairo,New Cairo,First Settlement,1st,Semi,off_plan,4351206.43
109.9,2.0,1,0,0,1,1,Giza,New Giza,New Giza,2nd,Semi,completed,6576653.55
105.1,3.0,2,0,1,1,1,Giza,West Giza,6th of October,1st,No,completed,3687074.16
49.6,5.0,4,0,1,1,1,Tanta,Central,Saeed,1st,No,off_plan,515400.63
123.5,2.0,1,0,1,1,1,Giza,New Giza,New Giza,1st,No,under_construction,5686018.6
86.9,2.0,1,0,1,1,1,Alexandria,East,Sidi Bishr,1st,No,off_plan,1663988.69
82.5,2.0,1,0,1,1,1,Alexandria,West,Borg El Arab,2nd,No,completed,1634802.18
212.8,2.0,2,0,1,1,1,Suez,North,Faisal,1st,Semi,under_construction,2537149.62
135.8,2.0,2,0,1,1,1,Giza,West Giza,6th of October,3rd,No,completed,4389903.95
101.1,2.0,2,0,1,0,1,Cairo,New Cairo,Nasr City,4th,Yes,completed,3386664.95
142.6,3.0,2,0,1,1,1,Cairo,New Cairo,Fifth Settlement,1st,Semi,under_construction,7030677.37
80.5,3.0,2,0,1,0,1,Mansoura,Central,El Mashaya,2nd,No,under_construction,1068133.03
187.2,1.0,1,0,1,1,1,Luxor,East Bank,El Karnak,2nd,Yes,completed,2057677.34
187.9,3.0,2,0,1,1,1,Cairo,New Cairo,Nasr City,4th,Yes,completed,5003503.0
166.5,1.0,1,0,1,0,1,Giza,New Giza,New Giza,2nd,No,completed,9351805.41
127.7,4.0,4,0,1,0,0,Aswan,Central,El Sad El Ali,1st,No,completed,1991563.48
240.7,3.0,3,0,1,1,1,Suez,South,El Suez District,1st,Semi,under_construction,2911797.43
116.8,2.0,2,0,1,0,1,Suez,South,El Suez District,2nd,Semi,under_construction,1433368.32
103.2,3.0,3,0,1,1,1,Port Said,East,El Shark,1st,No,off_plan,1540369.34
112.1,2.0,1,0,1,1,1,Suez,North,El Arbaien,2nd,No,completed,1754980.32
123.7,3.0,3,0,1,1,1,Ismailia,Central,El Sheikh Zayed,1st,No,completed,2336193.95
119.4,3.0,2,0,1,1,1,Cairo,New Cairo,Madinaty,2nd,No,completed,5988828.0
105.2,3.0,2,0,1,0,0,Giza,New Giza,New Giza,1st,No,completed,6645833.66
92.5,3.0,3,0,0,1,1,Cairo,Old Cairo,Zamalek,1st,No,completed,6450312.28
178.6,2.0,1,0,1,0,1,Cairo,Old Cairo,Zamalek,1st,No,completed,10456047.82
67.0,2.0,1,0,1,1,0,Alexandria,West,Borg El Arab,2nd,Yes,under_construction,1003246.28
107.1,3.0,2,0,0,1,1,Suez,North,El Arbaien,2nd,No,completed,1855345.38
204.9,3.0,2,0,1,1,1,Alexandria,East,Sidi Bishr,1st,No,off_plan,3356185.19
115.3,4.0,3,0,1,1,1,Alexandria,East,Smouha,1st,No,completed,2981541.43
115.8,3.0,2,0,1,1,1,Cairo,Old Cairo,Downtown,1st,No,under_construction,3606308.21
78.2,3.0,2,0,1,1,1,Suez,North,El Arbaien,1st,Yes,completed,1596327.83
46.0,2.0,1,0,1,1,1,Giza,West Giza,Mohandessin,1st,No,completed,1630755.97
75.7,1.0,1,0,1,0,1,Port Said,East,El Shark,2nd,Semi,completed,1386781.76
66.4,3.0,2,0,1,1,1,Cairo,Old Cairo,Zamalek,1st,No,completed,4536821.71
112.6,4.0,3,0,1,1,1,Port Said,East,El Manakh,1st,No,under_construction,1707329.8
126.8,2.0,2,0,1,0,1,Alexandria,West,Agami,1st,No,under_construction,2037573.58
132.1,2.0,2,0,1,0,1,Cairo,New Cairo,Madinaty,1st,No,under_construction,5826758.07
155.4,2.0,2,0,0,1,1,Cairo,New Cairo,Nasr City,3rd,No,completed,4080886.77
97.0,,4,1,1,1,1,Cairo,Old Cairo,Zamalek,2nd,Yes,under_construction,6093224.35
92.8,3.0,3,0,1,1,1,Cairo,Old Cairo,Zamalek,1st,No,under_construction,5086099.0
158.5,4.0,3,0,1,1,1,Cairo,Old Cairo,Zamalek,2nd,Semi,completed,9378525.29
148.4,4.0,3,0,1,0,1,Alexandria,West,Agami,2nd,Semi,completed,2757340.26
206.2,2.0,1,0,1,0,1,Giza,West Giza,Dokki,1st,Semi,completed,5530252.9
109.8,2.0,1,0,1,1,1,Alexandria,East,Sidi Gaber,1st,No,completed,2745812.96
119.2,3.0,2,0,0,1,1,Giza,West Giza,Haram,3rd,Semi,under_construction,1876682.02
86.4,,3,1,1,0,1,Cairo,Old Cairo,Maadi,2nd,Yes,completed,3448532.45
183.9,2.0,1,0,0,1,1,Cairo,Old Cairo,Maadi,3rd,Yes,under_construction,6905473.67
165.7,3.0,3,0,1,0,1,Cairo,New Cairo,Heliopolis,2nd,Yes,completed,6422020.29
123.7,2.0,1,0,1,0,1,Alexandria,West,Agami,1st,Yes,off_plan,2135904.53
144.7,4.0,3,0,0,1,0,Alexandria,West,Borg El Arab,2nd,No,completed,2276245.34
133.6,2.0,1,0,1,1,1,Giza,West Giza,6th of October,2nd,No,under_construction,3374593.31
91.3,3.0,2,0,1,1,1,Cairo,Old Cairo,Downtown,1st,No,under_construction,2530729.76
224.0,3.0,2,0,1,1,1,Cairo,New Cairo,Heliopolis,1st,Semi,under_construction,4734460.08
141.6,3.0,2,0,1,0,1,Alexandria,West,Borg El Arab,2nd,Yes,off_plan,1866354.39
115.5,3.0,2,0,1,1,1,Giza,New Giza,New Giza,1st,Semi,completed,8122760.76
141.5,3.0,3,0,0,0,1,Suez,South,El Suez District,2nd,No,completed,2526944.36
115.3,3.0,3,0,1,1,1,Port Said,East,El Shark,1st,Semi,under_construction,1761325.23
76.8,4.0,3,0,1,1,1,Aswan,Central,El Shallal,1st,Semi,completed,1225404.83
107.2,2.0,1,0,1,1,1,Giza,West Giza,Sheikh Zayed,1st,No,completed,5274212.2
88.3,2.0,2,0,1,0,1,Port Said,West,El Zohour,2nd,No,completed,1881118.94
142.1,2.0,1,0,1,1,1,Port Said,West,El Zohour,2nd,No,completed,2997550.26
96.2,2.0,1,0,1,1,1,Alexandria,West,Agami,1st,Yes,off_plan,1774315.7
116.8,,3,1,1,1,1,Cairo,New Cairo,Madinaty,3rd,No,completed,5090255.92
107.4,2.0,2,0,0,1,1,Mansoura,Central,Toriel,1st,No,off_plan,1146734.08
151.5,3.0,3,0,0,1,1,Port Said,West,El Zohour,2nd,No,under_construction,2319452.32
114.5,2.0,1,0,1,1,1,Cairo,Old Cairo,Downtown,1st,No,completed,3537816.93
215.0,3.0,2,0,1,0,1,Port Said,West,El Zohour,1st,No,completed,3982134.1
111.0,5.0,4,0,1,1,1,Giza,New Giza,New Giza,1st,No,under_construction,5675025.63
199.0,4.0,3,0,0,1,1,Cairo,New Cairo,Heliopolis,1st,Semi,completed,7401919.3
62.4,2.0,2,0,1,1,1,Tanta,Central,Saeed,1st,Yes,completed,1076448.55
130.0,2.0,1,0,1,0,1,Port Said,East,El Shark,2nd,Yes,completed,2585727.66
218.2,,2,1,1,0,1,Alexandria,East,Sidi Gaber,2nd,No,completed,5509525.12
99.8,4.0,3,0,1,1,1,Aswan,Central,El Shallal,1st,No,under_construction,990946.7
198.9,,1,1,1,1,1,Alexandria,East,Sidi Gaber,1st,Semi,completed,4701972.33
98.5,5.0,4,0,1,0,1,Giza,New Giza,New Giza,1st,No,completed,5938030.3
126.5,3.0,2,0,0,1,1,Cairo,New Cairo,First Settlement,2nd,Yes,completed,5437777.26
181.2,3.0,2,0,1,1,0,Port Said,West,El Zohour,1st,Yes,completed,3731110.02
161.0,3.0,2,0,1,1,1,Giza,New Giza,New Giza,2nd,Semi,completed,9456561.49
151.0,4.0,3,0,1,1,1,Giza,New Giza,New Giza,2nd,No,completed,9064958.61
124.8,1.0,1,0,1,0,1,Giza,New Giza,New Giza,2nd,Yes,off_plan,6071087.47
114.9,1.0,1,0,1,0,1,Giza,New Giza,New Giza,1st,No,under_construction,5442426.07
74.0,2.0,1,0,0,0,1,Alexandria,East,Sidi Gaber,2nd,Yes,under_construction,1763424.6
54.3,3.0,3,0,1,1,1,Giza,West Giza,Mohandessin,2nd,Semi,completed,1896960.27
89.8,4.0,3,0,1,1,1,Cairo,New Cairo,Nasr City,4th,No,under_construction,2307854.76
142.4,3.0,2,0,1,1,1,Cairo,Old Cairo,Downtown,2nd,Yes,under_construction,3932801.24
125.4,3.0,2,0,1,1,1,Cairo,New Cairo,Rehab,3rd,No,completed,5449311.81
83.9,4.0,4,0,1,0,1,Giza,West Giza,Mohandessin,2nd,Yes,under_construction,2803198.99
144.3,3.0,2,0,0,1,1,Giza,New Giza,New Giza,2nd,No,completed,7442850.77
105.8,3.0,2,0,1,1,1,Giza,New Giza,New Giza,2nd,Semi,completed,6096839.33
99.8,4.0,3,0,0,0,0,Giza,New Giza,New Giza,1st,Yes,completed,7018192.61
112.0,3.0,3,0,1,0,1,Alexandria,West,Agami,1st,No,completed,2225105.51
120.5,4.0,3,0,1,1,1,Cairo,Old Cairo,Zamalek,2nd,No,under_construction,6214483.49
84.1,3.0,3,0,0,1,1,Tanta,Central,El Geish,2nd,Yes,completed,1581748.83
152.9,,3,1,1,0,1,Cairo,Old Cairo,Zamalek,1st,No,under_construction,8120987.59
75.9,3.0,2,0,1,1,1,Alexandria,East,Sidi Bishr,1st,No,completed,1882955.85
193.6,2.0,1,0,1,1,1,Cairo,Old Cairo,Downtown,2nd,Yes,under_construction,5304683.86
171.3,3.0,3,0,1,1,1,Alexandria,West,Agami,1st,Semi,under_construction,2656338.73
109.7,2.0,1,0,0,0,1,Cairo,New Cairo,Rehab,3rd,Yes,under_construction,4663278.25
111.3,,1,1,1,1,1,Cairo,Old Cairo,Downtown,2nd,Yes,completed,4201887.02
87.0,4.0,4,0,0,0,1,Cairo,New Cairo,Fifth Settlement,2nd,No,completed,4749482.73
218.0,4.0,3,0,0,1,1,Cairo,Old Cairo,Zamalek,2nd,Semi,under_construction,12796019.85
78.5,4.0,4,0,1,0,1,Giza,New Giza,New Giza,1st,No,completed,4733529.18
68.8,3.0,3,0,1,1,1,Aswan,Central,El Shallal,1st,No,under_construction,723627.13
256.4,2.0,1,0,1,1,1,Cairo,New Cairo,First Settlement,2nd,No,completed,9225820.35
124.8,3.0,2,0,1,1,1,Giza,New Giza,New Giza,2nd,Semi,under_construction,5989644.63
193.3,3.0,3,0,1,0,1,Port Said,East,El Manakh,1st,No,off_plan,2271026.48
178.4,1.0,1,0,1,1,1,Cairo,Old Cairo,Downtown,1st,No,off_plan,4002376.83
107.6,2.0,2,0,1,1,1,Ismailia,Central,El Afrang,1st,No,completed,1679492.2
127.5,2.0,1,0,1,0,1,Cairo,Old Cairo,Downtown,2nd,Yes,off_plan,3274428.26
103.5,1.0,1,0,1,0,1,Alexandria,West,Agami,1st,No,completed,1937855.92
98.7,2.0,1,0,1,1,1,Port Said,West,El Zohour,2nd,No,completed,1817284.01
93.5,3.0,2,0,1,0,1,Giza,West Giza,Dokki,2nd,No,completed,2625426.12
119.2,4.0,4,0,1,1,1,Giza,New Giza,New Giza,1st,No,completed,7754890.22
71.8,4.0,4,0,1,1,0,Port Said,West,El Zohour,2nd,No,completed,1694882.8
121.6,2.0,2,0,1,0,1,Alexandria,West,Agami,1st,No,completed,2634559.01
129.0,4.0,3,0,1,1,1,Suez,North,Faisal,1st,No,completed,1745013.29
76.0,3.0,3,0,1,1,1,Cairo,New Cairo,Heliopolis,1st,Yes,under_construction,2655989.45
76.3,4.0,3,0,1,1,1,Aswan,Central,El Shallal,1st,Semi,completed,1159171.59
144.7,3.0,3,0,1,0,1,Port Said,West,El Zohour,1st,Yes,completed,2838375.32
375.4,4.0,3,0,1,1,1,Port Said,West,El Zohour,2nd,No,completed,6905219.72
71.4,3.0,2,0,1,1,1,Cairo,Old Cairo,Maadi,2nd,No,under_construction,2176274.5
163.6,4.0,3,0,0,1,1,Cairo,New Cairo,First Settlement,2nd,No,off_plan,5278701.53
153.1,5.0,5,0,1,1,1,Alexandria,West,Borg El Arab,2nd,No,completed,2837260.61
142.3,4.0,3,0,1,1,1,Alexandria,East,Smouha,1st,Semi,completed,4332376.01
154.8,2.0,2,0,0,1,1,Cairo,Old Cairo,Zamalek,1st,No,off_plan,7292086.35
157.8,4.0,4,0,1,1,1,Aswan,Central,El Sad El Ali,2nd,No,off_plan,1808109.49
104.7,3.0,3,0,1,1,1,Giza,West Giza,Dokki,2nd,Yes,completed,3051551.11
52.8,3.0,2,0,1,0,1,Alexandria,West,Agami,1st,No,completed,1204119.54
89.3,1.0,1,0,1,1,1,Mansoura,Central,Toriel,1st,Semi,under_construction,1117821.57
131.4,3.0,3,0,1,0,1,Giza,West Giza,Sheikh Zayed,1st,No,completed,6504064.78
55.0,4.0,3,0,0,1,1,Aswan,Central,El Shallal,1st,Semi,under_construction,630768.12
82.9,5.0,4,0,1,1,0,Tanta,Central,El Geish,1st,No,under_construction,1236300.79
183.4,3.0,2,0,0,1,1,Cairo,New Cairo,Nasr City,4th,No,completed,5176201.58
141.0,2.0,1,0,0,1,1,Alexandria,East,Sidi Gaber,2nd,No,completed,3570134.16
111.6,2.0,2,0,1,1,1,Suez,North,El Arbaien,2nd,No,completed,1873817.98
125.5,3.0,2,0,1,1,1,Tanta,Central,El Geish,1st,No,completed,2111831.69
103.7,4.0,3,0,1,1,1,Alexandria,East,Sidi Bishr,2nd,Yes,completed,2541892.29
130.0,4.0,4,0,1,0,1,Cairo,Old Cairo,Downtown,1st,No,completed,4311615.37
185.4,,2,1,0,1,1,Alexandria,West,Agami,1st,Yes,completed,3621888.69
78.9,3.0,2,0,1,0,1,Giza,New Giza,New Giza,1st,Semi,completed,5049310.07
197.0,4.0,4,0,1,1,1,Alexandria,East,Sidi Gaber,2nd,No,completed,4855113.71
68.8,3.0,2,0,1,1,1,Suez,South,El Suez District,2nd,No,completed,1099037.34
104.9,2.0,2,0,1,0,1,Aswan,Central,El Shallal,1st,No,under_construction,1021091.37
146.2,2.0,2,0,0,0,1,Mansoura,Central,El Mashaya,1st,Yes,completed,3036721.22
99.0,2.0,1,0,1,1,1,Ismailia,Central,El Afrang,1st,No,under_construction,1360762.46
87.1,5.0,5,0,1,0,1,Cairo,New Cairo,Heliopolis,1st,No,under_construction,2881902.17
123.2,3.0,3,0,0,0,0,Alexandria,East,Sidi Bishr,1st,No,completed,3081045.21
153.1,3.0,2,0,1,1,1,Giza,West Giza,Mohandessin,2nd,Yes,under_construction,4765030.68
199.8,2.0,1,0,1,0,1,Mansoura,Central,El Mashaya,2nd,Yes,completed,3226864.45
182.4,2.0,1,0,1,0,1,Giza,West Giza,Dokki,2nd,No,under_construction,4609001.42
101.5,3.0,3,0,1,1,0,Giza,New Giza,New Giza,1st,No,completed,6806673.78
221.5,2.0,1,0,0,1,1,Port Said,West,El Zohour,2nd,No,completed,4339343.98
134.3,2.0,1,0,1,0,0,Cairo,Old Cairo,Maadi,2nd,Semi,completed,4746700.12
115.8,3.0,2,0,1,1,1,Port Said,West,El Zohour,1st,No,completed,2476232.9
156.8,,1,1,1,1,0,Luxor,East Bank,El Awameya,1st,No,under_construction,1599773.42
163.4,3.0,2,0,1,0,1,Giza,New Giza,New Giza,1st,Semi,completed,9127584.7
123.2,3.0,2,0,1,1,1,Cairo,New Cairo,First Settlement,3rd,No,completed,5101398.0
142.1,3.0,2,0,0,0,1,Alexandria,East,Sidi Bishr,2nd,No,under_construction,2844529.46
52.7,3.0,2,0,1,0,1,Cairo,Old Cairo,Zamalek,1st,Yes,completed,3200044.4
107.0,2.0,2,0,1,1,1,Giza,New Giza,New Giza,1st,Yes,completed,6469210.14
106.3,2.0,1,0,1,1,1,Giza,New Giza,New Giza,2nd,Yes,completed,6932381.44
151.5,3.0,3,0,0,1,1,Tanta,Central,El Geish,1st,Yes,completed,2389388.67
180.8,3.0,3,0,1,1,0,Giza,West Giza,Dokki,2nd,Semi,completed,6454766.08
135.4,2.0,1,0,1,1,1,Port Said,East,El Shark,2nd,No,completed,2816464.6
115.8,,1,1,1,1,1,Mansoura,Central,Toriel,1st,No,completed,1906093.04
124.6,4.0,4,0,1,1,1,Alexandria,West,Borg El Arab,2nd,No,completed,2659105.88
109.1,4.0,3,0,1,1,1,Alexandria,East,Sidi Gaber,2nd,No,off_plan,2158375.64
318.0,2.0,1,0,1,1,1,Giza,West Giza,Haram,3rd,No,completed,6710112.79
58.7,4.0,3,0,1,1,1,Giza,West Giza,Sheikh Zayed,1st,Yes,under_construction,3050345.62
64.2,4.0,4,0,1,0,1,Giza,West Giza,Dokki,2nd,Yes,completed,2235166.15
146.9,2.0,1,0,1,1,1,Giza,New Giza,New Giza,2nd,Semi,under_construction,7142186.36
83.8,4.0,4,0,1,1,1,Mansoura,Central,Toriel,1st,No,off_plan,951629.31
90.1,,1,1,1,0,1,Ismailia,Central,El Sheikh Zayed,2nd,No,completed,1584753.54
49.3,,3,1,1,0,1,Port Said,West,El Zohour,1st,Yes,under_construction,880763.82
103.6,5.0,5,0,1,1,1,Cairo,New Cairo,Rehab,1st,Yes,under_construction,4884544.9
108.8,3.0,3,0,0,1,1,Tanta,Central,Saeed,1st,No,under_construction,1289130.33
102.5,4.0,4,0,0,1,1,Giza,New Giza,New Giza,2nd,No,completed,6422227.89
155.7,5.0,5,0,1,1,1,Suez,South,El Suez District,2nd,No,off_plan,1706425.76
111.5,3.0,3,0,0,1,1,Luxor,East Bank,El Awameya,1st,Yes,completed,1266873.59
120.7,3.0,2,0,1,1,0,Suez,South,El Suez District,1st,Yes,completed,2353101.19
75.9,1.0,1,0,1,1,1,Giza,West Giza,Sheikh Zayed,1st,No,off_plan,2574332.99
120.7,3.0,3,0,1,1,1,Cairo,Old Cairo,Downtown,2nd,No,completed,3796723.47
80.9,2.0,2,0,1,0,1,Giza,New Giza,New Giza,1st,Yes,completed,5235787.24
128.7,2.0,2,0,1,0,1,Cairo,Old Cairo,Maadi,2nd,Yes,completed,5000842.5
166.8,1.0,1,0,1,0,1,Mansoura,Central,El Mashaya,2nd,No,completed,3355118.77
73.2,2.0,1,0,0,1,1,Cairo,Old Cairo,Downtown,2nd,No,under_construction,1566634.44
143.2,2.0,1,0,0,1,0,Giza,New Giza,New Giza,1st,Yes,completed,9965213.67
46.3,3.0,2,0,0,1,1,Alexandria,East,Smouha,2nd,No,completed,1313064.07
110.3,3.0,2,0,0,0,1,Cairo,Old Cairo,Downtown,2nd,No,completed,3681169.98
163.3,2.0,1,0,1,1,1,Giza,West Giza,Mohandessin,1st,No,completed,5684901.07
146.3,2.0,2,0,0,1,1,Cairo,Old Cairo,Zamalek,2nd,No,completed,8213408.38
59.8,1.0,1,0,1,0,1,Alexandria,East,Smouha,1st,No,completed,1591182.3
122.8,4.0,4,0,1,0,0,Tanta,Central,Saeed,1st,No,completed,1556918.66
150.4,2.0,1,0,1,1,1,Alexandria,East,Sidi Gaber,1st,Yes,off_plan,3103469.81
264.8,1.0,1,0,0,1,1,Giza,New Giza,New Giza,2nd,No,under_construction,11371837.47
91.1,3.0,2,0,1,1,1,Cairo,New Cairo,Madinaty,1st,No,completed,3836223.25
68.1,3.0,2,0,0,1,1,Alexandria,West,Borg El Arab,2nd,Semi,completed,1220670.66
217.1,2.0,1,0,1,1,1,Cairo,New Cairo,Fifth Settlement,1st,No,completed,10592430.6
93.1,,3,1,1,1,1,Cairo,Old Cairo,Downtown,1st,Semi,completed,3101193.65
112.8,1.0,1,0,1,1,1,Cairo,New Cairo,Heliopolis,1st,No,completed,4211998.12
78.2,2.0,1,0,1,1,1,Luxor,West Bank,El Gezira,1st,No,under_construction,798275.48
88.0,1.0,1,0,1,1,1,Port Said,West,El Zohour,1st,No,off_plan,1237816.07
117.9,3.0,2,0,1,1,1,Port Said,East,El Shark,2nd,No,completed,2200279.19
123.4,1.0,1,0,1,1,1,Ismailia,Central,El Sheikh Zayed,2nd,Yes,completed,2340582.11
154.5,4.0,4,0,0,1,1,Suez,South,El Suez District,2nd,Semi,under_construction,1833792.29
181.2,3.0,2,0,1,0,1,Giza,New Giza,New Giza,1st,Yes,completed,10743457.39
239.4,4.0,4,0,1,0,1,Tanta,Central,El Geish,1st,Yes,completed,4469774.19
118.3,3.0,2,0,0,1,1,Cairo,New Cairo,Fifth Settlement,2nd,Yes,off_plan,6172906.11
138.4,4.0,3,0,1,1,1,Tanta,Central,El Geish,2nd,No,under_construction,2006061.15
141.7,4.0,4,0,1,1,1,Cairo,Old Cairo,Maadi,2nd,No,off_plan,3610265.9
103.2,2.0,1,0,1,1,1,Ismailia,Central,El Sheikh Zayed,2nd,No,completed,2036275.83
91.7,1.0,1,0,0,1,1,Port Said,West,El Zohour,1st,Yes,under_construction,1469087.61
177.7,3.0,2,0,1,1,1,Alexandria,West,Agami,2nd,Yes,under_construction,3226550.96
97.5,4.0,3,0,1,1,1,Cairo,New Cairo,Fifth Settlement,3rd,No,off_plan,4638487.5
158.7,3.0,3,0,0,1,1,Tanta,Central,El Geish,1st,Semi,completed,2521904.8
80.8,3.0,2,0,1,1,0,Cairo,New Cairo,Nasr City,1st,No,off_plan,1406480.75
52.2,1.0,1,0,1,1,0,Cairo,Old Cairo,Maadi,2nd,Yes,under_construction,1984032.59
110.1,2.0,1,0,1,0,1,Cairo,Old Cairo,Downtown,1st,Semi,completed,3381698.82
135.6,2.0,2,0,1,1,1,Cairo,New Cairo,Nasr City,2nd,No,completed,3324586.69
273.7,5.0,4,0,1,0,1,Cairo,Old Cairo,Downtown,2nd,Yes,completed,9711204.27
117.2,2.0,1,0,1,1,1,Cairo,New Cairo,Rehab,1st,Yes,off_plan,3995416.76
221.0,2.0,1,0,1,0,1,Luxor,East Bank,El Awameya,1st,No,under_construction,2116809.6
57.5,5.0,4,0,0,1,1,Cairo,New Cairo,Nasr City,2nd,Yes,under_construction,1552826.81
229.7,3.0,2,0,1,0,1,Cairo,New Cairo,Heliopolis,2nd,Yes,completed,7980728.73
236.9,3.0,2,0,1,1,1,Tanta,Central,Saeed,1st,Semi,completed,3337803.3
127.6,3.0,3,0,1,0,1,Luxor,West Bank,El Gezira,1st,Yes,completed,2210142.92
86.7,1.0,1,0,1,1,0,Suez,South,El Suez District,2nd,Semi,completed,1520206.4
168.1,2.0,2,0,1,0,1,Aswan,Central,El Sad El Ali,2nd,Semi,completed,2505035.68
88.1,2.0,1,0,1,1,1,Cairo,New Cairo,Madinaty,3rd,No,under_construction,3666722.48
83.3,5.0,4,0,1,0,1,Aswan,Central,El Sad El Ali,1st,No,completed,1387040.67
116.2,1.0,1,0,1,1,1,Ismailia,Central,El Sheikh Zayed,1st,No,completed,1879022.6
110.7,4.0,3,0,1,1,1,Mansoura,Central,El Mashaya,1st,Semi,under_construction,1876970.78
79.5,2.0,1,0,0,0,1,Suez,South,El Suez District,2nd,Semi,under_construction,1042729.29
159.6,3.0,3,0,1,0,1,Aswan,Central,El Shallal,1st,No,completed,2167716.29
108.4,4.0,3,0,1,1,1,Mansoura,Central,Toriel,1st,No,completed,1715337.06
83.4,,3,1,1,1,1,Cairo,Old Cairo,Maadi,3rd,No,completed,3381198.77
125.9,4.0,3,0,1,0,1,Giza,New Giza,New Giza,2nd,No,completed,6745739.42
121.3,3.0,2,0,1,1,1,Port Said,West,El Zohour,1st,No,completed,2281772.11
174.4,3.0,2,0,1,1,1,Cairo,New Cairo,Rehab,1st,No,completed,9072990.98
79.3,1.0,1,0,1,1,1,Cairo,Old Cairo,Maadi,3rd,Semi,off_plan,2022172.85
250.0,3.0,2,0,1,1,1,Ismailia,Central,El Afrang,1st,No,under_construction,3071562.57
69.0,3.0,3,0,0,1,1,Giza,New Giza,New Giza,1st,No,under_construction,3631736.02
136.2,2.0,1,0,1,0,1,Giza,New Giza,New Giza,2nd,Semi,completed,7853678.5
65.6,4.0,4,0,1,1,1,Cairo,Old Cairo,Maadi,3rd,No,completed,2105960.16
83.5,1.0,1,0,1,0,1,Alexandria,West,Borg El Arab,2nd,Semi,off_plan,1092763.77
88.6,1.0,1,0,1,1,1,Ismailia,Central,El Afrang,1st,Yes,under_construction,1064536.72
90.6,2.0,1,0,1,1,1,Cairo,Old Cairo,Maadi,3rd,No,under_construction,2548156.23
106.2,3.0,3,0,1,1,1,Cairo,Old Cairo,Maadi,2nd,No,completed,3654325.05
194.6,4.0,4,0,1,0,1,Alexandria,East,Sidi Gaber,1st,Yes,off_plan,3452993.1
210.2,3.0,3,0,1,1,1,Aswan,Central,El Shallal,1st,Yes,off_plan,2293869.31
58.9,2.0,1,0,1,0,0,Giza,West Giza,Dokki,2nd,Semi,completed,1893684.8
206.7,3.0,2,0,0,1,1,Cairo,Old Cairo,Downtown,1st,Semi,under_construction,5619840.32
115.6,1.0,1,0,1,1,1,Luxor,East Bank,El Awameya,1st,No,under_construction,1043165.22
95.9,3.0,3,0,1,0,1,Aswan,Central,El Sad El Ali,2nd,No,under_construction,1266147.39
48.3,1.0,1,0,1,1,1,Cairo,Old Cairo,Zamalek,1st,Yes,completed,3281373.65
158.2,4.0,4,0,1,1,1,Mansoura,Central,Toriel,1st,No,completed,2550515.76
133.0,3.0,2,0,1,0,1,Alexandria,West,Agami,2nd,No,completed,2777860.4
81.4,4.0,3,0,1,1,1,Mansoura,Central,El Mashaya,1st,No,completed,1453965.61
69.0,1.0,1,0,1,0,1,Aswan,Central,El Sad El Ali,1st,Yes,off_plan,839278.86
91.9,2.0,2,0,1,1,1,Cairo,Old Cairo,Downtown,1st,Yes,completed,2939219.74
140.8,2.0,2,0,1,1,1,Giza,New Giza,New Giza,1st,No,under_construction,6834937.07
61.5,3.0,3,0,1,1,0,Cairo,New Cairo,Nasr City,3rd,No,completed,1615177.01
115.8,,4,1,1,0,1,Tanta,Central,El Geish,2nd,No,completed,1959175.41
153.6,5.0,5,0,0,1,1,Cairo,Old Cairo,Maadi,2nd,Yes,completed,6500595.36
226.4,4.0,4,0,1,1,0,Mansoura,Central,Toriel,1st,Semi,completed,3176768.04
288.1,3.0,3,0,0,1,1,Tanta,Central,Saeed,1st,Semi,completed,3921096.7
107.6,1.0,1,0,1,1,1,Cairo,New Cairo,Nasr City,4th,No,completed,2587583.03
131.9,2.0,1,0,1,1,1,Giza,West Giza,Haram,2nd,Yes,completed,3234383.58
208.0,4.0,3,0,1,0,1,Port Said,West,El Zohour,2nd,Yes,under_construction,3737046.25
140.0,,1,1,1,1,1,Giza,New Giza,New Giza,1st,No,completed,7689178.35
174.2,3.0,2,0,0,1,1,Ismailia,Central,El Afrang,1st,No,completed,2777249.15
100.5,1.0,1,0,1,1,1,Alexandria,West,Agami,1st,No,completed,1710866.49
109.9,3.0,3,0,1,1,1,Luxor,West Bank,El Gezira,1st,No,completed,1478823.94
137.2,4.0,4,0,1,1,1,Giza,New Giza,New Giza,2nd,Yes,completed,8850503.78
54.2,3.0,2,0,1,1,1,Giza,West Giza,Sheikh Zayed,1st,Semi,off_plan,2152861.39
72.2,3.0,2,0,1,1,1,Ismailia,Central,El Afrang,1st,No,completed,1117104.44
156.1,3.0,2,0,1,1,1,Giza,New Giza,New Giza,2nd,No,under_construction,7727752.55
131.3,2.0,1,0,1,1,1,Alexandria,East,Sidi Gaber,2nd,No,off_plan,2606862.95
128.1,1.0,1,0,1,1,1,Giza,New Giza,New Giza,2nd,No,under_construction,5939600.07
148.8,3.0,2,0,1,1,1,Alexandria,East,Sidi Gaber,1st,No,completed,3960885.36
113.3,2.0,1,0,1,1,1,Mansoura,Central,Toriel,1st,No,under_construction,1380300.34
206.7,2.0,1,0,1,1,1,Aswan,Central,El Sad El Ali,2nd,No,completed,3056029.89
110.1,2.0,1,0,1,0,1,Ismailia,Central,El Afrang,1st,Yes,completed,1588888.34
40.0,3.0,3,0,1,1,1,Alexandria,West,Agami,2nd,Yes,completed,992414.75
100.1,,2,1,1,0,1,Port Said,West,El Zohour,1st,Yes,under_construction,1893234.6
149.1,2.0,2,0,0,0,1,Cairo,Old Cairo,Downtown,1st,No,completed,4741650.83
113.8,2.0,1,0,0,1,1,Giza,New Giza,New Giza,1st,Semi,completed,6536893.43
108.3,2.0,1,0,1,0,1,Giza,New Giza,New Giza,1st,No,under_construction,4773233.77
139.0,,2,1,1,1,1,Giza,New Giza,New Giza,2nd,No,completed,8010986.5
140.3,2.0,2,0,1,1,1,Alexandria,West,Agami,1st,No,completed,2911664.25
99.9,2.0,1,0,1,1,1,Ismailia,Central,El Sheikh Zayed,2nd,No,completed,1574847.37
170.0,2.0,2,0,1,1,1,Cairo,New Cairo,Heliopolis,2nd,Yes,under_construction,5434635.85
136.5,2.0,2,0,1,0,1,Alexandria,West,Borg El Arab,2nd,Yes,completed,2353259.76
57.6,4.0,3,0,1,1,1,Alexandria,West,Borg El Arab,1st,No,completed,909807.03
183.3,4.0,3,0,1,0,1,Luxor,East Bank,El Karnak,1st,No,completed,2528577.41
126.1,4.0,3,0,1,1,1,Giza,New Giza,New Giza,2nd,No,under_construction,5946298.53
139.2,3.0,3,0,1,1,0,Cairo,New Cairo,First Settlement,3rd,No,under_construction,4616664.03
133.2,1.0,1,0,1,1,1,Giza,New Giza,New Giza,2nd,Yes,under_construction,6241509.3
133.7,3.0,2,0,1,0,1,Ismailia,Central,El Sheikh Zayed,1st,No,under_construction,2056366.62
199.8,1.0,1,0,1,1,1,Mansoura,Central,El Mashaya,2nd,No,under_construction,3079554.67
247.6,5.0,4,0,1,1,1,Luxor,West Bank,El Gezira,1st,Semi,under_construction,2926539.56
214.1,2.0,1,0,1,1,1,Giza,West Giza,Sheikh Zayed,1st,No,under_construction,7705292.43
154.6,5.0,4,0,1,1,1,Port Said,East,El Manakh,1st,Semi,under_construction,2053157.96
130.4,3.0,2,0,1,1,1,Luxor,West Bank,El Gezira,1st,Yes,under_construction,1656580.13
109.7,,3,1,1,0,1,Cairo,Old Cairo,Downtown,2nd,No,under_construction,2737321.65
120.8,2.0,1,0,1,1,1,Cairo,New Cairo,First Settlement,1st,Yes,off_plan,3906306.31
125.2,4.0,4,0,1,1,1,Giza,West Giza,Mohandessin,1st,Yes,completed,4769636.15
95.9,2.0,2,0,1,1,1,Giza,West Giza,Mohandessin,1st,Yes,completed,3255331.55
78.1,3.0,2,0,1,0,1,Cairo,New Cairo,Heliopolis,1st,No,completed,2672469.6
170.6,1.0,1,0,1,0,1,Alexandria,West,Borg El Arab,1st,Semi,completed,2972775.49
192.4,5.0,5,0,1,0,1,Cairo,New Cairo,Madinaty,1st,No,completed,10451996.75
147.4,3.0,3,0,0,0,1,Cairo,New Cairo,Heliopolis,2nd,Yes,under_construction,4926973.4
102.8,2.0,1,0,1,1,1,Aswan,Central,El Shallal,1st,Yes,completed,1606067.5
73.9,2.0,2,0,0,1,1,Port Said,East,El Manakh,1st,Yes,completed,1205233.66
127.4,1.0,1,0,1,1,0,Alexandria,East,Smouha,2nd,Yes,completed,3830106.26
146.8,2.0,1,0,1,1,1,Alexandria,West,Borg El Arab,1st,No,completed,2662054.19
122.0,2.0,2,0,1,1,1,Suez,South,El Suez District,2nd,No,completed,1714456.43
88.5,2.0,2,0,1,0,1,Ismailia,Central,El Afrang,1st,No,under_construction,1009993.53
63.0,2.0,1,0,0,1,1,Suez,South,El Suez District,1st,No,completed,905352.3
109.0,1.0,1,0,1,1,1,Giza,New Giza,New Giza,2nd,No,completed,6251851.69
205.5,2.0,1,0,1,1,1,Cairo,Old Cairo,Downtown,2nd,No,completed,6422986.57
170.8,,4,1,1,1,1,Luxor,East Bank,El Awameya,1st,Yes,completed,2046885.08
105.4,4.0,3,0,1,1,1,Cairo,Old Cairo,Maadi,2nd,No,completed,4246923.09
148.0,5.0,4,0,0,1,1,Cairo,New Cairo,Madinaty,1st,No,completed,6684505.8
104.9,3.0,3,0,0,0,1,Cairo,Old Cairo,Zamalek,1st,Yes,completed,8150092.16
116.9,3.0,2,0,1,1,1,Giza,New Giza,New Giza,1st,No,completed,6782335.34
170.5,2.0,1,0,1,0,1,Aswan,Central,El Sad El Ali,2nd,Semi,completed,2660755.27
186.4,,1,1,1,1,1,Cairo,New Cairo,Madinaty,2nd,No,off_plan,6322872.53
145.0,,2,1,1,1,1,Cairo,Old Cairo,Maadi,2nd,No,completed,5113266.33
179.7,1.0,1,0,1,1,1,Giza,New Giza,New Giza,2nd,No,completed,9979226.2
157.4,2.0,1,0,1,1,1,Cairo,New Cairo,Nasr City,3rd,Yes,completed,4679318.56
87.2,2.0,2,0,0,1,1,Cairo,Old Cairo,Zamalek,1st,No,under_construction,4823496.63
97.2,3.0,2,0,0,1,1,Cairo,Old Cairo,Zamalek,2nd,Semi,completed,6586005.49
91.9,2.0,1,0,1,1,1,Port Said,East,El Manakh,2nd,Yes,completed,1628053.61
87.2,3.0,2,0,1,1,1,Cairo,New Cairo,First Settlement,1st,Semi,completed,3602649.17
169.6,3.0,3,0,1,1,1,Cairo,Old Cairo,Maadi,3rd,Yes,under_construction,5878656.09
105.1,2.0,2,0,0,0,1,Cairo,Old Cairo,Zamalek,1st,No,completed,5994173.26
135.4,1.0,1,0,1,1,1,Giza,New Giza,New Giza,1st,No,completed,8031875.84
91.1,3.0,3,0,1,0,1,Cairo,New Cairo,Nasr City,4th,No,completed,2853377.15
109.0,2.0,1,0,0,1,1,Alexandria,East,Sidi Gaber,2nd,No,completed,2526218.66
75.1,2.0,2,0,1,0,1,Luxor,East Bank,El Karnak,1st,No,off_plan,654288.46
128.7,2.0,1,0,1,1,1,Alexandria,West,Agami,2nd,No,under_construction,2141343.04
127.1,3.0,3,0,1,0,1,Luxor,West Bank,El Gezira,1st,No,completed,1949314.04
201.8,2.0,1,0,0,1,1,Mansoura,Central,El Mashaya,1st,No,completed,3150911.52
140.8,3.0,3,0,1,1,1,Port Said,West,El Zohour,2nd,No,completed,2896651.6
91.0,3.0,2,0,1,1,1,Cairo,New Cairo,Madinaty,2nd,Semi,under_construction,3305218.56
60.6,,3,1,1,0,1,Cairo,Old Cairo,Downtown,2nd,Yes,under_construction,1858645.49
96.0,3.0,3,0,1,1,1,Giza,West Giza,Sheikh Zayed,3rd,Yes,completed,5513144.11
156.8,3.0,3,0,1,0,1,Giza,New Giza,New Giza,2nd,No,under_construction,7836968.99
78.5,4.0,3,0,1,0,1,Giza,West Giza,Haram,1st,Semi,completed,1851632.86
152.4,2.0,1,0,1,1,1,Cairo,New Cairo,Nasr City,1st,Semi,completed,4679767.52
80.5,4.0,3,0,0,1,1,Cairo,New Cairo,Heliopolis,1st,Semi,completed,3136373.52
104.7,3.0,3,0,1,1,1,Giza,New Giza,New Giza,2nd,No,completed,6564801.96
67.9,3.0,2,0,1,1,1,Suez,North,Faisal,1st,No,completed,972249.2
79.1,3.0,2,0,1,1,1,Cairo,Old Cairo,Downtown,1st,Yes,completed,2939664.77
115.3,2.0,1,0,1,1,1,Tanta,Central,El Geish,2nd,No,completed,1685736.57
213.5,3.0,2,0,1,0,1,Giza,New Giza,New Giza,1st,No,under_construction,9799893.08
166.6,3.0,3,0,1,1,1,Port Said,West,El Zohour,2nd,No,completed,3079403.56
125.1,2.0,1,0,1,0,1,Giza,New Giza,New Giza,1st,No,under_construction,6271269.21
134.0,4.0,3,0,1,1,1,Ismailia,Central,El Sheikh Zayed,1st,No,completed,2389162.29
134.3,1.0,1,0,0,1,1,Port Said,East,El Manakh,2nd,Semi,completed,1808353.39
164.1,3.0,3,0,1,0,1,Giza,West Giza,Mohandessin,1st,Yes,completed,6049793.11
40.0,4.0,3,0,0,0,1,Ismailia,Central,El Afrang,1st,No,off_plan,516948.87
94.7,2.0,1,0,1,1,1,Ismailia,Central,El Afrang,1st,No,under_construction,1174528.19
82.6,3.0,3,0,1,1,1,Giza,New Giza,New Giza,2nd,No,completed,4685881.03
91.8,4.0,4,0,1,0,1,Ismailia,Central,El Sheikh Zayed,2nd,Yes,under_construction,1581955.39
270.9,1.0,1,0,1,1,1,Luxor,West Bank,El Gezira,1st,Yes,under_construction,3033577.09
196.6,3.0,2,0,1,1,1,Cairo,New Cairo,Madinaty,3rd,Yes,completed,9747247.46
127.3,3.0,3,0,1,1,1,Cairo,New Cairo,Rehab,3rd,Semi,off_plan,4861758.1
106.2,3.0,2,0,1,1,1,Suez,North,El Arbaien,1st,No,under_construction,1327124.1
165.7,,2,1,1,1,1,Alexandria,West,Agami,2nd,No,completed,3183484.01
126.7,,3,1,1,1,1,Luxor,West Bank,El Gezira,1st,Yes,under_construction,1512695.58
135.3,3.0,2,0,1,1,1,Aswan,Central,El Shallal,1st,No,completed,1612428.61
106.7,2.0,2,0,0,0,1,Alexandria,East,Sidi Bishr,2nd,Yes,completed,2837637.4
127.7,2.0,1,0,1,1,0,Cairo,New Cairo,Nasr City,3rd,Yes,completed,3430914.61
98.5,4.0,4,0,1,1,1,Giza,West Giza,Dokki,1st,No,under_construction,2676324.19
109.0,3.0,2,0,0,1,1,Giza,New Giza,New Giza,2nd,No,completed,6967469.47
75.6,4.0,3,0,0,0,1,Alexandria,East,Sidi Gaber,2nd,Yes,completed,2159247.23
101.5,3.0,2,0,1,1,1,Giza,New Giza,New Giza,2nd,No,under_construction,5251683.09
98.4,2.0,1,0,1,0,1,Alexandria,East,Sidi Gaber,2nd,No,completed,2404002.77
158.2,2.0,1,0,1,1,1,Cairo,New Cairo,Fifth Settlement,1st,Semi,completed,7211383.8
90.3,2.0,2,0,1,0,1,Alexandria,East,Sidi Gaber,1st,Yes,completed,2343868.02
121.7,1.0,1,0,1,1,1,Luxor,East Bank,El Karnak,2nd,Semi,off_plan,1105166.37
178.7,3.0,2,0,1,1,0,Cairo,Old Cairo,Zamalek,2nd,No,completed,10318395.0
68.2,3.0,2,0,1,1,1,Alexandria,West,Agami,2nd,No,completed,1631258.38
166.2,5.0,4,0,1,1,1,Luxor,East Bank,El Karnak,2nd,Yes,completed,2379761.08
206.2,2.0,1,0,1,1,1,Tanta,Central,El Geish,1st,No,completed,3098251.79
146.8,2.0,1,0,1,1,1,Luxor,East Bank,El Awameya,1st,Semi,completed,1732109.34
87.4,2.0,2,0,1,0,1,Cairo,Old Cairo,Downtown,2nd,Semi,completed,3259612.28
118.7,3.0,3,0,0,0,1,Cairo,New Cairo,Fifth Settlement,3rd,No,completed,6171238.72
145.7,2.0,2,0,1,1,1,Aswan,Central,El Shallal,1st,Yes,completed,2006685.41
96.2,2.0,1,0,1,1,1,Mansoura,Central,El Mashaya,2nd,Yes,completed,1832894.88
65.8,4.0,4,0,1,0,1,Cairo,Old Cairo,Maadi,1st,Yes,off_plan,1865454.07
92.9,3.0,2,0,1,1,1,Suez,South,El Suez District,1st,No,completed,1472807.98
176.2,4.0,3,0,1,1,1,Cairo,Old Cairo,Downtown,1st,No,completed,5467444.54
129.5,,2,1,1,0,1,Suez,South,El Suez District,2nd,No,completed,1859803.73
88.0,4.0,3,0,0,0,1,Alexandria,West,Agami,1st,Semi,off_plan,1401051.99
143.6,3.0,2,0,1,1,1,Giza,New Giza,New Giza,1st,No,completed,9542550.96
139.2,3.0,3,0,1,1,1,Giza,West Giza,Sheikh Zayed,2nd,Yes,completed,7024810.59
180.8,4.0,3,0,0,1,1,Giza,West Giza,Sheikh Zayed,1st,No,completed,7637479.74
79.7,4.0,3,0,1,1,1,Cairo,Old Cairo,Downtown,2nd,Yes,completed,2608721.03
95.7,2.0,1,0,0,1,1,Cairo,New Cairo,First Settlement,2nd,No,completed,4142687.06
124.8,2.0,2,0,1,1,1,Giza,West Giza,6th of October,1st,No,completed,4424650.82
106.0,,2,1,1,0,1,Cairo,Old Cairo,Maadi,3rd,No,completed,4521320.5
108.7,2.0,1,0,1,1,1,Port Said,West,El Zohour,2nd,No,off_plan,1754823.93
93.2,2.0,1,0,1,1,1,Luxor,East Bank,El Karnak,1st,No,off_plan,913053.56
80.5,,1,1,1,1,1,Port Said,East,El Shark,1st,No,completed,1463441.45
107.3,3.0,2,0,1,1,1,Alexandria,East,Sidi Bishr,2nd,No,completed,2517575.09
182.0,3.0,3,0,1,0,1,Giza,New Giza,New Giza,2nd,No,off_plan,8231750.03
63.4,3.0,2,0,1,1,1,Port Said,West,El Zohour,2nd,Yes,completed,1435441.51
68.1,3.0,2,0,1,1,1,Cairo,New Cairo,Nasr City,3rd,No,completed,2072415.54
182.8,3.0,2,0,1,0,1,Alexandria,East,Smouha,1st,No,completed,5042977.26
94.9,4.0,4,0,1,0,1,Giza,West Giza,Sheikh Zayed,3rd,No,off_plan,3111655.38
138.1,2.0,1,0,1,1,0,Giza,New Giza,New Giza,1st,Semi,completed,8174207.44
159.9,3.0,3,0,0,0,1,Cairo,New Cairo,Madinaty,4th,Semi,under_construction,6241688.77
202.2,3.0,2,0,1,0,1,Suez,North,El Arbaien,2nd,No,under_construction,2877445.96
90.0,3.0,2,0,1,1,1,Giza,New Giza,New Giza,1st,No,completed,5065604.35
129.6,4.0,3,0,1,1,1,Luxor,West Bank,El Gezira,1st,Yes,completed,1990591.55
135.6,,2,1,1,0,1,Cairo,Old Cairo,Downtown,2nd,No,completed,4418346.53
211.8,3.0,2,0,1,1,1,Ismailia,Central,El Afrang,1st,Yes,completed,3100267.08
90.5,2.0,1,0,1,1,1,Alexandria,West,Borg El Arab,2nd,No,under_construction,1146675.39
125.4,5.0,4,0,1,1,1,Cairo,New Cairo,Heliopolis,2nd,Yes,under_construction,4035759.47
68.7,3.0,2,0,1,1,1,Mansoura,Central,El Mashaya,1st,No,under_construction,992955.3
180.8,2.0,2,0,1,1,1,Tanta,Central,Saeed,1st,No,completed,2850832.79
112.6,3.0,2,0,1,1,1,Tanta,Central,Saeed,1st,No,completed,1662036.89
181.2,4.0,3,0,1,1,0,Cairo,New Cairo,Nasr City,4th,No,under_construction,4257724.84
86.7,2.0,1,0,0,0,1,Port Said,West,El Zohour,2nd,No,completed,1585965.42
89.0,3.0,2,0,1,0,1,Alexandria,West,Borg El Arab,2nd,Yes,under_construction,1297015.93
117.4,3.0,2,0,1,0,1,Giza,New Giza,New Giza,1st,No,under_construction,5343132.88
86.5,2.0,2,0,1,0,1,Port Said,East,El Manakh,1st,No,completed,1365639.74
111.4,4.0,4,0,0,0,1,Cairo,Old Cairo,Zamalek,1st,Yes,completed,8503099.15
156.7,3.0,3,0,1,0,1,Giza,West Giza,Mohandessin,2nd,Semi,under_construction,4372736.73
121.6,2.0,2,0,1,1,1,Giza,New Giza,New Giza,2nd,Semi,completed,6971025.95
102.6,2.0,1,0,1,0,1,Aswan,Central,El Sad El Ali,2nd,Yes,completed,1904017.75
127.0,3.0,3,0,1,1,1,Giza,New Giza,New Giza,2nd,No,under_construction,6225229.14
100.1,4.0,3,0,1,0,1,Giza,New Giza,New Giza,2nd,No,completed,6620533.48
95.5,4.0,3,0,1,0,1,Cairo,Old Cairo,Downtown,2nd,No,off_plan,2362353.89
165.3,2.0,1,0,1,1,1,Giza,West Giza,Sheikh Zayed,2nd,No,completed,7720551.28
162.4,3.0,2,0,0,0,1,Cairo,New Cairo,Nasr City,2nd,Semi,completed,4410189.81
99.9,2.0,1,0,0,1,1,Ismailia,Central,El Afrang,1st,No,completed,1608512.17
136.4,4.0,3,0,1,1,1,Cairo,New Cairo,Nasr City,1st,No,completed,4130872.01
137.7,3.0,3,0,1,1,1,Alexandria,West,Agami,1st,Yes,completed,2897624.79
127.0,4.0,3,0,0,0,1,Giza,West Giza,Haram,2nd,No,completed,3301335.97
108.9,3.0,2,0,1,1,1,Cairo,Old Cairo,Zamalek,2nd,Yes,under_construction,6102144.1
79.5,3.0,3,0,1,1,1,Cairo,Old Cairo,Maadi,2nd,Yes,completed,3488389.43
108.8,2.0,2,0,1,1,1,Mansoura,Central,Toriel,1st,No,completed,1404599.44
173.4,3.0,3,0,1,1,1,Giza,New Giza,New Giza,1st,No,completed,8632986.6
170.0,1.0,1,0,1,1,1,Luxor,West Bank,El Gezira,1st,No,completed,1975726.64
101.4,4.0,4,0,1,0,1,Ismailia,Central,El Afrang,1st,Yes,completed,1751211.63
124.6,3.0,2,0,1,1,1,Giza,West Giza,Mohandessin,2nd,No,under_construction,3759479.43
146.0,2.0,2,0,1,1,1,Giza,West Giza,Haram,2nd,Yes,under_construction,2280374.86
79.0,1.0,1,0,1,0,1,Cairo,New Cairo,Madinaty,4th,No,completed,3886252.57
229.9,2.0,1,0,0,0,1,Suez,North,El Arbaien,2nd,No,under_construction,2546960.91
223.6,5.0,5,0,1,1,1,Alexandria,East,Sidi Gaber,2nd,Yes,under_construction,5127174.2
187.4,3.0,3,0,1,1,1,Ismailia,Central,El Afrang,1st,No,under_construction,2041537.81
131.7,2.0,1,0,1,0,1,Cairo,New Cairo,Rehab,1st,Yes,completed,6609858.17
193.6,2.0,1,0,1,0,1,Giza,West Giza,Dokki,2nd,No,off_plan,4119652.08
84.1,3.0,2,0,1,1,1,Giza,West Giza,Haram,2nd,No,completed,1627027.92
161.8,2.0,1,0,1,1,1,Alexandria,West,Borg El Arab,1st,No,under_construction,2291392.74
160.5,,2,1,1,1,1,Luxor,East Bank,El Karnak,1st,No,completed,2021237.04
137.2,2.0,1,0,1,1,1,Luxor,East Bank,El Karnak,1st,Semi,off_plan,1367519.24
190.0,4.0,4,0,1,1,1,Suez,North,El Arbaien,1st,No,completed,3534370.11
230.8,2.0,1,0,1,1,1,Port Said,West,El Zohour,1st,Semi,completed,4660917.23
167.8,3.0,3,0,1,1,1,Cairo,New Cairo,Fifth Settlement,1st,Yes,completed,9624226.17
126.5,4.0,3,0,1,1,1,Alexandria,East,Sidi Gaber,1st,No,completed,3299270.62
130.0,5.0,5,0,1,1,1,Cairo,New Cairo,Madinaty,3rd,Yes,completed,6508849.98
102.9,2.0,1,0,1,1,1,Cairo,Old Cairo,Downtown,2nd,No,completed,3169558.78
138.8,5.0,4,0,1,1,1,Alexandria,West,Borg El Arab,2nd,No,off_plan,1968057.57
101.8,3.0,2,0,1,1,1,Tanta,Central,Saeed,1st,No,under_construction,1148453.71
71.9,,5,1,0,1,1,Giza,West Giza,Sheikh Zayed,2nd,Semi,under_construction,2786728.76
70.9,2.0,2,0,1,0,1,Giza,New Giza,New Giza,2nd,No,completed,4001925.86
106.2,2.0,2,0,1,1,1,Giza,West Giza,Mohandessin,2nd,No,under_construction,3148541.87
114.7,2.0,1,0,1,1,1,Alexandria,West,Agami,2nd,Semi,under_construction,2091324.47
123.2,3.0,3,0,1,0,1,Aswan,Central,El Shallal,1st,Semi,completed,1696436.86
79.9,3.0,2,0,1,0,1,Cairo,Old Cairo,Maadi,3rd,No,completed,2904209.64
122.1,3.0,2,0,1,1,0,Giza,West Giza,Sheikh Zayed,2nd,Semi,under_construction,4920396.53
147.3,2.0,1,0,1,0,1,Alexandria,West,Agami,2nd,No,under_construction,2227829.89
82.6,1.0,1,0,1,1,1,Mansoura,Central,Toriel,1st,Yes,off_plan,1084280.92
171.6,3.0,2,0,1,0,1,Tanta,Central,Saeed,1st,No,completed,2154182.46
167.1,2.0,1,0,1,0,1,Giza,West Giza,Sheikh Zayed,1st,Semi,completed,6627150.86
95.2,3.0,2,0,1,0,1,Cairo,New Cairo,Fifth Settlement,2nd,Yes,under_construction,4275704.12
84.6,3.0,2,0,1,0,1,Ismailia,Central,El Sheikh Zayed,1st,No,completed,1646156.2
105.4,3.0,3,0,1,1,1,Aswan,Central,El Sad El Ali,2nd,Yes,off_plan,1210822.04
105.7,2.0,2,0,1,1,1,Cairo,Old Cairo,Downtown,1st,No,under_construction,3148521.21
166.9,2.0,2,0,1,1,0,Giza,West Giza,Sheikh Zayed,2nd,No,completed,7276442.44
152.4,,2,1,1,1,1,Cairo,Old Cairo,Maadi,2nd,Semi,completed,5867841.71
143.1,5.0,4,0,1,1,1,Aswan,Central,El Shallal,1st,Semi,completed,2156250.19
81.7,2.0,1,0,1,1,1,Giza,West Giza,Dokki,2nd,Yes,completed,3056146.91
118.8,2.0,1,0,1,1,1,Cairo,Old Cairo,Zamalek,1st,No,under_construction,5638685.02
115.0,3.0,2,0,0,0,1,Cairo,Old Cairo,Zamalek,1st,Semi,under_construction,6437646.07
139.3,1.0,1,0,1,1,1,Alexandria,West,Agami,1st,Semi,completed,3007654.99
151.0,4.0,4,0,1,1,1,Cairo,New Cairo,Rehab,3rd,No,completed,6930264.5
152.1,4.0,4,0,1,1,1,Suez,North,Faisal,1st,Semi,completed,2072603.44
132.9,2.0,1,0,1,1,0,Giza,West Giza,Dokki,1st,No,completed,4573880.09
190.4,3.0,3,0,1,0,1,Cairo,Old Cairo,Downtown,2nd,Yes,completed,7583692.78
188.6,3.0,2,0,0,0,1,Cairo,New Cairo,Heliopolis,1st,Semi,completed,6727324.66
109.0,3.0,3,0,1,1,1,Luxor,West Bank,El Gezira,1st,Yes,under_construction,1513114.73
92.1,4.0,3,0,1,1,1,Alexandria,West,Agami,2nd,No,completed,2090790.0
153.3,4.0,3,0,1,0,1,Giza,West Giza,Dokki,2nd,No,completed,4592248.91
113.6,5.0,5,0,1,1,1,Suez,North,El Arbaien,1st,No,completed,1748884.62
123.2,3.0,2,0,1,0,1,Cairo,New Cairo,Nasr City,2nd,No,completed,3576047.77
132.5,1.0,1,0,1,1,1,Cairo,Old Cairo,Maadi,2nd,Yes,completed,5008827.49
135.0,4.0,3,0,1,0,1,Port Said,East,El Shark,1st,No,completed,2586099.09
142.0,3.0,2,0,1,1,1,Suez,South,El Suez District,2nd,Yes,off_plan,1784795.4
55.8,4.0,4,0,1,1,1,Port Said,East,El Shark,2nd,Semi,under_construction,915699.22
114.4,3.0,2,0,1,0,1,Mansoura,Central,Toriel,1st,Yes,completed,2045724.51
141.5,1.0,1,0,1,0,1,Cairo,New Cairo,Nasr City,4th,Yes,off_plan,2330806.75
158.2,3.0,2,0,1,0,1,Giza,West Giza,Haram,2nd,No,under_construction,2493789.96
167.5,2.0,1,0,1,1,1,Mansoura,Central,Toriel,1st,No,completed,2571731.44
228.3,4.0,4,0,0,1,1,Suez,South,El Suez District,1st,Yes,off_plan,2523507.09
130.2,3.0,2,0,0,1,1,Mansoura,Central,El Mashaya,1st,Semi,completed,2767485.42
106.2,2.0,2,0,1,1,1,Ismailia,Central,El Afrang,1st,No,completed,1410168.25
152.8,4.0,3,0,1,1,1,Port Said,East,El Manakh,1st,No,under_construction,1957070.14
82.0,3.0,2,0,1,1,1,Cairo,New Cairo,Rehab,2nd,Yes,under_construction,3247860.89
227.4,2.0,1,0,0,0,1,Port Said,West,El Zohour,2nd,Yes,completed,4472100.68
170.0,4.0,3,0,1,0,1,Alexandria,East,Sidi Bishr,2nd,No,completed,3843302.67
79.2,2.0,1,0,1,1,1,Alexandria,West,Borg El Arab,1st,Yes,completed,1369144.26
144.2,3.0,3,0,1,1,1,Cairo,New Cairo,Heliopolis,2nd,Yes,completed,5699634.1
198.6,2.0,1,0,1,1,0,Cairo,Old Cairo,Downtown,1st,Yes,under_construction,6556064.39
96.2,2.0,2,0,0,1,1,Aswan,Central,El Sad El Ali,1st,Semi,under_construction,1222036.19
165.5,4.0,4,0,0,1,1,Port Said,East,El Manakh,2nd,Yes,completed,3044219.19
94.8,3.0,3,0,1,0,1,Giza,West Giza,6th of October,1st,No,completed,3079386.82
190.9,1.0,1,0,1,0,1,Port Said,West,El Zohour,2nd,No,under_construction,2940028.77
156.7,2.0,1,0,1,1,1,Cairo,New Cairo,Heliopolis,1st,No,completed,5811627.56
211.9,2.0,2,0,1,0,1,Giza,West Giza,Mohandessin,1st,No,under_construction,6321890.97
136.0,,5,1,1,1,0,Alexandria,East,Sidi Gaber,1st,Yes,under_construction,2798702.37
112.3,1.0,1,0,1,1,1,Port Said,West,El Zohour,1st,No,completed,1882607.64
102.5,2.0,2,0,1,0,1,Mansoura,Central,Toriel,1st,Semi,under_construction,1307326.02
182.0,4.0,4,0,1,1,1,Alexandria,West,Borg El Arab,2nd,Yes,completed,3530157.39
168.2,4.0,3,0,1,1,1,Ismailia,Central,El Afrang,1st,Yes,completed,2987249.06
108.1,2.0,2,0,1,1,0,Cairo,Old Cairo,Maadi,3rd,No,completed,3776784.15
128.1,3.0,3,0,1,1,1,Ismailia,Central,El Sheikh Zayed,2nd,No,under_construction,1757592.29
108.7,3.0,2,0,1,1,1,Giza,West Giza,6th of October,3rd,Yes,under_construction,3611146.26
120.9,,2,1,1,1,1,Cairo,Old Cairo,Zamalek,2nd,Semi,under_construction,6604498.92
117.3,2.0,2,0,1,1,1,Alexandria,East,Sidi Bishr,1st,Yes,completed,2775783.59
129.0,4.0,3,0,1,1,1,Cairo,New Cairo,Madinaty,4th,No,completed,6087110.28
99.6,3.0,2,0,1,0,1,Giza,West Giza,Mohandessin,1st,Yes,under_construction,3033211.1
134.6,3.0,2,0,1,1,1,Cairo,Old Cairo,Maadi,1st,Yes,completed,5350107.81
133.7,2.0,2,0,1,1,1,Giza,West Giza,Sheikh Zayed,2nd,Yes,completed,8212710.75
85.1,3.0,3,0,1,0,1,Suez,South,El Suez District,2nd,Yes,completed,1660897.5
207.2,1.0,1,0,1,1,1,Mansoura,Central,Toriel,1st,No,under_construction,2063467.8
139.7,4.0,4,0,1,1,1,Cairo,Old Cairo,Maadi,3rd,No,completed,5525770.32
86.9,3.0,2,0,1,0,1,Giza,West Giza,Sheikh Zayed,3rd,No,completed,4160530.7
123.2,1.0,1,0,1,0,1,Aswan,Central,El Shallal,1st,Yes,completed,1938467.02
145.1,4.0,3,0,0,0,1,Alexandria,East,Sidi Gaber,2nd,Semi,completed,3608207.47
183.2,3.0,3,0,1,1,1,Cairo,Old Cairo,Maadi,3rd,No,under_construction,5491643.03
145.1,3.0,2,0,0,1,1,Cairo,New Cairo,Nasr City,2nd,Semi,completed,4134106.39
133.2,3.0,3,0,1,0,1,Cairo,Old Cairo,Maadi,3rd,No,completed,5092155.25
59.9,3.0,2,0,0,1,1,Cairo,Old Cairo,Zamalek,2nd,Semi,completed,3824007.71
145.0,5.0,4,0,1,1,1,Tanta,Central,El Geish,2nd,Yes,completed,2736572.83
157.3,3.0,2,0,1,1,1,Mansoura,Central,El Mashaya,1st,No,completed,2911138.51
117.2,3.0,3,0,1,0,1,Cairo,Old Cairo,Maadi,2nd,Semi,completed,4939476.12
158.9,4.0,3,0,1,0,1,Mansoura,Central,Toriel,1st,No,off_plan,1659811.78
157.4,,1,1,1,1,1,Giza,New Giza,New Giza,2nd,Semi,completed,11199606.77
254.5,2.0,2,0,1,1,1,Cairo,New Cairo,Madinaty,3rd,Semi,completed,9536086.19
101.6,2.0,2,0,1,1,1,Cairo,Old Cairo,Zamalek,1st,No,completed,6657485.36
69.9,3.0,2,0,1,1,1,Tanta,Central,Saeed,1st,No,under_construction,773598.92
60.1,2.0,1,0,1,1,0,Ismailia,Central,El Sheikh Zayed,2nd,No,completed,1023404.38
231.9,3.0,2,0,1,0,1,Giza,New Giza,New Giza,1st,Semi,off_plan,10379465.54
176.8,2.0,1,0,1,1,1,Giza,West Giza,Sheikh Zayed,3rd,No,under_construction,7355721.54
130.1,2.0,1,0,1,1,1,Giza,New Giza,New Giza,2nd,No,completed,7372104.04
141.7,5.0,5,0,1,0,1,Alexandria,East,Sidi Gaber,2nd,No,under_construction,2930844.56
96.0,2.0,1,0,1,1,1,Alexandria,West,Agami,1st,No,completed,2004564.95
102.6,4.0,3,0,1,1,1,Cairo,Old Cairo,Downtown,2nd,No,under_construction,3013277.83
144.4,4.0,3,0,1,1,1,Aswan,Central,El Sad El Ali,1st,No,completed,2028301.9
118.4,3.0,2,0,1,0,1,Giza,New Giza,New Giza,1st,Yes,under_construction,7221023.01
91.2,4.0,4,0,1,1,1,Giza,New Giza,New Giza,1st,No,completed,5548337.25
134.9,3.0,3,0,1,0,1,Giza,New Giza,New Giza,2nd,No,completed,8205707.03
87.4,5.0,5,0,1,1,1,Alexandria,West,Borg El Arab,2nd,No,completed,1839336.93
107.0,2.0,1,0,0,0,1,Luxor,East Bank,El Karnak,1st,Yes,completed,1586536.34
129.0,3.0,2,0,1,0,1,Cairo,Old Cairo,Zamalek,1st,No,completed,8736812.64
89.8,4.0,3,0,1,0,1,Luxor,West Bank,El Gezira,1st,No,completed,1294324.7
185.9,2.0,1,0,1,1,1,Alexandria,East,Sidi Gaber,2nd,Semi,completed,4398496.42
116.7,2.0,1,0,0,0,1,Alexandria,West,Borg El Arab,2nd,No,completed,1975347.05
157.1,3.0,3,0,1,0,1,Giza,West Giza,6th of October,2nd,No,completed,4805007.25
140.0,2.0,1,0,1,0,1,Suez,South,El Suez District,1st,No,completed,1963891.9
156.7,2.0,2,0,1,1,1,Cairo,New Cairo,Rehab,1st,No,completed,6904816.12
138.0,4.0,3,0,0,1,1,Cairo,Old Cairo,Downtown,2nd,Yes,off_plan,3689951.23
128.6,2.0,2,0,1,1,1,Suez,South,El Suez District,2nd,Yes,completed,1901694.48
129.9,1.0,1,0,0,0,1,Alexandria,East,Sidi Bishr,1st,No,completed,2840185.97
103.1,2.0,1,0,1,0,1,Alexandria,East,Sidi Bishr,1st,No,completed,2793088.11
83.8,5.0,4,0,1,0,1,Tanta,Central,El Geish,1st,No,completed,1455852.61
111.3,4.0,3,0,1,1,1,Cairo,New Cairo,First Settlement,1st,Yes,completed,5274255.65
103.7,,3,1,0,1,1,Cairo,Old Cairo,Downtown,1st,No,under_construction,2549344.15
175.3,3.0,2,0,1,1,1,Giza,New Giza,New Giza,1st,Yes,completed,10808628.62
132.8,,3,1,1,1,0,Luxor,East Bank,El Karnak,2nd,No,under_construction,1378209.13
164.4,3.0,2,0,1,1,1,Mansoura,Central,El Mashaya,1st,No,completed,2795149.36
177.9,3.0,3,0,1,1,1,Cairo,Old Cairo,Maadi,1st,No,under_construction,5807243.94
86.6,4.0,3,0,1,1,1,Cairo,Old Cairo,Zamalek,2nd,No,completed,4940122.93
114.9,4.0,3,0,1,1,1,Aswan,Central,El Shallal,1st,No,under_construction,1402490.47
177.1,3.0,3,0,1,1,1,Luxor,West Bank,El Gezira,1st,No,completed,2213133.44
143.8,3.0,3,0,1,1,1,Ismailia,Central,El Afrang,1st,No,under_construction,1638214.12
88.5,,4,1,1,1,0,Aswan,Central,El Shallal,1st,Semi,completed,1294417.62
136.9,3.0,2,0,1,0,1,Luxor,East Bank,El Karnak,2nd,No,completed,1570392.01
182.9,2.0,1,0,1,1,1,Port Said,West,El Zohour,1st,No,off_plan,2475798.78
123.9,3.0,2,0,1,1,1,Ismailia,Central,El Afrang,1st,Yes,completed,2091502.02
88.4,3.0,2,0,1,1,1,Aswan,Central,El Shallal,1st,Semi,completed,1314176.38
119.3,2.0,2,0,1,1,1,Cairo,Old Cairo,Downtown,2nd,Yes,under_construction,3617396.85
159.5,3.0,2,0,1,1,1,Cairo,New Cairo,Heliopolis,1st,No,completed,5437523.81
125.1,2.0,2,0,1,1,0,Ismailia,Central,El Afrang,1st,No,completed,1891849.27
147.4,1.0,1,0,0,0,1,Port Said,East,El Manakh,2nd,No,under_construction,1551112.01
152.2,2.0,2,0,1,1,1,Alexandria,West,Agami,1st,Semi,completed,3307746.38
246.7,3.0,3,0,1,1,1,Giza,New Giza,New Giza,2nd,Yes,off_plan,10753573.12
70.8,5.0,4,0,1,1,1,Giza,West Giza,Haram,2nd,No,under_construction,1172768.71
99.0,3.0,2,0,1,0,1,Giza,West Giza,6th of October,3rd,No,completed,3231919.69
99.4,2.0,2,0,1,1,0,Giza,West Giza,Dokki,2nd,No,under_construction,2143315.52
102.4,3.0,3,0,1,1,1,Ismailia,Central,El Sheikh Zayed,1st,Yes,under_construction,1607020.27
147.1,3.0,2,0,1,1,0,Luxor,East Bank,El Karnak,1st,No,completed,2153768.04
85.6,4.0,4,0,0,0,1,Port Said,West,El Zohour,2nd,No,completed,1730477.41
193.4,3.0,2,0,0,1,1,Giza,New Giza,New Giza,2nd,Yes,completed,8884361.63
91.3,2.0,1,0,1,1,1,Tanta,Central,Saeed,1st,No,completed,1321141.5
101.4,4.0,3,0,1,0,1,Cairo,New Cairo,Madinaty,3rd,No,completed,4444990.14
255.9,2.0,2,0,1,0,1,Suez,South,El Suez District,2nd,No,under_construction,3034478.74
146.3,3.0,2,0,1,1,1,Luxor,East Bank,El Awameya,1st,Yes,completed,1732626.54
215.0,1.0,1,0,1,0,0,Cairo,New Cairo,Rehab,3rd,No,off_plan,6752178.91
183.4,3.0,2,0,1,1,1,Ismailia,Central,El Sheikh Zayed,1st,Yes,completed,3717961.76
174.7,1.0,1,0,1,0,1,Cairo,New Cairo,Heliopolis,2nd,No,completed,5263206.51
63.6,4.0,3,0,1,1,1,Cairo,New Cairo,Rehab,2nd,Semi,under_construction,2905374.53
157.6,4.0,3,0,1,0,1,Cairo,Old Cairo,Maadi,2nd,Semi,completed,5348365.44
178.6,3.0,3,0,1,1,1,Ismailia,Central,El Afrang,1st,Yes,under_construction,2604677.03
107.0,3.0,2,0,1,1,1,Giza,New Giza,New Giza,2nd,No,completed,6809422.58
106.9,3.0,3,0,1,0,1,Giza,West Giza,Dokki,1st,Semi,under_construction,2744419.87
93.5,1.0,1,0,1,1,1,Cairo,New Cairo,First Settlement,3rd,Yes,under_construction,3495864.14
168.3,2.0,1,0,1,1,1,Giza,New Giza,New Giza,2nd,No,off_plan,6758823.46
253.4,2.0,2,0,1,1,1,Cairo,Old Cairo,Downtown,2nd,Semi,under_construction,7030345.42
144.0,3.0,2,0,1,1,1,Port Said,West,El Zohour,1st,No,completed,2631908.4
105.4,2.0,1,0,1,1,1,Suez,South,El Suez District,1st,Semi,completed,1558609.15
184.6,2.0,2,0,0,0,1,Cairo,Old Cairo,Zamalek,2nd,Yes,completed,11816195.91
168.7,2.0,2,0,1,1,1,Port Said,East,El Shark,2nd,Semi,off_plan,2410234.11
127.7,3.0,2,0,1,1,0,Suez,South,El Suez District,1st,No,completed,1719045.0
116.9,3.0,2,0,1,0,1,Cairo,Old Cairo,Downtown,2nd,Yes,completed,3497659.52
81.4,2.0,2,0,0,1,1,Luxor,East Bank,El Karnak,2nd,Semi,completed,1041073.14
90.0,3.0,3,0,0,1,1,Suez,North,Faisal,1st,No,under_construction,1200039.01
97.3,4.0,3,0,1,1,1,Aswan,Central,El Sad El Ali,1st,Semi,completed,1504683.7
42.2,1.0,1,0,1,1,1,Giza,West Giza,Sheikh Zayed,1st,No,completed,2163814.0
150.7,4.0,4,0,1,0,1,Luxor,East Bank,El Karnak,1st,No,completed,1879988.97
279.5,2.0,2,0,1,1,1,Luxor,East Bank,El Karnak,1st,Yes,under_construction,3467823.92
143.6,3.0,3,0,1,0,1,Giza,New Giza,New Giza,2nd,No,completed,8399915.08
233.6,4.0,3,0,1,1,1,Giza,West Giza,Sheikh Zayed,2nd,Yes,off_plan,9282167.96
132.2,3.0,2,0,1,1,1,Giza,New Giza,New Giza,2nd,Semi,completed,7067161.18
163.5,3.0,3,0,1,1,1,Giza,West Giza,Haram,1st,No,completed,3638096.73
65.2,5.0,4,0,1,1,1,Cairo,New Cairo,Nasr City,4th,No,off_plan,1384061.45
100.0,5.0,4,0,1,1,1,Aswan,Central,El Shallal,1st,Yes,under_construction,1082556.3
113.3,2.0,2,0,1,1,1,Luxor,East Bank,El Awameya,1st,No,off_plan,896669.24
158.2,2.0,2,0,0,1,1,Port Said,West,El Zohour,2nd,No,completed,2992241.19
138.0,1.0,1,0,1,1,1,Cairo,Old Cairo,Zamalek,2nd,No,completed,8405075.64
62.2,1.0,1,0,0,0,1,Mansoura,Central,El Mashaya,2nd,No,completed,1035225.13
141.7,3.0,2,0,1,0,1,Port Said,West,El Zohour,1st,Yes,off_plan,2324323.68
169.1,3.0,3,0,1,1,1,Luxor,West Bank,El Gezira,1st,Yes,completed,2735831.99
93.5,2.0,1,0,1,1,1,Cairo,New Cairo,Fifth Settlement,3rd,Semi,completed,5055339.25
142.5,3.0,2,0,0,0,1,Giza,West Giza,Haram,2nd,No,completed,2535477.88
68.4,2.0,1,0,0,1,1,Tanta,Central,El Geish,2nd,No,under_construction,883775.15
103.3,3.0,2,0,1,1,1,Alexandria,East,Sidi Gaber,2nd,No,under_construction,2497056.81
123.8,4.0,3,0,1,1,1,Giza,New Giza,New Giza,2nd,Yes,under_construction,6590202.59
158.1,3.0,3,0,1,1,1,Giza,New Giza,New Giza,2nd,No,completed,8603471.55
140.7,3.0,2,0,1,1,1,Alexandria,West,Borg El Arab,2nd,No,off_plan,1658485.71
223.4,2.0,1,0,1,1,1,Tanta,Central,El Geish,2nd,Yes,off_plan,2591401.93
119.6,3.0,3,0,1,1,0,Ismailia,Central,El Sheikh Zayed,1st,Yes,completed,2552173.66
235.7,2.0,2,0,1,0,1,Cairo,New Cairo,First Settlement,2nd,No,under_construction,7187230.66
85.0,3.0,2,0,1,1,1,Alexandria,West,Borg El Arab,2nd,No,completed,1135112.9
105.1,3.0,2,0,1,1,1,Alexandria,East,Smouha,3rd,No,off_plan,2225777.39
99.5,5.0,5,0,1,1,1,Tanta,Central,Saeed,1st,Semi,off_plan,1091444.6
108.6,2.0,1,0,1,0,1,Ismailia,Central,El Sheikh Zayed,1st,No,completed,1775038.5
160.1,,1,1,1,0,1,Giza,New Giza,New Giza,2nd,No,under_construction,7438563.63
110.5,4.0,3,0,1,1,1,Tanta,Central,El Geish,2nd,Yes,completed,2246600.66
98.4,3.0,2,0,1,1,1,Cairo,Old Cairo,Maadi,2nd,No,completed,3556982.86
117.7,2.0,2,0,0,1,1,Aswan,Central,El Shallal,1st,Semi,under_construction,1365425.89
118.6,4.0,4,0,1,1,1,Tanta,Central,El Geish,1st,No,completed,2127604.29
98.5,5.0,5,0,1,1,1,Giza,New Giza,New Giza,2nd,Yes,under_construction,5566897.87
114.2,2.0,1,0,1,0,1,Ismailia,Central,El Sheikh Zayed,1st,Yes,completed,1953895.46
83.4,4.0,3,0,0,1,1,Suez,North,Faisal,1st,No,under_construction,1088881.81
96.7,3.0,3,0,1,1,1,Mansoura,Central,Toriel,1st,Semi,completed,1611048.39
172.0,3.0,3,0,1,1,1,Giza,West Giza,Mohandessin,2nd,No,completed,4728725.96
108.7,3.0,3,0,0,0,1,Tanta,Central,El Geish,2nd,No,completed,1905248.75
137.2,2.0,1,0,1,1,1,Cairo,Old Cairo,Zamalek,1st,No,completed,8086161.81
82.6,3.0,3,0,0,0,1,Ismailia,Central,El Sheikh Zayed,1st,No,completed,1405669.69
111.3,1.0,1,0,1,1,1,Port Said,East,El Manakh,2nd,No,completed,1599139.07
243.1,3.0,2,0,0,1,1,Port Said,East,El Manakh,1st,No,under_construction,2592923.54
151.1,3.0,2,0,0,1,1,Alexandria,West,Borg El Arab,1st,No,under_construction,2302862.14
167.3,2.0,2,0,1,1,1,Tanta,Central,Saeed,1st,No,completed,2320914.75
141.7,5.0,4,0,1,1,1,Giza,West Giza,Sheikh Zayed,2nd,No,under_construction,6024042.31
111.9,4.0,3,0,1,0,1,Cairo,New Cairo,Madinaty,4th,No,completed,5887255.53
81.8,1.0,1,0,1,1,1,Cairo,New Cairo,First Settlement,3rd,No,completed,3089671.27
147.5,3.0,2,0,1,1,1,Cairo,New Cairo,Fifth Settlement,1st,No,completed,7919831.12
85.8,3.0,2,0,0,1,1,Aswan,Central,El Sad El Ali,1st,No,completed,1068179.7
108.9,2.0,1,0,1,1,1,Giza,New Giza,New Giza,1st,No,under_construction,5467568.77
101.9,1.0,1,0,1,1,1,Cairo,New Cairo,Fifth Settlement,1st,No,completed,5299414.68
86.6,2.0,1,0,1,1,1,Aswan,Central,El Shallal,1st,No,completed,1212672.29
107.7,1.0,1,0,1,1,1,Mansoura,Central,Toriel,1st,No,completed,1583614.42
111.3,4.0,4,0,1,1,0,Suez,North,El Arbaien,1st,No,completed,2059283.32
101.1,2.0,2,0,1,0,1,Alexandria,West,Agami,1st,Semi,completed,2312540.24
166.6,2.0,2,0,1,1,1,Cairo,Old Cairo,Zamalek,2nd,No,under_construction,8407348.7
108.8,5.0,4,0,1,1,1,Alexandria,West,Borg El Arab,1st,Yes,under_construction,1807359.16
112.9,2.0,1,0,1,0,1,Cairo,New Cairo,Heliopolis,1st,Yes,under_construction,4119671.81
145.5,3.0,3,0,0,1,1,Luxor,West Bank,El Gezira,1st,Semi,completed,2096498.02
92.4,2.0,2,0,1,0,1,Alexandria,West,Borg El Arab,1st,Semi,completed,1836679.39
134.5,4.0,4,0,1,1,1,Suez,North,Faisal,1st,No,under_construction,1644187.75
78.2,1.0,1,0,1,1,1,Cairo,New Cairo,Nasr City,3rd,No,under_construction,2006297.89
76.5,1.0,1,0,0,1,1,Aswan,Central,El Shallal,1st,No,completed,1100755.54
83.2,2.0,2,0,1,1,1,Alexandria,East,Sidi Bishr,1st,No,under_construction,1350768.34
75.4,3.0,2,0,1,1,1,Giza,New Giza,New Giza,2nd,Semi,under_construction,3582582.61
63.4,3.0,2,0,1,1,1,Suez,North,Faisal,1st,No,under_construction,755021.64
203.5,3.0,2,0,0,1,1,Cairo,New Cairo,Heliopolis,1st,No,off_plan,5935192.44
125.8,3.0,2,0,1,1,1,Aswan,Central,El Shallal,1st,No,under_construction,1345110.76
106.4,4.0,3,0,1,1,1,Cairo,Old Cairo,Downtown,1st,Yes,completed,4035490.07
140.2,4.0,3,0,1,1,1,Alexandria,West,Agami,1st,No,completed,2957947.2
83.5,2.0,2,0,1,0,1,Suez,South,El Suez District,1st,No,under_construction,953380.53
76.7,4.0,3,0,1,1,1,Cairo,Old Cairo,Downtown,2nd,Yes,completed,3319767.73
61.7,3.0,3,0,0,0,1,Giza,West Giza,Dokki,2nd,No,completed,1737159.29
89.8,3.0,2,0,1,1,1,Cairo,Old Cairo,Maadi,2nd,Semi,completed,3473857.25
104.6,3.0,2,0,1,1,1,Cairo,New Cairo,Nasr City,2nd,Yes,completed,3419109.65
73.4,1.0,1,0,1,0,1,Mansoura,Central,El Mashaya,1st,Yes,completed,1299368.7
89.9,1.0,1,0,1,0,1,Mansoura,Central,Toriel,1st,No,under_construction,1058000.36
111.3,1.0,1,0,0,1,1,Ismailia,Central,El Sheikh Zayed,2nd,No,completed,1966952.73
98.9,4.0,4,0,1,1,1,Alexandria,West,Borg El Arab,2nd,No,under_construction,1416498.81
74.9,3.0,3,0,1,1,1,Mansoura,Central,El Mashaya,1st,No,under_construction,1045729.76
147.3,3.0,2,0,0,1,1,Suez,South,El Suez District,2nd,Yes,under_construction,2306808.68
102.2,3.0,2,0,1,1,1,Alexandria,West,Agami,2nd,No,under_construction,1768724.49
109.7,3.0,2,0,1,0,1,Giza,New Giza,New Giza,1st,Semi,completed,7851061.94
98.2,2.0,2,0,1,1,1,Giza,West Giza,6th of October,3rd,Semi,completed,3310978.53
95.6,4.0,4,0,1,1,1,Cairo,Old Cairo,Downtown,1st,No,under_construction,2376309.46
62.1,4.0,3,0,1,0,1,Suez,South,El Suez District,1st,Semi,completed,967036.48
161.9,2.0,1,0,0,1,1,Cairo,New Cairo,Heliopolis,2nd,No,completed,5715398.17
137.4,3.0,2,0,1,1,1,Suez,South,El Suez District,1st,No,under_construction,1863218.63
108.6,2.0,1,0,1,1,0,Aswan,Central,El Shallal,1st,No,under_construction,1356945.83
173.5,1.0,1,0,1,1,1,Cairo,Old Cairo,Zamalek,2nd,No,under_construction,8558679.68
127.3,,1,1,0,1,1,Cairo,Old Cairo,Maadi,2nd,No,completed,4317751.09
187.9,3.0,2,0,1,1,1,Cairo,New Cairo,Fifth Settlement,2nd,No,completed,10132879.68
89.4,4.0,3,0,1,1,1,Giza,New Giza,New Giza,1st,No,completed,5135402.75
285.1,3.0,2,0,1,1,1,Cairo,New Cairo,Nasr City,2nd,No,under_construction,5829188.94
155.4,3.0,2,0,0,1,0,Cairo,Old Cairo,Zamalek,2nd,Yes,under_construction,8445710.72
136.9,4.0,4,0,1,0,1,Cairo,Old Cairo,Maadi,2nd,No,under_construction,3830985.75
364.7,4.0,4,0,1,1,1,Cairo,Old Cairo,Downtown,1st,No,completed,10728129.48
71.6,3.0,2,0,0,1,1,Mansoura,Central,Toriel,1st,Yes,under_construction,971011.57
100.6,3.0,2,0,0,0,1,Suez,North,Faisal,1st,No,completed,1447858.44
79.6,2.0,2,0,1,1,0,Giza,West Giza,Dokki,2nd,Semi,completed,2670753.07
147.4,3.0,2,0,0,1,1,Giza,New Giza,New Giza,1st,No,completed,8688985.11
141.4,3.0,2,0,1,1,1,Giza,West Giza,Sheikh Zayed,3rd,No,completed,6573352.75
144.2,3.0,3,0,1,1,1,Alexandria,East,Sidi Bishr,2nd,No,completed,3136311.14
55.2,4.0,4,0,1,0,1,Tanta,Central,Saeed,1st,No,under_construction,709704.55
74.7,3.0,2,0,1,1,1,Alexandria,West,Borg El Arab,2nd,No,completed,1200060.98
99.1,2.0,1,0,1,1,1,Cairo,Old Cairo,Maadi,1st,No,under_construction,3514549.29
77.3,1.0,1,0,1,1,1,Cairo,New Cairo,Madinaty,1st,Yes,off_plan,3188749.77
88.8,3.0,2,0,1,0,1,Aswan,Central,El Shallal,1st,Semi,completed,1366301.63
174.4,1.0,1,0,1,1,1,Cairo,New Cairo,Nasr City,1st,No,completed,4901685.01
70.7,2.0,2,0,1,1,1,Port Said,West,El Zohour,1st,No,completed,1338105.86
158.0,3.0,2,0,1,1,1,Cairo,New Cairo,Heliopolis,2nd,No,completed,5262987.3
60.9,3.0,2,0,1,1,1,Suez,South,El Suez District,2nd,No,under_construction,651197.11
65.4,1.0,1,0,0,0,1,Mansoura,Central,El Mashaya,1st,No,completed,1186199.38
167.0,3.0,2,0,1,1,1,Suez,North,El Arbaien,2nd,No,completed,2458544.6
77.6,5.0,4,0,1,0,1,Cairo,Old Cairo,Downtown,2nd,Yes,completed,2787306.98
153.4,2.0,1,0,1,1,1,Cairo,New Cairo,First Settlement,1st,No,completed,5993833.28
182.5,2.0,2,0,1,1,1,Giza,New Giza,New Giza,1st,No,completed,10098118.0
73.7,3.0,3,0,1,0,1,Cairo,Old Cairo,Maadi,3rd,No,completed,3023084.23
134.7,3.0,3,0,1,0,1,Giza,West Giza,6th of October,3rd,Yes,under_construction,4006795.26
157.9,,1,1,1,1,1,Giza,New Giza,New Giza,2nd,Yes,under_construction,9983733.03
107.0,2.0,1,0,1,0,1,Cairo,New Cairo,Nasr City,2nd,Semi,completed,3330034.91
78.5,3.0,3,0,1,0,1,Ismailia,Central,El Sheikh Zayed,1st,Yes,completed,1809412.82
128.4,,2,1,1,0,1,Suez,North,Faisal,1st,No,off_plan,1467717.07
155.2,1.0,1,0,1,1,1,Giza,West Giza,Mohandessin,1st,No,completed,5458270.36
92.0,3.0,2,0,1,0,1,Alexandria,East,Sidi Bishr,2nd,No,off_plan,1684196.31
103.4,3.0,2,0,1,1,1,Cairo,Old Cairo,Downtown,1st,Semi,completed,3741425.16
91.1,,1,1,1,0,1,Alexandria,East,Smouha,2nd,Semi,under_construction,2112365.99
87.9,,1,1,1,1,1,Cairo,Old Cairo,Maadi,1st,No,off_plan,2167186.99
113.4,3.0,2,0,1,1,1,Giza,West Giza,Sheikh Zayed,3rd,Semi,under_construction,4766432.83
79.5,,1,1,1,1,1,Alexandria,West,Agami,1st,Semi,off_plan,1421598.43
118.7,,3,1,1,0,1,Giza,West Giza,Sheikh Zayed,3rd,Yes,under_construction,5677767.0
137.4,3.0,3,0,1,1,1,Giza,West Giza,Mohandessin,2nd,Semi,completed,4982274.5
68.3,2.0,1,0,0,1,1,Mansoura,Central,El Mashaya,2nd,No,under_construction,1036482.95
129.7,3.0,2,0,1,0,1,Mansoura,Central,Toriel,1st,No,off_plan,1395898.24
92.8,,4,1,1,1,1,Ismailia,Central,El Sheikh Zayed,2nd,No,completed,1641791.32
114.4,1.0,1,0,1,1,1,Suez,South,El Suez District,2nd,Semi,under_construction,1569597.66
82.2,3.0,2,0,1,0,1,Alexandria,East,Sidi Bishr,1st,No,under_construction,1672557.18
66.9,2.0,1,0,1,1,1,Mansoura,Central,Toriel,1st,No,under_construction,817903.72
117.3,2.0,1,0,1,1,1,Giza,New Giza,New Giza,1st,No,completed,6900043.41
110.4,2.0,1,0,1,0,1,Port Said,East,El Manakh,2nd,No,under_construction,1140436.88
131.4,3.0,3,0,1,0,1,Cairo,New Cairo,First Settlement,1st,No,under_construction,4215589.38
109.8,,3,1,1,1,1,Alexandria,West,Borg El Arab,2nd,No,completed,1984467.11
175.5,5.0,4,0,1,1,1,Cairo,New Cairo,Rehab,3rd,Yes,under_construction,7553408.3
148.8,3.0,3,0,1,0,1,Cairo,Old Cairo,Maadi,1st,No,completed,5077914.13
153.0,2.0,1,0,1,1,1,Cairo,New Cairo,Madinaty,1st,No,under_construction,6713392.32
169.9,2.0,1,0,0,0,1,Cairo,Old Cairo,Zamalek,2nd,No,completed,11511146.52
94.4,3.0,2,0,1,0,0,Giza,New Giza,New Giza,2nd,No,off_plan,4087267.31
96.5,2.0,2,0,1,0,1,Suez,North,Faisal,1st,No,under_construction,1146760.29
67.6,2.0,2,0,1,1,1,Cairo,New Cairo,Nasr City,2nd,No,completed,2191498.63
128.2,2.0,1,0,0,1,1,Port Said,West,El Zohour,2nd,Yes,under_construction,2146614.54
126.3,4.0,3,0,1,1,1,Cairo,Old Cairo,Zamalek,1st,No,under_construction,7163795.49
194.1,3.0,3,0,0,0,1,Alexandria,West,Agami,2nd,Yes,under_construction,3628299.0
130.4,2.0,1,0,1,1,1,Mansoura,Central,Toriel,1st,No,under_construction,1360198.53
157.2,3.0,2,0,1,1,1,Port Said,East,El Manakh,2nd,Semi,completed,2082912.86
64.6,3.0,2,0,0,1,1,Cairo,New Cairo,Nasr City,1st,No,completed,1985848.45
93.2,5.0,4,0,1,1,1,Cairo,Old Cairo,Downtown,1st,Yes,completed,3507755.32
86.8,4.0,4,0,1,1,1,Cairo,Old Cairo,Zamalek,2nd,Semi,under_construction,4381654.57
163.5,4.0,4,0,1,1,1,Giza,West Giza,Haram,2nd,No,off_plan,2267239.31
157.5,4.0,3,0,1,0,1,Cairo,New Cairo,Nasr City,1st,No,completed,4716099.09
103.7,1.0,1,0,1,1,1,Ismailia,Central,El Afrang,1st,No,off_plan,1088272.7
92.6,2.0,2,0,1,1,1,Giza,New Giza,New Giza,2nd,Yes,completed,5366971.4
153.9,1.0,1,0,0,1,1,Alexandria,East,Smouha,3rd,No,completed,4164235.0
69.2,2.0,1,0,0,1,1,Cairo,New Cairo,Madinaty,1st,Semi,completed,2914351.39
126.2,1.0,1,0,1,1,1,Cairo,New Cairo,Fifth Settlement,2nd,No,completed,5762310.91
94.5,4.0,3,0,1,1,1,Alexandria,West,Borg El Arab,1st,No,completed,1648757.13
139.6,3.0,2,0,0,1,1,Mansoura,Central,El Mashaya,1st,No,off_plan,1994835.97
61.4,4.0,3,0,1,0,1,Mansoura,Central,El Mashaya,1st,Semi,completed,1179185.31
96.3,3.0,3,0,0,1,1,Giza,New Giza,New Giza,2nd,No,completed,5783895.19
116.9,2.0,2,0,1,1,1,Cairo,Old Cairo,Zamalek,2nd,No,completed,6565009.71
121.2,3.0,3,0,1,1,1,Alexandria,East,Sidi Bishr,1st,No,completed,2502924.85
222.5,3.0,3,0,1,0,1,Cairo,New Cairo,Nasr City,2nd,Yes,completed,6744578.56
126.4,2.0,1,0,1,1,1,Aswan,Central,El Sad El Ali,1st,No,under_construction,1699408.28
176.5,4.0,4,0,1,1,1,Alexandria,West,Borg El Arab,1st,No,completed,3442994.61
80.7,3.0,2,0,1,1,1,Luxor,East Bank,El Karnak,2nd,No,under_construction,1044519.76
125.5,2.0,2,0,1,1,1,Giza,West Giza,Mohandessin,2nd,Semi,completed,4182395.1
162.9,2.0,1,0,1,1,1,Alexandria,East,Sidi Gaber,2nd,Semi,under_construction,3774101.77
191.1,4.0,3,0,1,1,1,Tanta,Central,El Geish,1st,Semi,under_construction,2596644.95
228.2,3.0,2,0,1,0,1,Cairo,Old Cairo,Downtown,1st,Yes,completed,8335652.83
93.1,3.0,2,0,1,1,1,Alexandria,West,Borg El Arab,2nd,Semi,off_plan,1210548.56
190.0,,1,1,1,1,1,Mansoura,Central,Toriel,1st,No,completed,2449388.58
183.2,3.0,2,0,1,0,1,Luxor,West Bank,El Gezira,1st,No,under_construction,2105243.75
184.0,5.0,4,0,1,0,1,Port Said,West,El Zohour,2nd,No,completed,3598934.11
119.2,3.0,2,0,1,1,1,Giza,New Giza,New Giza,1st,Yes,completed,7594549.09
131.6,3.0,2,0,0,0,1,Luxor,East Bank,El Awameya,1st,No,under_construction,1360598.89
101.1,1.0,1,0,1,1,1,Ismailia,Central,El Afrang,1st,Yes,completed,1494534.01
88.8,3.0,2,0,1,1,1,Giza,New Giza,New Giza,1st,Semi,under_construction,4506944.4
65.8,4.0,3,0,1,0,1,Giza,New Giza,New Giza,1st,No,completed,3376031.19
180.7,1.0,1,0,0,0,1,Ismailia,Central,El Afrang,1st,No,under_construction,2026802.8
66.6,4.0,4,0,1,1,1,Ismailia,Central,El Sheikh Zayed,2nd,Yes,completed,1352937.33
119.8,2.0,1,0,1,0,1,Suez,South,El Suez District,1st,No,completed,1809819.97
162.9,2.0,1,0,0,1,1,Alexandria,West,Agami,1st,Yes,off_plan,2912677.23
116.0,3.0,2,0,1,0,1,Tanta,Central,El Geish,2nd,No,off_plan,1250770.24
96.7,2.0,1,0,1,1,1,Cairo,Old Cairo,Zamalek,2nd,Yes,completed,5971527.92
80.9,4.0,4,0,0,0,1,Luxor,East Bank,El Karnak,2nd,Yes,under_construction,980078.67
127.1,3.0,2,0,1,1,1,Giza,West Giza,6th of October,3rd,Semi,completed,4203316.37
125.2,3.0,3,0,1,1,1,Giza,West Giza,Dokki,1st,Semi,under_construction,3083734.97
152.2,5.0,5,0,1,1,1,Tanta,Central,El Geish,1st,No,off_plan,1640521.93
100.9,4.0,3,0,1,1,1,Cairo,New Cairo,Heliopolis,2nd,Yes,completed,4112389.38
119.6,4.0,3,0,1,1,1,Suez,South,El Suez District,1st,No,off_plan,1325977.15
204.8,4.0,4,0,1,1,1,Giza,West Giza,6th of October,1st,No,completed,6262217.66
88.5,2.0,2,0,1,0,1,Ismailia,Central,El Sheikh Zayed,1st,No,completed,1523919.08
81.4,5.0,4,0,0,1,1,Giza,New Giza,New Giza,2nd,Yes,completed,5365062.56
92.8,,3,1,1,0,1,Cairo,New Cairo,Rehab,3rd,No,completed,4197971.34
105.6,2.0,1,0,1,1,1,Cairo,New Cairo,Heliopolis,1st,Semi,under_construction,3005013.05
112.4,2.0,2,0,1,1,1,Luxor,West Bank,El Gezira,1st,No,completed,1571346.0
115.8,2.0,2,0,1,1,0,Ismailia,Central,El Sheikh Zayed,2nd,No,completed,2046475.08
117.6,1.0,1,0,1,0,1,Ismailia,Central,El Afrang,1st,Semi,completed,1718680.2
153.2,2.0,1,0,1,1,1,Port Said,East,El Shark,1st,Yes,under_construction,2751898.36
122.7,1.0,1,0,1,1,1,Giza,West Giza,Mohandessin,1st,No,completed,4711134.38
101.4,2.0,2,0,1,1,1,Giza,New Giza,New Giza,2nd,No,completed,6374920.48
156.7,3.0,3,0,1,0,1,Tanta,Central,Saeed,1st,No,completed,2428810.76
102.0,4.0,3,0,1,0,1,Suez,North,Faisal,1st,Yes,off_plan,1041533.2
56.7,4.0,3,0,1,1,1,Ismailia,Central,El Sheikh Zayed,1st,Semi,completed,1163900.28
95.3,3.0,3,0,1,1,1,Mansoura,Central,Toriel,1st,No,under_construction,1164930.58
98.4,4.0,3,0,1,0,1,Suez,North,Faisal,1st,Semi,under_construction,1160205.52
100.6,2.0,2,0,1,1,1,Luxor,West Bank,El Gezira,1st,Yes,off_plan,1033118.61
100.6,3.0,2,0,1,1,1,Alexandria,East,Sidi Gaber,1st,No,under_construction,2095356.03
99.7,1.0,1,0,1,1,1,Cairo,New Cairo,First Settlement,2nd,Yes,completed,3282681.35
81.0,3.0,3,0,1,1,0,Cairo,New Cairo,Fifth Settlement,2nd,Semi,completed,4257310.89
197.0,3.0,3,0,0,1,1,Alexandria,West,Agami,2nd,Yes,under_construction,4120410.52
94.1,3.0,2,0,1,0,1,Suez,South,El Suez District,2nd,Semi,completed,1500535.39
113.3,,4,1,1,1,1,Alexandria,East,Sidi Gaber,2nd,Yes,off_plan,2259896.94
93.3,2.0,2,0,1,0,1,Mansoura,Central,El Mashaya,1st,Semi,completed,1704460.71
152.1,3.0,2,0,1,1,1,Suez,South,El Suez District,2nd,No,completed,2406736.86
179.7,4.0,4,0,1,0,1,Aswan,Central,El Sad El Ali,1st,No,completed,2238362.6
205.5,3.0,3,0,1,1,1,Cairo,New Cairo,Fifth Settlement,1st,Yes,under_construction,9409506.83
102.2,2.0,1,0,0,1,1,Cairo,Old Cairo,Zamalek,2nd,Yes,under_construction,5577184.35
100.6,5.0,4,0,1,1,1,Giza,West Giza,Haram,2nd,No,completed,2165943.12
132.6,3.0,3,0,1,1,1,Suez,South,El Suez District,2nd,Semi,completed,1910877.66
191.8,2.0,2,0,1,1,0,Cairo,New Cairo,Rehab,3rd,No,completed,7618251.47
181.3,2.0,1,0,1,1,1,Aswan,Central,El Shallal,1st,Yes,completed,2279055.64
136.1,2.0,1,0,1,0,1,Cairo,Old Cairo,Zamalek,2nd,No,completed,8254199.98
104.9,3.0,2,0,0,1,1,Cairo,Old Cairo,Maadi,2nd,Semi,completed,4379494.2
102.6,3.0,3,0,0,1,1,Ismailia,Central,El Sheikh Zayed,2nd,Yes,under_construction,1455788.6
110.3,1.0,1,0,1,1,1,Luxor,East Bank,El Karnak,2nd,No,off_plan,899110.15
97.1,3.0,3,0,1,0,1,Tanta,Central,El Geish,2nd,No,under_construction,1329092.82
174.3,2.0,2,0,1,1,1,Luxor,East Bank,El Karnak,2nd,Semi,off_plan,1651869.93
137.6,3.0,3,0,1,1,1,Mansoura,Central,El Mashaya,1st,Semi,completed,2236136.54
186.1,3.0,3,0,1,1,1,Cairo,Old Cairo,Zamalek,1st,Yes,completed,12224362.75
99.0,4.0,3,0,1,0,1,Ismailia,Central,El Sheikh Zayed,1st,No,under_construction,1628511.29
165.2,3.0,2,0,1,0,1,Ismailia,Central,El Afrang,1st,Semi,under_construction,1680668.74
86.6,3.0,3,0,1,0,1,Cairo,New Cairo,First Settlement,3rd,Yes,completed,4062208.35
98.0,1.0,1,0,0,1,1,Port Said,West,El Zohour,1st,Yes,under_construction,1521849.51
88.0,1.0,1,0,1,1,1,Giza,New Giza,New Giza,1st,No,completed,5517213.43
81.4,3.0,3,0,0,1,1,Cairo,Old Cairo,Downtown,2nd,No,under_construction,2094690.6
129.1,3.0,2,0,1,0,1,Cairo,Old Cairo,Zamalek,1st,No,off_plan,6112429.67
94.0,3.0,2,0,1,1,1,Alexandria,East,Sidi Bishr,2nd,Semi,completed,2186481.0
101.9,5.0,4,0,1,1,1,Giza,New Giza,New Giza,2nd,No,completed,7591218.82
177.6,1.0,1,0,1,1,1,Alexandria,East,Sidi Gaber,1st,No,under_construction,3460748.79
183.0,1.0,1,0,1,1,1,Tanta,Central,Saeed,1st,Yes,under_construction,2474881.81
108.1,2.0,1,0,1,1,1,Giza,West Giza,Haram,2nd,No,under_construction,1672825.36
81.4,4.0,4,0,1,0,1,Giza,New Giza,New Giza,1st,No,completed,4604536.54
175.4,3.0,3,0,1,0,1,Tanta,Central,El Geish,2nd,Semi,completed,3300668.1
144.0,3.0,3,0,1,0,1,Port Said,West,El Zohour,1st,No,completed,2726978.07
155.3,2.0,1,0,1,0,1,Cairo,New Cairo,Heliopolis,2nd,Yes,completed,5803720.1
63.2,5.0,5,0,1,1,1,Cairo,Old Cairo,Zamalek,1st,Semi,completed,3388129.54
90.9,3.0,3,0,1,1,1,Alexandria,East,Sidi Gaber,2nd,No,completed,2318586.87
93.6,4.0,3,0,1,1,1,Cairo,New Cairo,Rehab,1st,No,completed,4292860.47
85.8,4.0,4,0,0,1,0,Giza,West Giza,Sheikh Zayed,1st,Semi,completed,4439186.72
148.2,4.0,4,0,1,0,1,Aswan,Central,El Sad El Ali,2nd,Yes,off_plan,1821295.27
162.9,2.0,1,0,1,1,1,Cairo,New Cairo,Fifth Settlement,1st,Semi,completed,9028758.86
135.5,4.0,4,0,0,0,1,Cairo,Old Cairo,Downtown,1st,No,completed,4385455.04
148.5,3.0,2,0,1,0,1,Aswan,Central,El Shallal,1st,No,completed,1850214.38
105.8,2.0,1,0,1,1,1,Ismailia,Central,El Afrang,1st,No,under_construction,1510506.68
121.0,2.0,1,0,1,1,1,Mansoura,Central,El Mashaya,2nd,No,completed,1851572.15
174.3,2.0,2,0,1,1,0,Suez,North,Faisal,1st,No,completed,2096058.73
157.2,3.0,2,0,1,1,1,Cairo,Old Cairo,Maadi,2nd,No,completed,5334088.85
217.8,2.0,1,0,1,1,1,Cairo,New Cairo,Madinaty,1st,No,under_construction,8339499.36
123.7,4.0,4,0,0,1,1,Cairo,New Cairo,Nasr City,1st,Yes,completed,3875400.47
122.1,2.0,2,0,1,0,1,Ismailia,Central,El Sheikh Zayed,2nd,Yes,completed,1978816.34
125.7,3.0,2,0,1,1,1,Giza,New Giza,New Giza,2nd,Yes,under_construction,7341318.41
119.9,2.0,2,0,1,1,1,Giza,West Giza,Mohandessin,2nd,No,completed,4053267.5
226.0,4.0,4,0,1,1,1,Giza,New Giza,New Giza,1st,No,completed,13641658.75
123.8,3.0,2,0,1,1,1,Alexandria,West,Agami,1st,Semi,under_construction,1867759.2
169.6,4.0,4,0,1,1,1,Cairo,Old Cairo,Downtown,2nd,No,under_construction,4476301.99
120.7,3.0,3,0,0,1,1,Giza,West Giza,Dokki,2nd,No,under_construction,3323800.28
88.9,3.0,2,0,1,0,1,Alexandria,East,Sidi Gaber,1st,Semi,completed,2289543.74
55.8,5.0,4,0,1,1,1,Mansoura,Central,El Mashaya,1st,No,completed,929517.7
127.4,5.0,5,0,0,1,0,Port Said,East,El Manakh,2nd,Yes,under_construction,1870133.39
200.6,4.0,3,0,1,1,1,Giza,West Giza,Mohandessin,1st,Semi,off_plan,5519177.93
80.1,3.0,3,0,1,1,1,Giza,West Giza,Mohandessin,1st,No,under_construction,2519391.61
206.0,3.0,3,0,1,1,1,Tanta,Central,Saeed,1st,No,under_construction,2315195.09
79.2,3.0,2,0,1,0,1,Cairo,Old Cairo,Maadi,1st,No,completed,2952705.75
75.8,4.0,3,0,1,1,1,Cairo,New Cairo,Madinaty,1st,Yes,completed,3971069.79
205.2,4.0,4,0,1,1,1,Cairo,Old Cairo,Maadi,2nd,Yes,completed,8586863.89
108.1,3.0,3,0,1,0,1,Tanta,Central,Saeed,1st,Yes,completed,1846626.59
83.0,2.0,2,0,1,1,1,Aswan,Central,El Sad El Ali,1st,No,completed,1436686.12
88.0,3.0,2,0,1,0,1,Cairo,New Cairo,First Settlement,2nd,Yes,completed,3795861.95
140.5,2.0,1,0,1,1,1,Tanta,Central,Saeed,1st,No,completed,1922612.31
118.7,3.0,2,0,0,1,0,Ismailia,Central,El Afrang,1st,Yes,under_construction,1863467.66
102.2,2.0,2,0,1,1,0,Aswan,Central,El Sad El Ali,1st,No,completed,1326928.55
176.1,3.0,3,0,1,0,1,Mansoura,Central,El Mashaya,1st,Semi,completed,3003376.77
222.5,3.0,2,0,1,1,1,Mansoura,Central,El Mashaya,2nd,Yes,completed,3747215.18
131.4,3.0,2,0,1,1,1,Cairo,New Cairo,Nasr City,3rd,Yes,completed,3785457.88
159.6,4.0,4,0,1,1,1,Suez,North,Faisal,1st,Yes,off_plan,1818173.01
90.8,1.0,1,0,1,1,1,Aswan,Central,El Shallal,1st,Semi,under_construction,992516.04
189.8,3.0,2,0,1,1,1,Giza,West Giza,Haram,2nd,Yes,completed,4329900.69
118.4,3.0,3,0,1,0,1,Alexandria,West,Agami,1st,Semi,completed,2612577.59
147.1,3.0,3,0,1,1,1,Giza,New Giza,New Giza,1st,Yes,completed,9779030.62
358.9,4.0,4,0,1,1,1,Port Said,East,El Shark,2nd,Yes,completed,7477896.77
156.8,2.0,2,0,1,1,1,Suez,South,El Suez District,1st,Semi,completed,2492881.22
95.6,2.0,2,0,1,1,1,Tanta,Central,El Geish,2nd,No,completed,1510877.62
142.6,4.0,3,0,1,1,1,Mansoura,Central,Toriel,1st,Semi,completed,2432039.83
80.4,2.0,1,0,1,0,1,Luxor,West Bank,El Gezira,1st,No,off_plan,781630.89
143.5,3.0,2,0,1,1,1,Cairo,New Cairo,Madinaty,2nd,Semi,under_construction,6099379.89
70.5,4.0,3,0,1,1,1,Suez,North,El Arbaien,2nd,No,off_plan,919653.65
104.5,5.0,4,0,1,1,1,Cairo,Old Cairo,Zamalek,2nd,Semi,completed,6658029.59
138.4,3.0,3,0,1,1,1,Alexandria,East,Smouha,3rd,Yes,completed,4436954.6
186.7,5.0,5,0,1,1,1,Mansoura,Central,Toriel,1st,No,under_construction,2227453.02
109.7,3.0,2,0,1,1,1,Suez,North,Faisal,1st,Yes,completed,1908695.06
198.0,2.0,1,0,1,1,1,Ismailia,Central,El Afrang,1st,No,completed,2817782.34
206.7,2.0,2,0,1,0,1,Luxor,West Bank,El Gezira,1st,No,off_plan,2154778.45
72.8,4.0,3,0,1,1,1,Alexandria,East,Smouha,3rd,No,completed,2167132.26
66.8,2.0,1,0,1,1,1,Cairo,Old Cairo,Zamalek,2nd,No,completed,4126519.49
117.1,3.0,2,0,0,1,1,Suez,South,El Suez District,1st,Semi,completed,1952709.1
97.3,5.0,5,0,1,1,1,Cairo,New Cairo,Heliopolis,2nd,Yes,off_plan,2898483.67
99.0,2.0,1,0,0,1,1,Giza,West Giza,Mohandessin,2nd,No,off_plan,2767314.61
108.3,3.0,2,0,1,1,1,Cairo,Old Cairo,Downtown,2nd,No,under_construction,3036247.98
143.7,4.0,3,0,1,1,1,Suez,North,Faisal,1st,No,completed,1990694.93
217.6,2.0,1,0,1,1,1,Cairo,New Cairo,Fifth Settlement,2nd,Semi,completed,10665449.89
146.3,1.0,1,0,1,1,1,Giza,New Giza,New Giza,1st,No,completed,7693005.33
149.7,4.0,3,0,0,1,1,Alexandria,East,Sidi Gaber,1st,Yes,under_construction,3828713.76
176.8,2.0,1,0,1,1,1,Giza,West Giza,Sheikh Zayed,2nd,Yes,under_construction,7160722.03
153.6,3.0,2,0,0,1,0,Luxor,East Bank,El Awameya,1st,No,completed,1713973.76
85.8,2.0,2,0,1,1,1,Giza,West Giza,6th of October,3rd,No,completed,2820536.23
115.8,2.0,1,0,1,1,1,Ismailia,Central,El Afrang,1st,Semi,under_construction,1382206.05
89.3,3.0,3,0,1,1,1,Alexandria,West,Agami,2nd,Semi,under_construction,1754750.93
72.2,2.0,2,0,1,0,1,Giza,New Giza,New Giza,1st,No,off_plan,2912002.24
97.0,2.0,1,0,1,0,1,Cairo,New Cairo,First Settlement,1st,Yes,completed,4262629.2
78.7,3.0,2,0,1,1,1,Luxor,East Bank,El Karnak,1st,Semi,under_construction,881419.25
81.9,5.0,5,0,0,1,1,Cairo,New Cairo,Madinaty,1st,No,completed,4284895.17
90.6,3.0,2,0,1,0,1,Port Said,West,El Zohour,2nd,Yes,under_construction,1719988.97
113.0,2.0,1,0,0,1,1,Luxor,West Bank,El Gezira,1st,No,under_construction,1458455.71
111.8,4.0,3,0,1,0,1,Port Said,West,El Zohour,2nd,Yes,completed,2354333.5
184.2,4.0,4,0,1,1,0,Alexandria,West,Agami,1st,No,off_plan,2986301.01
152.7,2.0,1,0,1,1,1,Cairo,Old Cairo,Downtown,1st,Yes,off_plan,3327557.55
104.5,2.0,1,0,1,1,1,Cairo,New Cairo,Rehab,2nd,No,completed,4393758.35
61.2,2.0,2,0,1,1,1,Giza,New Giza,New Giza,1st,No,completed,3196023.84
117.0,1.0,1,0,1,1,1,Mansoura,Central,Toriel,1st,No,completed,1823078.0
94.5,2.0,2,0,1,1,1,Port Said,East,El Manakh,2nd,No,completed,1306023.03
112.9,4.0,3,0,1,1,1,Port Said,East,El Shark,2nd,Yes,under_construction,1905745.44
71.2,4.0,3,0,1,0,1,Ismailia,Central,El Sheikh Zayed,2nd,No,completed,1076836.9
98.2,3.0,3,0,1,1,1,Tanta,Central,El Geish,1st,No,under_construction,1138582.09
151.2,3.0,2,0,1,0,1,Giza,West Giza,Dokki,1st,Semi,completed,5024640.64
72.0,4.0,3,0,1,1,1,Giza,New Giza,New Giza,1st,Semi,completed,4567085.62
167.3,3.0,2,0,1,0,1,Port Said,West,El Zohour,2nd,Yes,completed,3204518.06
79.9,3.0,3,0,0,1,1,Cairo,New Cairo,Rehab,1st,No,completed,3467709.89
171.6,3.0,3,0,1,0,1,Cairo,New Cairo,Nasr City,2nd,Yes,completed,6113895.05
218.1,3.0,2,0,1,1,1,Cairo,New Cairo,Heliopolis,2nd,Yes,under_construction,6778572.62
125.5,3.0,2,0,0,1,1,Tanta,Central,El Geish,2nd,Yes,under_construction,2016437.73
123.4,1.0,1,0,1,1,1,Giza,New Giza,New Giza,2nd,No,off_plan,4748753.24
75.3,2.0,2,0,1,1,1,Cairo,New Cairo,Heliopolis,1st,No,completed,2412525.3
212.8,4.0,3,0,1,1,1,Port Said,East,El Shark,2nd,No,completed,3516476.41
93.5,3.0,3,0,1,1,1,Cairo,Old Cairo,Zamalek,2nd,No,completed,5361289.5
114.8,3.0,3,0,1,0,1,Ismailia,Central,El Afrang,1st,No,completed,1613614.32
198.5,3.0,2,0,1,1,1,Luxor,West Bank,El Gezira,1st,No,completed,2586443.02
67.6,,2,1,0,0,1,Luxor,West Bank,El Gezira,1st,Yes,completed,1203148.19
116.0,3.0,2,0,0,1,1,Cairo,Old Cairo,Zamalek,2nd,Yes,off_plan,5214618.67
71.6,4.0,3,0,1,0,1,Cairo,Old Cairo,Maadi,3rd,Semi,completed,2881833.31
153.0,5.0,4,0,1,1,1,Alexandria,West,Borg El Arab,1st,No,under_construction,2157322.66
101.0,2.0,1,0,1,1,1,Giza,West Giza,6th of October,1st,No,completed,3677417.99
117.1,4.0,3,0,1,1,1,Aswan,Central,El Shallal,1st,Yes,completed,2067281.01
146.4,4.0,3,0,0,1,1,Giza,West Giza,Haram,3rd,Yes,completed,3177568.28
289.7,2.0,1,0,1,1,1,Alexandria,East,Smouha,3rd,No,completed,6805095.81
127.6,,4,1,0,1,1,Mansoura,Central,Toriel,1st,No,completed,2015951.18
136.5,5.0,4,0,1,1,1,Alexandria,West,Borg El Arab,2nd,Semi,under_construction,2159205.83
170.6,,1,1,1,0,1,Aswan,Central,El Sad El Ali,2nd,Yes,completed,2563810.37
158.9,2.0,1,0,1,1,1,Alexandria,West,Agami,2nd,No,under_construction,2397239.32
94.3,2.0,2,0,1,1,1,Tanta,Central,Saeed,1st,No,completed,1336104.99
79.2,2.0,1,0,1,1,1,Alexandria,East,Sidi Gaber,1st,Yes,completed,2259326.06
89.7,3.0,2,0,1,1,1,Cairo,Old Cairo,Zamalek,2nd,No,completed,6397768.64
135.1,5.0,4,0,1,1,1,Giza,West Giza,Mohandessin,2nd,No,completed,4808534.17
82.5,5.0,4,0,0,1,1,Mansoura,Central,El Mashaya,1st,No,completed,1555094.97
90.9,4.0,3,0,1,1,1,Port Said,East,El Manakh,1st,No,completed,1475286.45
76.3,2.0,2,0,1,1,0,Aswan,Central,El Sad El Ali,1st,No,under_construction,1133357.36
132.4,4.0,4,0,1,0,1,Cairo,New Cairo,Madinaty,1st,Yes,completed,7137786.11
78.2,4.0,3,0,1,0,1,Suez,South,El Suez District,2nd,Semi,under_construction,1093152.43
134.3,2.0,1,0,1,1,1,Giza,West Giza,Mohandessin,2nd,No,off_plan,3584431.96
151.4,3.0,2,0,1,1,1,Tanta,Central,Saeed,1st,No,under_construction,1542287.91
112.6,5.0,5,0,1,1,1,Giza,New Giza,New Giza,2nd,No,completed,7480539.61
165.0,4.0,4,0,1,0,1,Mansoura,Central,El Mashaya,2nd,No,completed,2794620.31
117.2,2.0,1,0,1,1,1,Cairo,New Cairo,Rehab,2nd,Yes,completed,5768178.35
194.1,2.0,1,0,0,1,1,Mansoura,Central,El Mashaya,2nd,Yes,under_construction,3152723.57
154.3,2.0,1,0,0,1,1,Alexandria,East,Smouha,3rd,Semi,completed,4336815.4
102.5,2.0,1,0,0,0,1,Cairo,New Cairo,First Settlement,2nd,Yes,completed,4694639.08
109.2,4.0,3,0,1,0,1,Giza,West Giza,6th of October,3rd,No,completed,3038589.99
85.6,2.0,2,0,1,1,1,Cairo,New Cairo,Heliopolis,1st,Yes,completed,3443500.99
98.1,2.0,1,0,1,1,1,Ismailia,Central,El Afrang,1st,Yes,under_construction,1225265.62
77.3,2.0,1,0,1,1,1,Luxor,East Bank,El Awameya,1st,No,completed,962877.3
157.3,4.0,4,0,0,1,1,Ismailia,Central,El Sheikh Zayed,1st,No,under_construction,2271832.03
126.6,2.0,1,0,0,1,1,Cairo,New Cairo,Nasr City,1st,Yes,completed,3916824.19
169.3,2.0,2,0,1,1,1,Luxor,East Bank,El Awameya,1st,No,under_construction,1493615.26
66.3,1.0,1,0,1,1,1,Alexandria,East,Smouha,2nd,No,completed,1518936.31
134.7,,2,1,0,1,1,Giza,New Giza,New Giza,2nd,No,completed,9379172.38
187.9,4.0,3,0,1,1,1,Giza,New Giza,New Giza,1st,Semi,off_plan,8659453.87
103.5,3.0,2,0,1,0,1,Aswan,Central,El Shallal,1st,No,off_plan,966800.08
58.5,2.0,1,0,0,0,1,Mansoura,Central,Toriel,1st,No,completed,871608.57
84.6,2.0,1,0,1,0,1,Cairo,Old Cairo,Maadi,2nd,Yes,completed,3597863.57
148.6,2.0,1,0,1,1,1,Aswan,Central,El Sad El Ali,2nd,No,under_construction,1515799.11
138.0,3.0,3,0,1,1,1,Giza,West Giza,Sheikh Zayed,3rd,No,under_construction,6376224.79
147.1,4.0,3,0,0,1,1,Alexandria,West,Agami,1st,No,completed,3357790.67
149.8,1.0,1,0,1,1,1,Mansoura,Central,Toriel,1st,Semi,completed,2131441.67
125.1,3.0,3,0,1,0,1,Suez,South,El Suez District,2nd,Yes,under_construction,1637509.34
83.0,2.0,2,0,0,1,1,Alexandria,West,Borg El Arab,2nd,Semi,off_plan,1126054.33
75.6,3.0,2,0,1,1,1,Suez,South,El Suez District,2nd,No,completed,1129709.95
126.8,3.0,2,0,1,1,1,Cairo,Old Cairo,Downtown,1st,Yes,completed,4248227.39
129.0,3.0,3,0,1,1,1,Cairo,New Cairo,Rehab,3rd,No,completed,5401069.28
77.9,3.0,2,0,0,1,1,Cairo,Old Cairo,Downtown,2nd,Yes,under_construction,2434812.26
90.6,3.0,3,0,1,1,1,Giza,West Giza,6th of October,3rd,No,off_plan,2347985.68
96.8,2.0,2,0,1,0,1,Aswan,Central,El Shallal,1st,No,completed,1486982.64
86.2,4.0,4,0,1,1,1,Giza,New Giza,New Giza,2nd,No,completed,5527746.64
113.6,3.0,2,0,1,0,1,Giza,New Giza,New Giza,1st,No,under_construction,5296887.26
161.7,4.0,4,0,1,1,1,Alexandria,West,Borg El Arab,2nd,No,completed,2682571.57
125.0,3.0,3,0,1,1,1,Port Said,West,El Zohour,1st,Yes,under_construction,2169862.06
71.3,4.0,4,0,1,0,1,Suez,South,El Suez District,1st,No,completed,1101223.98
129.5,,4,1,0,0,1,Giza,West Giza,Haram,3rd,No,completed,2844731.05
72.3,5.0,5,0,1,0,1,Cairo,Old Cairo,Maadi,1st,No,completed,3019665.62
119.4,3.0,2,0,1,1,1,Ismailia,Central,El Sheikh Zayed,2nd,No,completed,2283531.49
127.3,1.0,1,0,1,1,1,Giza,New Giza,New Giza,2nd,Yes,completed,7921612.34
97.5,5.0,4,0,1,1,1,Giza,West Giza,Haram,1st,No,under_construction,1949424.03
165.3,2.0,1,0,1,1,1,Cairo,New Cairo,Nasr City,2nd,No,completed,4675375.55
142.4,2.0,1,0,1,1,1,Cairo,New Cairo,First Settlement,3rd,No,completed,6251895.3
196.7,3.0,2,0,1,0,1,Port Said,West,El Zohour,2nd,Semi,completed,3951022.15
133.8,2.0,2,0,1,0,1,Cairo,Old Cairo,Zamalek,1st,Semi,under_construction,6587316.17
131.5,,3,1,1,0,0,Giza,West Giza,6th of October,1st,Yes,off_plan,3548286.15
96.1,3.0,2,0,1,1,1,Luxor,East Bank,El Karnak,1st,No,completed,1199839.55
147.2,3.0,2,0,1,0,1,Aswan,Central,El Sad El Ali,1st,Yes,completed,2542436.43
101.3,2.0,1,0,1,1,1,Port Said,East,El Shark,2nd,No,completed,1649064.47
135.3,4.0,3,0,1,1,1,Tanta,Central,El Geish,1st,No,completed,2394895.15
106.6,1.0,1,0,1,0,1,Aswan,Central,El Sad El Ali,2nd,Yes,completed,1880799.78
125.1,3.0,3,0,1,1,1,Cairo,New Cairo,First Settlement,2nd,Yes,completed,5771413.94
73.1,4.0,3,0,1,1,1,Giza,West Giza,Dokki,1st,Yes,completed,2862707.55
136.3,,3,1,0,0,1,Alexandria,West,Borg El Arab,1st,No,completed,2296914.73
159.2,,5,1,1,1,1,Cairo,Old Cairo,Zamalek,1st,No,completed,11999806.65
78.0,3.0,2,0,1,0,1,Mansoura,Central,Toriel,1st,No,completed,1249175.2
112.3,2.0,2,0,1,1,1,Cairo,New Cairo,Madinaty,3rd,Semi,completed,5177378.78
118.3,5.0,4,0,0,0,1,Tanta,Central,El Geish,1st,Semi,under_construction,1875127.48
138.8,4.0,4,0,1,1,1,Suez,North,El Arbaien,1st,Yes,under_construction,1973746.95
114.5,3.0,2,0,0,1,1,Tanta,Central,El Geish,1st,No,completed,1929644.52
192.7,3.0,2,0,1,0,1,Cairo,Old Cairo,Zamalek,2nd,Semi,completed,13234643.42
129.0,4.0,4,0,1,1,1,Port Said,East,El Manakh,1st,No,completed,2022484.89
224.2,4.0,3,0,1,1,1,Suez,North,Faisal,1st,No,completed,3220136.55
110.8,4.0,4,0,1,1,1,Giza,New Giza,New Giza,2nd,No,completed,6527757.27
180.1,1.0,1,0,1,1,0,Luxor,West Bank,El Gezira,1st,No,off_plan,1625463.97
118.7,4.0,3,0,1,1,0,Giza,New Giza,New Giza,2nd,No,completed,8137506.74
94.0,1.0,1,0,1,0,1,Cairo,New Cairo,First Settlement,1st,No,completed,3812082.21
90.8,3.0,3,0,1,1,1,Suez,South,El Suez District,1st,Yes,under_construction,1253543.74
114.9,2.0,1,0,1,0,1,Luxor,East Bank,El Karnak,2nd,Yes,completed,1694846.43
102.9,3.0,2,0,0,1,1,Cairo,New Cairo,Heliopolis,1st,Semi,completed,3485083.75
135.2,2.0,2,0,1,1,1,Aswan,Central,El Sad El Ali,1st,No,completed,1819778.23
130.0,3.0,2,0,1,1,1,Cairo,New Cairo,Madinaty,1st,No,completed,5962795.56
97.0,2.0,1,0,0,1,1,Cairo,New Cairo,First Settlement,1st,No,off_plan,2745944.89
70.6,4.0,4,0,1,1,1,Tanta,Central,Saeed,1st,No,completed,958367.6
94.1,3.0,2,0,1,1,1,Alexandria,West,Agami,2nd,No,completed,1806312.57
87.0,2.0,1,0,1,1,1,Ismailia,Central,El Sheikh Zayed,1st,Yes,completed,1707102.66
152.4,2.0,2,0,0,1,1,Alexandria,West,Agami,1st,Semi,completed,3432867.05
100.5,2.0,1,0,1,0,1,Suez,South,El Suez District,2nd,Semi,completed,1293175.03
126.3,2.0,1,0,1,0,1,Giza,New Giza,New Giza,1st,No,under_construction,6078951.03
86.8,4.0,3,0,1,1,1,Alexandria,West,Agami,2nd,No,under_construction,1372600.01
88.3,2.0,1,0,1,1,1,Ismailia,Central,El Sheikh Zayed,2nd,Yes,off_plan,1156986.6
72.7,2.0,1,0,1,1,1,Giza,New Giza,New Giza,2nd,Yes,under_construction,3401127.73
128.3,3.0,2,0,1,1,1,Ismailia,Central,El Sheikh Zayed,2nd,Yes,completed,2605489.07
250.6,,2,1,0,1,1,Cairo,New Cairo,Heliopolis,1st,Yes,completed,9613504.37
115.6,,3,1,1,0,1,Cairo,Old Cairo,Maadi,2nd,Semi,completed,4318504.38
102.0,3.0,2,0,1,0,1,Luxor,East Bank,El Karnak,1st,No,completed,1216074.19
166.6,2.0,2,0,1,0,1,Ismailia,Central,El Sheikh Zayed,1st,Semi,completed,3247498.23
135.3,3.0,2,0,1,1,1,Giza,West Giza,Sheikh Zayed,1st,No,completed,6804161.97
89.6,4.0,3,0,0,1,1,Alexandria,East,Sidi Bishr,1st,Yes,completed,2539605.13
108.0,2.0,1,0,0,1,1,Giza,West Giza,Haram,1st,No,completed,2349256.48
183.1,2.0,1,0,1,0,1,Alexandria,West,Borg El Arab,2nd,No,off_plan,2143910.6
145.3,3.0,3,0,1,1,1,Tanta,Central,El Geish,1st,No,completed,2738356.64
114.9,3.0,2,0,1,0,1,Cairo,Old Cairo,Maadi,2nd,No,completed,4630409.08
185.2,2.0,1,0,1,1,1,Alexandria,West,Borg El Arab,2nd,Yes,under_construction,3110667.93
138.6,1.0,1,0,0,1,1,Cairo,New Cairo,Nasr City,3rd,Semi,completed,3635313.23
98.5,3.0,2,0,1,0,1,Mansoura,Central,El Mashaya,2nd,No,completed,1786138.53
136.9,1.0,1,0,1,1,1,Giza,New Giza,New Giza,2nd,Yes,completed,8113942.71
91.2,1.0,1,0,1,1,1,Port Said,East,El Manakh,2nd,No,off_plan,883832.11
93.6,3.0,3,0,1,1,1,Mansoura,Central,Toriel,1st,Yes,under_construction,1226613.99
107.0,4.0,4,0,0,0,1,Giza,New Giza,New Giza,1st,No,off_plan,4864576.93
112.8,3.0,2,0,0,1,1,Cairo,New Cairo,Nasr City,3rd,Yes,under_construction,3112723.55
119.8,2.0,2,0,1,0,0,Aswan,Central,El Sad El Ali,1st,No,completed,1522309.0
84.6,2.0,1,0,0,0,1,Aswan,Central,El Shallal,1st,No,completed,1313425.95
175.8,3.0,2,0,1,1,1,Ismailia,Central,El Afrang,1st,Semi,completed,2689524.1
124.5,3.0,2,0,1,1,1,Cairo,New Cairo,Madinaty,1st,No,under_construction,4834973.39
92.8,3.0,3,0,1,1,1,Giza,West Giza,Haram,1st,No,under_construction,1491590.19
81.4,4.0,4,0,1,1,1,Cairo,Old Cairo,Maadi,1st,No,under_construction,2474004.6
108.0,3.0,2,0,0,1,1,Giza,New Giza,New Giza,2nd,No,completed,6505836.48
108.8,3.0,3,0,1,1,1,Cairo,New Cairo,Rehab,1st,No,under_construction,3519980.26
95.8,4.0,3,0,1,1,1,Luxor,East Bank,El Awameya,1st,No,completed,1156777.02
166.3,,2,1,1,1,1,Cairo,Old Cairo,Zamalek,2nd,Semi,off_plan,8265202.71
118.6,4.0,4,0,1,0,0,Cairo,Old Cairo,Downtown,2nd,No,completed,3985116.82
87.1,2.0,1,0,1,0,1,Ismailia,Central,El Afrang,1st,Semi,completed,1211289.27
149.9,3.0,2,0,1,1,1,Alexandria,East,Sidi Gaber,2nd,No,under_construction,2967755.08
190.6,4.0,3,0,1,1,1,Cairo,Old Cairo,Maadi,1st,No,off_plan,4940152.75
105.9,3.0,2,0,1,0,1,Alexandria,West,Borg El Arab,2nd,No,completed,1816494.31
100.5,,2,1,1,1,1,Cairo,New Cairo,Madinaty,4th,No,completed,5170507.94
83.0,1.0,1,0,1,1,1,Giza,New Giza,New Giza,2nd,No,completed,4670175.37
104.6,1.0,1,0,1,0,0,Cairo,New Cairo,Rehab,1st,Yes,completed,5448598.35
124.6,3.0,3,0,1,1,1,Giza,New Giza,New Giza,2nd,No,completed,7937617.44
123.7,1.0,1,0,1,1,1,Cairo,Old Cairo,Maadi,1st,Yes,completed,4585401.66
128.4,,4,1,1,0,1,Giza,West Giza,Haram,2nd,No,completed,2668303.76
206.8,3.0,2,0,1,1,1,Giza,West Giza,Haram,2nd,Yes,completed,4510290.76
78.9,3.0,2,0,1,1,0,Giza,New Giza,New Giza,1st,No,under_construction,3852374.3
96.6,5.0,4,0,1,1,1,Suez,North,Faisal,1st,No,completed,1201782.18
82.7,2.0,1,0,1,1,1,Mansoura,Central,Toriel,1st,No,completed,1282805.79
153.7,1.0,1,0,1,0,1,Cairo,New Cairo,Nasr City,1st,Yes,completed,4577356.94
112.1,4.0,4,0,1,1,1,Cairo,Old Cairo,Zamalek,1st,No,completed,7521748.12
140.2,1.0,1,0,1,1,1,Port Said,West,El Zohour,2nd,No,completed,2538066.18
126.9,2.0,2,0,1,1,1,Ismailia,Central,El Sheikh Zayed,2nd,No,off_plan,1626319.91
109.2,3.0,2,0,1,0,1,Giza,West Giza,Haram,1st,No,under_construction,2178323.02
151.3,3.0,3,0,1,1,1,Cairo,Old Cairo,Downtown,2nd,No,completed,4519708.89
132.2,4.0,3,0,1,1,1,Giza,West Giza,Mohandessin,1st,No,under_construction,3374491.95
166.4,2.0,2,0,0,1,1,Cairo,Old Cairo,Zamalek,1st,No,off_plan,7046588.89
151.9,2.0,2,0,1,1,1,Giza,New Giza,New Giza,1st,No,off_plan,6955336.05
152.4,1.0,1,0,1,1,1,Luxor,West Bank,El Gezira,1st,No,off_plan,1561148.05
71.7,1.0,1,0,1,0,1,Alexandria,West,Borg El Arab,1st,No,under_construction,1058039.4
153.3,4.0,4,0,1,1,1,Luxor,West Bank,El Gezira,1st,Semi,off_plan,1682988.94
93.4,2.0,2,0,1,1,1,Suez,North,El Arbaien,1st,No,under_construction,1204612.27
139.3,5.0,5,0,1,1,1,Cairo,Old Cairo,Downtown,1st,No,under_construction,3834339.56
183.8,4.0,3,0,0,1,1,Giza,West Giza,Sheikh Zayed,1st,Yes,under_construction,8420863.23
99.6,,4,1,1,1,1,Port Said,East,El Manakh,2nd,Yes,under_construction,1466616.99
116.4,2.0,2,0,1,0,1,Cairo,New Cairo,Madinaty,4th,Semi,completed,5130343.96
116.0,4.0,3,0,1,0,1,Alexandria,West,Borg El Arab,1st,Yes,under_construction,2027192.52
136.6,2.0,2,0,1,1,1,Suez,North,El Arbaien,2nd,Semi,completed,2380713.76
234.0,3.0,3,0,1,0,1,Port Said,East,El Manakh,1st,Yes,completed,3613348.09
142.8,2.0,1,0,1,0,1,Aswan,Central,El Shallal,1st,No,completed,1922416.43
131.4,4.0,4,0,0,1,1,Giza,West Giza,Haram,2nd,No,completed,2801192.31
131.4,1.0,1,0,1,1,1,Cairo,New Cairo,Fifth Settlement,2nd,No,under_construction,5504141.1
146.4,3.0,3,0,1,1,1,Cairo,New Cairo,Fifth Settlement,2nd,No,off_plan,5762019.53
87.3,2.0,1,0,1,0,1,Giza,West Giza,Sheikh Zayed,1st,No,completed,3401609.47
161.0,2.0,2,0,1,1,1,Cairo,Old Cairo,Maadi,1st,No,completed,5778827.91
118.8,2.0,2,0,1,1,1,Cairo,Old Cairo,Downtown,1st,Yes,completed,3850227.92
137.5,3.0,3,0,1,1,1,Suez,North,Faisal,1st,No,completed,1996925.21
94.7,1.0,1,0,1,0,0,Cairo,New Cairo,Madinaty,1st,No,completed,4322098.18
122.4,3.0,3,0,1,1,1,Cairo,New Cairo,Rehab,1st,Yes,completed,6211847.29
93.8,4.0,3,0,1,1,1,Cairo,New Cairo,Heliopolis,2nd,Semi,under_construction,2601363.89
173.6,3.0,3,0,1,1,1,Giza,West Giza,6th of October,1st,Semi,completed,6360795.47
114.1,5.0,5,0,1,0,1,Cairo,New Cairo,Heliopolis,1st,Semi,completed,4467709.11
74.1,2.0,1,0,1,0,1,Giza,West Giza,Sheikh Zayed,2nd,No,completed,3345633.89
136.6,1.0,1,0,1,1,1,Alexandria,West,Agami,2nd,No,completed,2800183.32
82.1,2.0,1,0,1,1,1,Port Said,West,El Zohour,2nd,Semi,completed,1802658.46
166.9,4.0,3,0,1,1,1,Aswan,Central,El Sad El Ali,1st,Semi,under_construction,2331485.73
47.6,2.0,1,0,1,1,1,Tanta,Central,El Geish,2nd,Yes,completed,676939.26
119.1,3.0,2,0,1,0,1,Cairo,New Cairo,Heliopolis,2nd,Semi,completed,4712606.1
66.8,3.0,2,0,1,1,1,Cairo,New Cairo,Rehab,2nd,No,under_construction,2387598.51
145.9,2.0,1,0,1,1,1,Giza,New Giza,New Giza,2nd,Semi,completed,8838841.4
90.2,3.0,2,0,1,1,1,Suez,North,Faisal,1st,Semi,completed,1413109.73
205.9,4.0,3,0,1,1,1,Giza,New Giza,New Giza,2nd,Yes,under_construction,10339078.58
98.9,3.0,2,0,0,1,1,Cairo,Old Cairo,Maadi,2nd,No,under_construction,3161866.63
135.0,1.0,1,0,1,1,1,Alexandria,East,Sidi Gaber,2nd,No,under_construction,2978877.3
71.4,3.0,2,0,1,1,1,Giza,New Giza,New Giza,1st,Semi,completed,4082940.0
114.4,4.0,3,0,1,1,1,Ismailia,Central,El Afrang,1st,Yes,completed,2009684.0
77.9,1.0,1,0,1,0,1,Alexandria,East,Sidi Gaber,1st,Yes,under_construction,1735218.35
88.0,,3,1,1,1,1,Mansoura,Central,El Mashaya,1st,No,under_construction,1394293.89
93.8,2.0,1,0,1,0,1,Tanta,Central,El Geish,1st,Semi,off_plan,1241957.86
121.4,4.0,3,0,1,1,1,Cairo,New Cairo,Madinaty,4th,Semi,under_construction,5492513.15
116.1,3.0,2,0,0,1,0,Luxor,West Bank,El Gezira,1st,No,under_construction,1513787.98
90.3,5.0,4,0,1,1,1,Alexandria,West,Borg El Arab,2nd,No,off_plan,1399865.59
103.5,2.0,1,0,1,1,1,Alexandria,East,Smouha,1st,Semi,completed,2940802.2
186.9,3.0,2,0,1,1,1,Cairo,New Cairo,Rehab,1st,No,completed,8545001.86
228.7,3.0,3,0,1,1,1,Cairo,New Cairo,Fifth Settlement,2nd,Yes,completed,11514064.37
114.5,4.0,3,0,1,1,1,Alexandria,East,Sidi Bishr,1st,Yes,completed,2876852.79
165.4,3.0,3,0,1,1,1,Port Said,East,El Shark,1st,No,under_construction,2119755.35
172.4,4.0,4,0,1,1,1,Suez,South,El Suez District,2nd,No,completed,2173729.68
100.3,3.0,2,0,1,0,1,Cairo,Old Cairo,Zamalek,2nd,Semi,completed,6074646.72
76.6,2.0,2,0,1,0,1,Mansoura,Central,Toriel,1st,Yes,under_construction,1024472.17
199.1,2.0,1,0,1,1,1,Cairo,New Cairo,Heliopolis,2nd,Yes,under_construction,6432829.18
204.4,5.0,4,0,1,1,1,Cairo,New Cairo,Fifth Settlement,1st,No,completed,11246220.38
147.2,2.0,1,0,1,1,1,Cairo,New Cairo,Heliopolis,1st,No,completed,4372140.05
200.6,2.0,2,0,1,1,1,Giza,New Giza,New Giza,2nd,No,off_plan,6715010.76
66.6,2.0,1,0,1,1,0,Cairo,New Cairo,Heliopolis,2nd,No,completed,2419801.83
129.8,3.0,2,0,1,1,1,Cairo,Old Cairo,Zamalek,2nd,No,off_plan,6142641.3
118.6,3.0,2,0,1,1,1,Alexandria,West,Agami,2nd,Semi,completed,2300260.85
156.9,4.0,3,0,1,1,1,Luxor,East Bank,El Awameya,1st,No,completed,2071966.02
108.8,1.0,1,0,1,1,1,Tanta,Central,Saeed,1st,No,off_plan,1123174.02
87.4,3.0,2,0,1,1,1,Cairo,New Cairo,First Settlement,1st,No,under_construction,2769640.72
104.4,2.0,1,0,1,1,1,Aswan,Central,El Shallal,1st,Semi,completed,1436407.04
122.1,2.0,1,0,1,0,0,Suez,North,Faisal,1st,No,under_construction,1206858.97
86.8,3.0,3,0,1,1,1,Cairo,New Cairo,Fifth Settlement,2nd,No,completed,4811624.58
154.3,1.0,1,0,1,0,1,Alexandria,East,Smouha,1st,Yes,under_construction,3445379.38
199.9,5.0,5,0,1,0,1,Alexandria,West,Agami,1st,No,completed,4404938.78
90.2,4.0,3,0,1,0,1,Giza,West Giza,Dokki,2nd,No,under_construction,2008292.0
127.0,2.0,2,0,1,0,1,Alexandria,East,Smouha,3rd,No,off_plan,2642260.01
117.3,2.0,1,0,1,1,1,Port Said,West,El Zohour,1st,No,off_plan,1625608.51
167.1,2.0,2,0,1,1,1,Cairo,New Cairo,Nasr City,4th,Yes,completed,5860252.08
90.1,3.0,3,0,1,0,1,Giza,New Giza,New Giza,2nd,Semi,completed,5096750.34
101.5,5.0,5,0,1,0,1,Alexandria,West,Borg El Arab,1st,No,completed,2094105.02
106.0,3.0,2,0,1,1,1,Alexandria,East,Sidi Bishr,2nd,No,completed,2257906.59
192.3,4.0,3,0,0,0,1,Cairo,Old Cairo,Zamalek,2nd,No,completed,12662077.11
96.0,3.0,2,0,0,1,1,Cairo,Old Cairo,Maadi,1st,Semi,completed,3244634.52
188.4,3.0,2,0,1,1,1,Cairo,New Cairo,First Settlement,3rd,No,completed,6831585.79
121.6,4.0,3,0,1,1,1,Cairo,New Cairo,First Settlement,2nd,Yes,off_plan,4525003.42
177.9,,1,1,1,0,1,Giza,West Giza,Sheikh Zayed,3rd,No,completed,8835883.77
150.3,2.0,1,0,1,1,1,Cairo,New Cairo,Madinaty,4th,Semi,completed,6245455.47
163.1,2.0,1,0,1,1,1,Giza,West Giza,Dokki,1st,No,completed,4519397.11
140.1,3.0,3,0,1,1,1,Cairo,New Cairo,Madinaty,1st,No,completed,6978751.54
155.8,1.0,1,0,1,0,1,Alexandria,West,Agami,2nd,No,completed,3295384.89
169.2,4.0,3,0,1,1,1,Giza,West Giza,Mohandessin,1st,Yes,completed,6776729.27
135.9,3.0,3,0,0,1,1,Suez,South,El Suez District,2nd,No,completed,2024369.4
105.5,2.0,2,0,0,1,1,Aswan,Central,El Sad El Ali,2nd,Semi,completed,1604713.84
165.1,4.0,3,0,1,1,1,Cairo,New Cairo,Fifth Settlement,2nd,Semi,under_construction,8169374.1
150.7,2.0,1,0,1,0,1,Cairo,Old Cairo,Maadi,3rd,No,completed,6081853.05
162.6,3.0,2,0,1,1,1,Port Said,East,El Manakh,2nd,Yes,completed,3068004.63
100.2,3.0,3,0,0,1,1,Ismailia,Central,El Afrang,1st,No,completed,1577374.78
136.1,3.0,2,0,1,1,1,Alexandria,West,Borg El Arab,2nd,Semi,completed,2347834.54
102.4,5.0,5,0,1,1,1,Cairo,Old Cairo,Zamalek,1st,Semi,completed,7658092.81
105.0,2.0,2,0,1,1,1,Port Said,East,El Shark,1st,Semi,completed,2021429.74
59.4,3.0,3,0,1,1,0,Mansoura,Central,El Mashaya,1st,No,under_construction,840810.95
135.5,2.0,1,0,1,0,1,Alexandria,East,Sidi Bishr,1st,No,completed,3248987.74
144.4,2.0,2,0,1,0,1,Giza,West Giza,Sheikh Zayed,1st,No,completed,6487504.67
156.9,3.0,2,0,0,1,0,Giza,West Giza,Dokki,2nd,No,completed,4953563.18
147.8,4.0,4,0,1,1,1,Cairo,New Cairo,First Settlement,1st,Semi,completed,6553885.72
128.5,2.0,1,0,1,0,1,Suez,South,El Suez District,2nd,Semi,completed,1736989.05
148.1,4.0,3,0,1,1,1,Port Said,West,El Zohour,1st,No,completed,3258906.23
93.1,2.0,1,0,0,1,1,Cairo,New Cairo,Madinaty,2nd,No,under_construction,3755930.5
104.1,5.0,5,0,1,0,1,Giza,West Giza,Haram,3rd,Yes,completed,2313353.86
133.6,4.0,3,0,1,0,1,Cairo,New Cairo,Rehab,1st,No,completed,6430165.69
93.7,2.0,1,0,1,0,1,Giza,West Giza,Haram,2nd,Yes,under_construction,1834102.69
185.7,5.0,5,0,1,1,1,Cairo,New Cairo,Rehab,2nd,No,completed,8648561.28
182.4,2.0,1,0,1,1,1,Cairo,Old Cairo,Downtown,2nd,No,completed,6112604.07
169.1,1.0,1,0,1,1,1,Port Said,West,El Zohour,1st,No,completed,3026239.55
111.4,3.0,3,0,1,1,1,Alexandria,East,Sidi Gaber,2nd,Semi,completed,3160680.93
95.7,5.0,4,0,0,1,0,Port Said,East,El Manakh,2nd,Yes,completed,1854627.8
156.4,3.0,3,0,1,1,1,Aswan,Central,El Sad El Ali,2nd,Semi,under_construction,1912672.29
95.0,3.0,2,0,1,1,1,Alexandria,West,Borg El Arab,1st,No,off_plan,1385219.21
103.6,4.0,3,0,1,0,1,Alexandria,West,Agami,2nd,No,completed,2153814.62
189.2,2.0,2,0,1,1,1,Port Said,East,El Manakh,1st,Semi,under_construction,2283358.82
179.2,3.0,3,0,1,0,1,Mansoura,Central,El Mashaya,2nd,Yes,completed,3461261.47
217.5,4.0,3,0,1,1,1,Giza,New Giza,New Giza,2nd,No,completed,12398705.57
77.6,3.0,2,0,1,1,1,Giza,New Giza,New Giza,2nd,No,completed,4602378.43
231.2,4.0,3,0,1,1,1,Giza,West Giza,Mohandessin,1st,Yes,completed,7397987.97
124.8,2.0,1,0,1,1,1,Alexandria,West,Agami,1st,No,completed,3019472.47
114.5,2.0,1,0,1,1,1,Cairo,Old Cairo,Maadi,2nd,Yes,completed,3523339.85
126.2,4.0,4,0,1,1,1,Mansoura,Central,El Mashaya,2nd,Yes,completed,2392274.91
221.3,4.0,4,0,1,0,1,Giza,West Giza,Sheikh Zayed,1st,No,off_plan,7667953.95
160.7,4.0,3,0,1,1,1,Port Said,East,El Shark,2nd,No,completed,2842718.33
135.0,5.0,5,0,1,0,0,Alexandria,West,Agami,2nd,No,completed,2823625.24
110.1,3.0,2,0,1,1,1,Mansoura,Central,Toriel,1st,Yes,under_construction,1527871.83
163.7,1.0,1,0,1,1,1,Port Said,West,El Zohour,2nd,Semi,completed,2665627.84
81.2,2.0,2,0,1,1,0,Cairo,Old Cairo,Zamalek,1st,No,completed,5781994.0
134.9,3.0,3,0,1,1,1,Luxor,West Bank,El Gezira,1st,Semi,completed,2043963.64
129.6,3.0,3,0,1,1,1,Alexandria,East,Sidi Bishr,2nd,No,completed,3081634.6
111.5,3.0,2,0,1,1,1,Giza,New Giza,New Giza,2nd,Yes,completed,6284226.88
49.0,2.0,1,0,1,0,1,Giza,West Giza,Haram,1st,No,completed,942692.79
77.9,3.0,2,0,0,1,1,Giza,New Giza,New Giza,2nd,No,completed,5242534.98
141.1,4.0,4,0,1,1,1,Port Said,West,El Zohour,2nd,No,off_plan,2288654.32
118.1,,2,1,1,0,1,Cairo,Old Cairo,Downtown,2nd,No,under_construction,3315728.8
144.3,4.0,3,0,1,1,1,Alexandria,West,Agami,2nd,No,completed,3113609.36
82.0,3.0,2,0,1,0,0,Cairo,New Cairo,Rehab,1st,No,completed,3510544.55
151.7,3.0,3,0,1,1,1,Tanta,Central,El Geish,2nd,No,under_construction,2461905.91
169.5,3.0,2,0,1,0,1,Tanta,Central,Saeed,1st,No,off_plan,1623344.2
92.6,2.0,2,0,1,1,1,Alexandria,East,Sidi Gaber,1st,No,completed,2140865.37
114.0,2.0,2,0,0,0,1,Alexandria,East,Sidi Gaber,1st,No,completed,3157616.37
106.3,3.0,2,0,1,1,1,Cairo,New Cairo,Fifth Settlement,2nd,No,completed,6115755.5
94.8,3.0,2,0,0,1,1,Cairo,New Cairo,Rehab,1st,Yes,under_construction,3834403.24
86.8,5.0,4,0,1,0,1,Luxor,West Bank,El Gezira,1st,No,under_construction,920729.06
133.0,3.0,2,0,1,0,1,Giza,New Giza,New Giza,2nd,Yes,completed,8488370.46
88.1,,1,1,0,0,1,Cairo,Old Cairo,Zamalek,2nd,No,completed,5678514.72
120.2,4.0,4,0,1,1,1,Cairo,Old Cairo,Maadi,2nd,Yes,completed,4748610.68
59.1,3.0,2,0,1,1,1,Tanta,Central,Saeed,1st,Semi,completed,912254.07
144.6,3.0,3,0,1,0,1,Ismailia,Central,El Sheikh Zayed,1st,Yes,under_construction,2402942.61
57.8,1.0,1,0,1,1,1,Giza,West Giza,Mohandessin,1st,Semi,under_construction,1759586.47
177.1,4.0,4,0,1,1,1,Luxor,West Bank,El Gezira,1st,Yes,completed,2683151.7
227.0,4.0,3,0,1,1,1,Luxor,West Bank,El Gezira,1st,No,completed,3178943.54
107.6,1.0,1,0,1,1,1,Ismailia,Central,El Sheikh Zayed,1st,No,under_construction,1379419.39
158.4,2.0,2,0,1,1,1,Mansoura,Central,Toriel,1st,No,completed,2434814.57
129.4,2.0,1,0,1,1,1,Cairo,Old Cairo,Zamalek,2nd,No,completed,8121214.35
166.5,3.0,2,0,1,1,1,Cairo,Old Cairo,Downtown,1st,Semi,completed,5399492.66
129.2,1.0,1,0,1,1,1,Cairo,Old Cairo,Downtown,2nd,No,completed,3929585.35
85.3,3.0,2,0,0,0,1,Alexandria,West,Borg El Arab,1st,Semi,completed,1410507.86
173.7,4.0,3,0,1,1,1,Cairo,Old Cairo,Maadi,2nd,Semi,completed,6785617.55
94.5,1.0,1,0,1,1,1,Luxor,East Bank,El Awameya,1st,No,completed,1078591.75
121.4,4.0,3,0,1,1,1,Cairo,Old Cairo,Maadi,2nd,Yes,completed,4596129.46
80.4,1.0,1,0,1,0,1,Tanta,Central,Saeed,1st,Yes,under_construction,880414.46
192.0,3.0,2,0,1,0,1,Giza,New Giza,New Giza,1st,Yes,under_construction,10873648.36
81.7,3.0,3,0,0,0,1,Luxor,East Bank,El Karnak,1st,No,completed,1069051.19
104.6,,1,1,1,1,0,Aswan,Central,El Shallal,1st,No,completed,1263804.54
156.2,3.0,3,0,0,1,1,Cairo,Old Cairo,Downtown,1st,Yes,completed,5863137.93
109.0,3.0,2,0,1,1,1,Aswan,Central,El Shallal,1st,No,completed,1632536.57
234.8,1.0,1,0,1,1,1,Suez,South,El Suez District,2nd,Semi,completed,3080948.06
111.5,2.0,2,0,1,1,1,Giza,West Giza,Haram,1st,No,completed,2424479.16
71.4,4.0,4,0,1,1,1,Aswan,Central,El Sad El Ali,1st,No,completed,1325792.58
76.8,2.0,2,0,0,0,1,Suez,South,El Suez District,1st,No,under_construction,923632.05
125.0,2.0,2,0,1,1,1,Alexandria,West,Borg El Arab,1st,Semi,under_construction,1620715.15
90.0,3.0,3,0,0,1,1,Tanta,Central,Saeed,1st,Yes,completed,1383222.88
229.0,2.0,1,0,1,1,1,Giza,New Giza,New Giza,2nd,No,completed,12137114.38
139.6,1.0,1,0,1,1,1,Cairo,Old Cairo,Zamalek,1st,No,completed,8771365.2
74.7,,3,1,1,1,1,Port Said,East,El Shark,1st,No,under_construction,1241866.61
158.7,3.0,2,0,1,1,1,Port Said,West,El Zohour,2nd,Yes,off_plan,2549700.04
112.9,5.0,5,0,1,1,1,Tanta,Central,El Geish,1st,No,under_construction,1488089.79
108.1,4.0,3,0,1,1,0,Cairo,Old Cairo,Maadi,3rd,No,under_construction,3536472.09
231.3,3.0,2,0,1,1,1,Cairo,New Cairo,First Settlement,2nd,No,completed,8564775.55
128.8,3.0,3,0,1,1,1,Alexandria,East,Sidi Bishr,2nd,No,completed,2804412.75
93.0,3.0,3,0,0,0,1,Cairo,Old Cairo,Downtown,1st,No,under_construction,2349451.84
202.3,4.0,4,0,0,1,1,Ismailia,Central,El Afrang,1st,No,completed,2649365.15
149.3,3.0,2,0,1,1,0,Giza,New Giza,New Giza,1st,Yes,off_plan,8056388.93
98.9,3.0,3,0,0,1,1,Giza,New Giza,New Giza,2nd,No,under_construction,5216382.88
211.4,5.0,5,0,1,1,1,Luxor,East Bank,El Karnak,1st,No,completed,2929633.89
88.6,2.0,2,0,1,0,1,Alexandria,East,Smouha,3rd,No,under_construction,2102298.86
67.7,3.0,2,0,1,1,1,Tanta,Central,El Geish,2nd,Yes,completed,1176721.03
269.6,1.0,1,0,0,1,1,Cairo,Old Cairo,Downtown,2nd,Semi,completed,8388754.66
71.0,4.0,3,0,1,1,1,Suez,North,Faisal,1st,No,completed,1076397.34
149.5,4.0,4,0,1,1,1,Giza,New Giza,New Giza,2nd,Yes,completed,8927620.07
159.1,,2,1,0,0,1,Ismailia,Central,El Sheikh Zayed,2nd,No,completed,3186859.9
62.3,4.0,3,0,1,1,0,Aswan,Central,El Shallal,1st,Semi,completed,931836.27
130.9,4.0,3,0,1,1,1,Cairo,New Cairo,Nasr City,1st,No,completed,3471424.21
183.7,3.0,3,0,1,1,1,Giza,New Giza,New Giza,2nd,No,completed,10674406.97
160.1,1.0,1,0,1,0,1,Suez,North,El Arbaien,1st,No,under_construction,2005992.98
145.3,4.0,3,0,1,1,1,Cairo,Old Cairo,Maadi,3rd,Yes,under_construction,4720416.43
145.6,4.0,3,0,1,1,1,Cairo,Old Cairo,Zamalek,2nd,No,completed,9295242.25
232.2,1.0,1,0,1,1,1,Giza,New Giza,New Giza,1st,No,under_construction,11434527.71
68.8,4.0,3,0,1,1,1,Alexandria,West,Agami,1st,No,completed,1713460.26
60.6,3.0,3,0,1,1,1,Cairo,Old Cairo,Maadi,2nd,No,completed,2302649.32
101.4,3.0,3,0,1,1,1,Giza,New Giza,New Giza,1st,No,completed,6554074.69
123.9,4.0,4,0,1,1,1,Giza,New Giza,New Giza,1st,No,completed,7677974.14
274.3,4.0,3,0,1,0,1,Cairo,Old Cairo,Downtown,1st,Semi,completed,7654065.17
151.7,3.0,2,0,1,0,1,Port Said,East,El Manakh,2nd,Yes,completed,2233317.24
133.1,3.0,2,0,0,1,1,Luxor,East Bank,El Awameya,1st,No,off_plan,1169034.12
106.6,1.0,1,0,1,1,1,Cairo,Old Cairo,Downtown,1st,No,under_construction,2966415.49
69.0,1.0,1,0,1,1,1,Giza,West Giza,Sheikh Zayed,2nd,No,completed,3223840.05
134.7,3.0,3,0,1,1,1,Cairo,New Cairo,Rehab,2nd,No,completed,6465118.22
90.5,3.0,3,0,0,1,1,Cairo,New Cairo,Nasr City,2nd,No,completed,2583285.47
228.9,2.0,1,0,0,1,1,Alexandria,West,Borg El Arab,2nd,No,under_construction,3028469.36
106.6,2.0,2,0,1,0,1,Tanta,Central,El Geish,1st,No,under_construction,1541016.32
67.7,2.0,1,0,1,0,1,Mansoura,Central,El Mashaya,1st,Yes,completed,1385337.26
191.3,3.0,2,0,1,1,1,Giza,West Giza,6th of October,1st,Yes,completed,6615602.43
213.7,3.0,2,0,1,1,1,Aswan,Central,El Shallal,1st,No,under_construction,2348231.75
75.8,3.0,3,0,1,1,1,Tanta,Central,Saeed,1st,Yes,off_plan,878737.84
119.3,5.0,4,0,1,1,1,Tanta,Central,Saeed,1st,Yes,completed,1785887.82
129.4,2.0,2,0,1,0,1,Aswan,Central,El Shallal,1st,No,completed,1860503.58
338.9,,1,1,1,0,1,Cairo,Old Cairo,Maadi,2nd,No,completed,12059673.41
130.6,3.0,2,0,0,1,1,Giza,West Giza,Haram,2nd,No,completed,2929845.28
126.9,4.0,3,0,1,0,1,Suez,North,Faisal,1st,No,completed,1673631.58
94.6,3.0,2,0,1,0,1,Cairo,Old Cairo,Zamalek,2nd,No,under_construction,5107068.66
119.2,3.0,2,0,1,0,1,Cairo,Old Cairo,Maadi,1st,Yes,completed,5180782.99
73.5,1.0,1,0,1,1,1,Suez,North,Faisal,1st,No,completed,1045719.72
128.6,2.0,1,0,1,1,1,Cairo,New Cairo,Heliopolis,1st,No,completed,4312302.98
154.9,4.0,3,0,1,1,1,Ismailia,Central,El Afrang,1st,Semi,completed,2072665.34
94.0,4.0,3,0,1,1,1,Cairo,New Cairo,First Settlement,1st,No,off_plan,3323790.15
108.7,2.0,1,0,1,0,1,Alexandria,West,Agami,1st,No,completed,2476893.6
95.7,2.0,1,0,1,1,1,Giza,New Giza,New Giza,1st,No,completed,5426272.63
108.6,2.0,1,0,1,1,1,Aswan,Central,El Shallal,1st,No,under_construction,1277456.77
125.0,2.0,2,0,1,0,1,Alexandria,East,Sidi Bishr,2nd,Yes,off_plan,1977323.81
121.8,2.0,1,0,1,1,1,Mansoura,Central,El Mashaya,1st,Yes,under_construction,1928409.41
169.1,4.0,3,0,1,1,1,Cairo,New Cairo,First Settlement,2nd,Semi,completed,7082973.42
155.8,4.0,3,0,1,1,1,Aswan,Central,El Sad El Ali,2nd,No,completed,2343552.09
188.3,3.0,2,0,1,1,1,Ismailia,Central,El Afrang,1st,No,under_construction,2758372.79
93.9,5.0,5,0,0,1,1,Ismailia,Central,El Sheikh Zayed,2nd,Yes,completed,2025549.46
88.8,3.0,2,0,1,1,1,Cairo,Old Cairo,Downtown,1st,Semi,completed,2773331.81
92.5,2.0,2,0,1,1,1,Cairo,New Cairo,Rehab,1st,No,completed,4159005.19
52.6,2.0,1,0,0,1,1,Port Said,West,El Zohour,2nd,No,completed,1031647.56
108.6,4.0,4,0,1,1,1,Alexandria,West,Agami,1st,Yes,completed,2710520.67
254.1,4.0,4,0,1,0,1,Cairo,Old Cairo,Maadi,3rd,No,completed,9582103.06
124.6,4.0,3,0,1,1,1,Suez,South,El Suez District,1st,No,completed,2045386.98
75.6,2.0,1,0,1,1,1,Giza,West Giza,Haram,1st,Yes,completed,1674791.62
43.7,4.0,4,0,1,1,1,Alexandria,East,Sidi Bishr,2nd,Yes,under_construction,930823.01
156.7,4.0,3,0,1,1,1,Aswan,Central,El Shallal,1st,Semi,completed,2565632.51
91.9,1.0,1,0,1,0,0,Cairo,New Cairo,Heliopolis,2nd,Yes,under_construction,2731355.34
142.8,3.0,2,0,1,1,1,Port Said,East,El Shark,1st,No,completed,2186371.45
141.0,3.0,2,0,1,0,1,Alexandria,East,Smouha,2nd,No,under_construction,3201500.15
136.9,3.0,2,0,1,1,1,Cairo,New Cairo,Heliopolis,1st,No,completed,4631671.4
91.9,5.0,5,0,1,0,1,Cairo,Old Cairo,Maadi,2nd,Semi,completed,3101934.81
175.0,3.0,3,0,1,1,0,Cairo,Old Cairo,Maadi,2nd,No,completed,7630286.27
152.7,4.0,4,0,1,1,1,Cairo,New Cairo,Rehab,1st,No,off_plan,4429863.5
80.9,3.0,3,0,1,1,1,Alexandria,East,Smouha,3rd,No,under_construction,1917966.87
163.3,2.0,2,0,1,1,1,Cairo,Old Cairo,Maadi,3rd,Yes,completed,6925298.37
116.6,1.0,1,0,1,0,1,Alexandria,West,Agami,2nd,No,completed,2651188.29
72.2,,2,1,1,0,1,Suez,South,El Suez District,2nd,No,completed,1107307.83
171.6,5.0,5,0,1,0,1,Alexandria,West,Agami,2nd,No,completed,3365664.86
100.5,4.0,3,0,1,0,1,Cairo,New Cairo,Rehab,1st,No,completed,4504073.79
122.4,2.0,2,0,1,1,1,Ismailia,Central,El Sheikh Zayed,1st,Yes,completed,2421538.5
183.7,3.0,2,0,1,0,1,Giza,West Giza,Mohandessin,1st,No,completed,5944750.91
174.0,5.0,5,0,0,1,1,Cairo,New Cairo,Nasr City,2nd,No,completed,4843660.59
47.9,2.0,1,0,1,1,1,Cairo,New Cairo,Fifth Settlement,1st,Yes,completed,2804277.2
126.4,4.0,3,0,1,1,1,Alexandria,West,Borg El Arab,1st,No,completed,2255021.01
91.4,1.0,1,0,0,1,1,Giza,West Giza,Mohandessin,2nd,No,under_construction,2550908.78
75.7,2.0,1,0,0,1,0,Aswan,Central,El Sad El Ali,1st,No,under_construction,892613.01
224.1,3.0,3,0,1,1,1,Cairo,Old Cairo,Maadi,3rd,Yes,under_construction,8473897.7
154.6,3.0,2,0,1,0,1,Suez,North,El Arbaien,2nd,No,completed,2524236.86
72.7,1.0,1,0,1,1,1,Giza,New Giza,New Giza,2nd,No,off_plan,2912516.35
91.1,5.0,5,0,1,0,0,Giza,West Giza,Dokki,1st,Yes,under_construction,2064105.38
158.7,2.0,1,0,1,0,1,Ismailia,Central,El Sheikh Zayed,2nd,No,under_construction,2210952.61
107.8,5.0,5,0,1,0,1,Suez,North,El Arbaien,1st,No,off_plan,1528171.24
51.8,3.0,3,0,1,1,1,Suez,North,Faisal,1st,Semi,completed,727501.55
173.4,1.0,1,0,1,1,1,Alexandria,East,Sidi Bishr,1st,Yes,under_construction,3646807.75
118.9,4.0,3,0,1,1,1,Port Said,East,El Manakh,2nd,No,under_construction,1457164.57
144.6,3.0,2,0,1,1,1,Cairo,Old Cairo,Downtown,2nd,No,completed,4961601.65
75.7,5.0,5,0,1,1,1,Alexandria,East,Sidi Bishr,1st,No,completed,1490267.29
106.3,3.0,3,0,1,0,1,Ismailia,Central,El Sheikh Zayed,2nd,No,completed,1637157.1
116.8,1.0,1,0,1,1,1,Cairo,New Cairo,First Settlement,2nd,No,completed,5041755.73
157.6,2.0,2,0,1,1,1,Cairo,New Cairo,Rehab,1st,No,completed,6908522.22
143.5,5.0,4,0,1,1,1,Cairo,Old Cairo,Zamalek,2nd,Semi,under_construction,7710168.57
131.7,2.0,1,0,1,0,1,Cairo,Old Cairo,Downtown,1st,Semi,completed,3709336.85
119.4,3.0,3,0,1,0,1,Cairo,New Cairo,Nasr City,2nd,No,completed,3655340.24
111.4,3.0,2,0,0,0,1,Luxor,West Bank,El Gezira,1st,No,completed,1594299.38
117.9,2.0,1,0,1,1,1,Aswan,Central,El Sad El Ali,2nd,No,under_construction,1367501.26
143.1,2.0,1,0,1,1,1,Luxor,West Bank,El Gezira,1st,No,under_construction,1945496.64
111.4,,1,1,1,1,1,Tanta,Central,El Geish,2nd,No,under_construction,1735762.6
99.9,3.0,2,0,1,1,1,Cairo,Old Cairo,Maadi,3rd,No,completed,4241509.29
236.8,2.0,1,0,1,1,1,Cairo,Old Cairo,Zamalek,2nd,No,completed,15021984.1
127.9,4.0,3,0,1,1,1,Cairo,New Cairo,Madinaty,3rd,No,completed,5669560.17
129.5,2.0,2,0,1,0,1,Tanta,Central,El Geish,1st,Semi,completed,1842179.0
113.9,2.0,1,0,1,1,1,Cairo,New Cairo,Rehab,3rd,No,completed,5589389.96
142.7,3.0,2,0,1,0,1,Luxor,East Bank,El Awameya,1st,Yes,under_construction,1568388.97
100.2,1.0,1,0,1,1,1,Suez,South,El Suez District,2nd,No,off_plan,1169960.98
67.4,3.0,3,0,1,1,1,Ismailia,Central,El Sheikh Zayed,2nd,Yes,completed,1338181.13
112.9,2.0,1,0,1,1,1,Cairo,Old Cairo,Maadi,3rd,Yes,completed,5016406.39
118.7,3.0,3,0,1,1,0,Ismailia,Central,El Sheikh Zayed,2nd,Yes,off_plan,1458558.32
137.6,1.0,1,0,1,1,1,Giza,West Giza,Haram,1st,No,under_construction,2210051.59
133.7,3.0,2,0,0,0,1,Cairo,New Cairo,Rehab,1st,Yes,completed,5985354.52
154.0,3.0,2,0,1,0,1,Giza,New Giza,New Giza,2nd,No,completed,9924419.69
124.6,2.0,2,0,1,1,1,Cairo,New Cairo,Madinaty,2nd,Semi,under_construction,4709076.36
73.8,3.0,2,0,0,1,1,Giza,New Giza,New Giza,2nd,No,completed,4723025.29
88.6,1.0,1,0,0,1,1,Mansoura,Central,Toriel,1st,Semi,completed,1211678.7
118.7,3.0,2,0,1,1,0,Luxor,East Bank,El Karnak,2nd,No,completed,1568317.56
93.0,5.0,4,0,0,1,1,Cairo,New Cairo,Madinaty,4th,No,completed,4310841.96
124.0,2.0,1,0,0,0,1,Giza,West Giza,Mohandessin,2nd,No,completed,4345821.5
140.0,3.0,3,0,1,1,1,Port Said,East,El Manakh,2nd,Semi,completed,2114186.01
189.3,,1,1,1,1,1,Cairo,New Cairo,Rehab,2nd,No,under_construction,6310648.74
151.9,3.0,2,0,1,0,1,Cairo,Old Cairo,Downtown,1st,No,under_construction,3883907.4
71.9,,1,1,1,1,1,Mansoura,Central,El Mashaya,2nd,No,completed,1111229.89
147.6,3.0,3,0,1,1,1,Giza,West Giza,Haram,2nd,Semi,under_construction,2509762.61
85.2,3.0,3,0,1,1,1,Cairo,Old Cairo,Downtown,1st,Yes,under_construction,2457391.04
56.9,4.0,3,0,0,0,1,Cairo,Old Cairo,Downtown,2nd,No,completed,1978641.92
146.5,2.0,1,0,0,1,1,Port Said,East,El Manakh,2nd,Semi,completed,2150494.41
144.9,1.0,1,0,1,1,1,Cairo,New Cairo,First Settlement,3rd,Semi,completed,6406863.87
126.2,3.0,3,0,1,0,1,Cairo,New Cairo,Heliopolis,1st,No,under_construction,3221176.83
134.1,5.0,5,0,1,1,1,Giza,New Giza,New Giza,1st,No,completed,7448770.78
112.4,3.0,2,0,1,0,1,Ismailia,Central,El Afrang,1st,No,completed,1721982.49
90.8,1.0,1,0,0,1,1,Giza,West Giza,Dokki,2nd,No,completed,2021750.24
70.3,,1,1,1,0,1,Alexandria,West,Borg El Arab,2nd,No,completed,1048287.62
79.1,3.0,3,0,1,1,1,Cairo,Old Cairo,Zamalek,1st,Semi,completed,5272368.47
114.7,4.0,4,0,0,1,1,Luxor,East Bank,El Awameya,1st,Yes,completed,1552585.8
110.1,2.0,1,0,1,1,1,Cairo,New Cairo,Rehab,1st,Yes,off_plan,4148566.98
129.6,3.0,3,0,1,0,1,Tanta,Central,Saeed,1st,No,completed,1954443.36
164.1,4.0,4,0,1,1,1,Giza,West Giza,Haram,2nd,No,completed,3287664.73
134.3,2.0,1,0,1,1,1,Giza,New Giza,New Giza,2nd,No,completed,8471291.18
131.2,3.0,2,0,0,0,1,Alexandria,West,Borg El Arab,1st,Semi,completed,2349226.3
92.7,4.0,3,0,1,1,1,Luxor,West Bank,El Gezira,1st,No,completed,1303769.43
61.7,2.0,1,0,1,1,1,Giza,West Giza,Sheikh Zayed,3rd,No,completed,2938698.88
155.5,3.0,3,0,1,1,1,Cairo,Old Cairo,Maadi,2nd,Yes,completed,6748970.21
109.3,2.0,2,0,1,1,1,Aswan,Central,El Shallal,1st,Yes,completed,1674040.48
113.1,3.0,3,0,1,1,1,Giza,New Giza,New Giza,1st,No,under_construction,4917880.57
98.1,2.0,1,0,1,1,1,Giza,New Giza,New Giza,1st,No,under_construction,4266418.93
125.8,3.0,3,0,1,1,0,Luxor,West Bank,El Gezira,1st,Yes,completed,2033445.96
144.5,4.0,3,0,1,1,0,Cairo,New Cairo,Madinaty,1st,Yes,under_construction,6149428.77
81.5,1.0,1,0,1,1,1,Tanta,Central,Saeed,1st,No,completed,1090837.9
130.6,3.0,3,0,1,1,1,Giza,New Giza,New Giza,2nd,No,completed,7665953.26
166.9,1.0,1,0,1,0,1,Giza,West Giza,6th of October,1st,Yes,under_construction,4940368.36
104.0,3.0,3,0,0,1,1,Giza,West Giza,Mohandessin,1st,Yes,completed,3970340.22
145.5,3.0,2,0,1,0,1,Port Said,West,El Zohour,1st,Yes,completed,2958059.1
89.2,4.0,3,0,1,1,1,Cairo,Old Cairo,Zamalek,1st,No,completed,6151750.84
183.2,4.0,3,0,1,1,1,Tanta,Central,Saeed,1st,No,completed,2534298.65
198.1,2.0,1,0,1,1,1,Cairo,New Cairo,Madinaty,1st,No,completed,8830998.55
232.5,1.0,1,0,1,1,1,Aswan,Central,El Sad El Ali,2nd,No,completed,3305955.81
69.8,2.0,2,0,1,1,1,Giza,New Giza,New Giza,2nd,Yes,completed,4630264.54
117.1,4.0,3,0,1,1,1,Luxor,West Bank,El Gezira,1st,No,completed,1825155.8
158.5,2.0,1,0,1,1,1,Ismailia,Central,El Afrang,1st,Semi,completed,2129952.44
123.5,5.0,4,0,1,1,1,Alexandria,East,Smouha,1st,No,under_construction,2847650.11
262.6,4.0,4,0,1,0,1,Cairo,New Cairo,Heliopolis,1st,No,completed,8624363.75
267.8,2.0,1,0,1,1,1,Giza,West Giza,Haram,3rd,No,completed,4741865.07
87.9,4.0,3,0,1,1,0,Aswan,Central,El Shallal,1st,No,completed,1224190.46
103.1,3.0,2,0,1,0,1,Mansoura,Central,Toriel,1st,No,off_plan,1160527.17
124.2,3.0,3,0,1,1,1,Mansoura,Central,Toriel,1st,No,off_plan,1530774.91
170.8,3.0,3,0,1,0,1,Alexandria,East,Smouha,1st,Semi,completed,4378628.02
98.5,4.0,4,0,1,0,1,Suez,South,El Suez District,1st,No,completed,1548419.85
94.3,2.0,1,0,1,1,1,Cairo,New Cairo,Madinaty,4th,No,completed,4262106.18
71.4,2.0,1,0,1,1,1,Aswan,Central,El Sad El Ali,2nd,No,completed,1184485.29
148.2,4.0,3,0,1,1,0,Luxor,West Bank,El Gezira,1st,No,completed,2124959.89
201.6,5.0,5,0,1,0,1,Luxor,East Bank,El Karnak,2nd,No,under_construction,2235752.37
54.8,3.0,3,0,1,1,1,Cairo,New Cairo,Heliopolis,2nd,Semi,completed,1851160.62
103.0,2.0,2,0,1,1,1,Cairo,New Cairo,Heliopolis,1st,Yes,completed,3888065.66
135.4,1.0,1,0,1,0,1,Cairo,New Cairo,Rehab,2nd,No,completed,4988327.0
93.3,3.0,3,0,1,0,1,Aswan,Central,El Sad El Ali,2nd,No,completed,1499551.03
92.6,4.0,4,0,1,0,1,Aswan,Central,El Sad El Ali,2nd,No,under_construction,1241946.61
108.8,5.0,4,0,0,1,1,Giza,West Giza,Sheikh Zayed,2nd,Semi,under_construction,4637588.0
129.9,3.0,2,0,1,1,1,Suez,North,El Arbaien,1st,Yes,completed,2441085.71
59.0,3.0,3,0,1,1,1,Giza,New Giza,New Giza,1st,Semi,off_plan,2466376.92
134.5,4.0,4,0,1,0,1,Giza,New Giza,New Giza,2nd,Semi,off_plan,5874194.93
165.3,2.0,1,0,1,0,1,Aswan,Central,El Sad El Ali,2nd,Semi,completed,2199932.77
84.1,4.0,3,0,1,1,1,Alexandria,West,Agami,2nd,No,under_construction,1346450.8
175.3,4.0,4,0,1,1,1,Mansoura,Central,Toriel,1st,No,under_construction,2127078.92
181.1,2.0,1,0,0,1,1,Giza,West Giza,6th of October,2nd,Semi,completed,5482277.05
182.2,2.0,2,0,1,0,1,Mansoura,Central,Toriel,1st,No,completed,2532417.47
157.7,3.0,3,0,1,1,1,Cairo,Old Cairo,Downtown,2nd,Yes,completed,5255393.6
126.0,3.0,2,0,0,0,1,Alexandria,West,Agami,1st,No,completed,2472255.89
119.4,3.0,3,0,1,0,0,Giza,West Giza,Dokki,2nd,No,completed,3991344.74
179.1,3.0,3,0,1,1,1,Aswan,Central,El Shallal,1st,Semi,under_construction,2277754.17
156.0,2.0,1,0,1,1,1,Aswan,Central,El Shallal,1st,No,under_construction,1828165.92
133.0,4.0,4,0,1,1,1,Cairo,Old Cairo,Zamalek,1st,Yes,completed,10186698.4
236.0,4.0,4,0,1,1,1,Ismailia,Central,El Sheikh Zayed,1st,Yes,under_construction,3915094.32
174.0,5.0,4,0,1,1,1,Ismailia,Central,El Afrang,1st,Semi,completed,2820414.11
138.5,4.0,4,0,1,0,1,Suez,North,El Arbaien,1st,Semi,under_construction,2033590.85
154.1,1.0,1,0,1,1,1,Alexandria,East,Sidi Bishr,1st,Semi,under_construction,2851356.76
52.7,3.0,2,0,1,0,1,Aswan,Central,El Sad El Ali,2nd,Yes,completed,845479.97
84.8,2.0,2,0,1,1,1,Port Said,West,El Zohour,1st,Yes,under_construction,1555130.93
89.3,1.0,1,0,1,1,1,Alexandria,West,Agami,2nd,No,completed,1689295.74
147.4,,3,1,1,1,1,Ismailia,Central,El Afrang,1st,Semi,completed,2766649.13
115.1,2.0,2,0,1,1,1,Ismailia,Central,El Sheikh Zayed,2nd,Yes,completed,2346952.55
128.0,3.0,2,0,1,1,1,Giza,New Giza,New Giza,2nd,Yes,completed,7682959.14
85.6,1.0,1,0,1,0,1,Giza,New Giza,New Giza,1st,No,completed,4996944.03
90.7,5.0,5,0,1,0,1,Luxor,East Bank,El Karnak,1st,Semi,completed,1296583.24
152.9,,2,1,1,0,1,Cairo,Old Cairo,Maadi,2nd,Semi,completed,5762431.28
95.5,4.0,3,0,1,0,1,Alexandria,West,Borg El Arab,2nd,No,completed,1669648.35
136.6,4.0,3,0,1,1,1,Luxor,East Bank,El Karnak,2nd,Semi,completed,2028474.97
154.7,5.0,4,0,1,0,1,Suez,South,El Suez District,1st,No,completed,1914227.74
192.1,4.0,4,0,1,1,1,Mansoura,Central,Toriel,1st,Semi,off_plan,2479057.32
105.3,2.0,1,0,1,1,1,Giza,New Giza,New Giza,2nd,Yes,completed,5909188.38
80.1,,2,1,0,1,1,Giza,New Giza,New Giza,2nd,Semi,completed,4588415.68
105.8,3.0,2,0,1,0,1,Cairo,New Cairo,Fifth Settlement,1st,No,completed,5485276.67
105.5,2.0,1,0,1,1,1,Port Said,West,El Zohour,1st,No,completed,1933392.81
166.9,3.0,2,0,1,0,1,Port Said,East,El Shark,1st,No,completed,3126812.11
108.4,2.0,1,0,0,1,1,Giza,New Giza,New Giza,2nd,No,completed,5536461.65
152.8,2.0,2,0,1,0,0,Cairo,New Cairo,First Settlement,3rd,No,completed,6564287.22
127.3,3.0,2,0,1,1,1,Alexandria,West,Agami,2nd,No,completed,2373319.49
91.8,2.0,2,0,1,1,1,Ismailia,Central,El Afrang,1st,No,completed,1260469.5
92.1,4.0,4,0,1,1,1,Cairo,New Cairo,Madinaty,2nd,Semi,under_construction,3853091.65
264.8,1.0,1,0,1,1,1,Cairo,Old Cairo,Downtown,2nd,Yes,completed,9605110.81
107.7,3.0,3,0,1,0,1,Port Said,East,El Shark,2nd,No,under_construction,1627193.06
118.5,2.0,2,0,1,1,1,Cairo,Old Cairo,Downtown,2nd,No,completed,4531065.06
69.6,4.0,3,0,1,0,0,Alexandria,East,Sidi Bishr,1st,No,under_construction,1520592.29
87.1,4.0,3,0,1,1,0,Giza,New Giza,New Giza,2nd,Semi,under_construction,4638060.67
156.3,1.0,1,0,0,0,1,Port Said,East,El Manakh,2nd,No,completed,1985411.37
114.9,3.0,3,0,1,1,0,Luxor,West Bank,El Gezira,1st,No,off_plan,1300990.65
117.2,3.0,3,0,1,1,1,Aswan,Central,El Sad El Ali,1st,No,completed,1749846.55
135.8,4.0,3,0,1,0,1,Alexandria,East,Sidi Bishr,2nd,No,under_construction,2937712.13
131.8,3.0,3,0,1,1,1,Giza,West Giza,Haram,3rd,Yes,off_plan,2502214.41
127.7,3.0,3,0,1,0,1,Giza,New Giza,New Giza,1st,Yes,under_construction,6800983.6
102.3,4.0,4,0,1,1,1,Cairo,New Cairo,Nasr City,4th,Yes,completed,3878097.92
142.5,2.0,2,0,1,1,1,Cairo,Old Cairo,Maadi,3rd,Yes,completed,5248197.18
107.1,1.0,1,0,0,1,1,Suez,North,El Arbaien,1st,No,under_construction,1389158.59
80.7,3.0,2,0,1,1,1,Giza,West Giza,Mohandessin,1st,No,completed,2647749.58
77.7,5.0,4,0,1,1,1,Cairo,Old Cairo,Zamalek,2nd,Semi,under_construction,4549656.36
164.1,4.0,4,0,1,1,1,Alexandria,East,Sidi Bishr,1st,No,completed,4302459.68
128.4,3.0,2,0,1,0,1,Ismailia,Central,El Afrang,1st,Yes,under_construction,1945977.25
113.2,2.0,2,0,1,1,0,Giza,West Giza,Sheikh Zayed,2nd,Yes,completed,5901473.82
97.4,3.0,3,0,1,0,1,Aswan,Central,El Sad El Ali,2nd,No,completed,1653453.4
179.6,3.0,2,0,1,1,1,Port Said,West,El Zohour,2nd,Semi,off_plan,2513685.75
152.7,1.0,1,0,1,1,1,Alexandria,West,Borg El Arab,1st,Yes,completed,2765581.55
97.1,3.0,2,0,0,1,1,Cairo,New Cairo,Fifth Settlement,1st,Yes,completed,5030870.37
196.6,1.0,1,0,0,0,1,Port Said,West,El Zohour,2nd,Semi,under_construction,3373151.6
227.0,5.0,4,0,1,1,1,Mansoura,Central,Toriel,1st,No,under_construction,2603472.39
198.1,3.0,3,0,1,1,1,Alexandria,East,Sidi Gaber,2nd,Yes,completed,5366590.61
92.0,4.0,3,0,1,0,1,Giza,New Giza,New Giza,2nd,Semi,under_construction,4719219.14
109.1,3.0,2,0,1,1,1,Giza,West Giza,Sheikh Zayed,1st,No,completed,5723606.28
95.0,3.0,3,0,1,0,1,Cairo,New Cairo,First Settlement,2nd,Semi,completed,4049978.3
133.9,2.0,1,0,1,1,1,Giza,New Giza,New Giza,1st,Yes,completed,8192328.92
142.1,1.0,1,0,1,1,0,Cairo,Old Cairo,Maadi,2nd,Yes,completed,5523999.88
79.9,1.0,1,0,1,1,1,Alexandria,East,Smouha,2nd,No,completed,2242769.47
128.0,3.0,2,0,1,1,1,Giza,West Giza,Mohandessin,1st,Yes,under_construction,4113360.22
78.7,2.0,1,0,1,1,1,Ismailia,Central,El Afrang,1st,No,completed,1164326.68
75.0,2.0,1,0,1,0,1,Ismailia,Central,El Afrang,1st,Yes,under_construction,990764.67
89.4,4.0,3,0,1,1,0,Aswan,Central,El Shallal,1st,Yes,under_construction,1152484.11
90.6,2.0,1,0,1,1,1,Cairo,New Cairo,Nasr City,2nd,Semi,under_construction,2199784.01
71.5,3.0,2,0,1,1,1,Giza,West Giza,Mohandessin,1st,No,under_construction,1800467.57
85.8,2.0,1,0,1,1,1,Suez,South,El Suez District,2nd,Yes,completed,1440319.2
131.8,3.0,3,0,1,1,1,Luxor,East Bank,El Awameya,1st,Semi,completed,1402583.02
178.1,3.0,2,0,0,0,1,Giza,West Giza,Sheikh Zayed,3rd,Semi,completed,8937991.89
201.6,4.0,4,0,1,1,1,Giza,West Giza,Mohandessin,2nd,No,under_construction,5653017.07
87.8,,1,1,1,1,1,Alexandria,West,Borg El Arab,2nd,Yes,completed,1554953.62
142.5,3.0,3,0,1,1,1,Giza,West Giza,Dokki,1st,No,completed,3502070.48
106.8,2.0,1,0,1,1,1,Ismailia,Central,El Sheikh Zayed,1st,Yes,completed,2020955.41
319.7,3.0,2,0,1,0,1,Alexandria,East,Sidi Bishr,2nd,No,completed,6856777.26
104.9,3.0,3,0,1,1,1,Cairo,New Cairo,Rehab,3rd,No,under_construction,3982973.8
177.2,2.0,1,0,1,1,1,Cairo,Old Cairo,Downtown,1st,No,completed,5285144.28
228.1,5.0,4,0,1,1,1,Cairo,Old Cairo,Zamalek,1st,No,completed,13595512.76
99.5,3.0,3,0,1,1,1,Cairo,Old Cairo,Zamalek,1st,No,completed,7005947.25
119.9,3.0,2,0,1,0,1,Port Said,East,El Manakh,2nd,No,under_construction,1497143.75
120.2,4.0,4,0,1,1,1,Alexandria,West,Agami,1st,Semi,under_construction,2116326.34
63.2,5.0,4,0,1,1,0,Mansoura,Central,Toriel,1st,No,completed,1080123.4
92.6,4.0,4,0,1,1,1,Cairo,Old Cairo,Zamalek,1st,No,completed,5070664.8
143.1,3.0,3,0,1,1,1,Aswan,Central,El Shallal,1st,No,under_construction,1661714.46
78.4,4.0,3,0,1,1,1,Cairo,New Cairo,Madinaty,2nd,No,completed,3726225.04
183.5,3.0,3,0,0,1,1,Alexandria,East,Sidi Bishr,2nd,No,under_construction,3523103.02
146.5,4.0,4,0,0,0,1,Alexandria,West,Agami,1st,Semi,completed,3289654.14
206.5,5.0,5,0,1,1,1,Aswan,Central,El Shallal,1st,Yes,completed,3173795.17
152.1,2.0,1,0,0,1,0,Cairo,Old Cairo,Maadi,1st,No,completed,4313516.82
106.5,4.0,4,0,0,1,1,Giza,West Giza,Mohandessin,2nd,Yes,under_construction,3759739.41
85.8,3.0,2,0,1,0,1,Cairo,New Cairo,Nasr City,2nd,No,completed,2441911.2
190.0,3.0,3,0,1,0,1,Ismailia,Central,El Sheikh Zayed,2nd,No,completed,3179393.93
85.8,3.0,2,0,1,1,1,Alexandria,West,Agami,2nd,No,under_construction,1408406.59
66.6,2.0,2,0,1,0,0,Cairo,Old Cairo,Downtown,1st,Semi,under_construction,1894592.97
135.1,1.0,1,0,1,0,1,Giza,West Giza,6th of October,3rd,Semi,completed,4297974.14
168.7,2.0,1,0,0,1,1,Mansoura,Central,El Mashaya,2nd,No,completed,2952805.72
122.2,4.0,3,0,1,1,1,Cairo,Old Cairo,Zamalek,2nd,No,off_plan,5938097.72
124.2,4.0,3,0,1,0,1,Cairo,New Cairo,Fifth Settlement,3rd,No,under_construction,5218801.29
114.1,4.0,4,0,1,1,1,Ismailia,Central,El Sheikh Zayed,2nd,Yes,under_construction,1719747.58
80.8,3.0,3,0,1,1,1,Cairo,Old Cairo,Zamalek,2nd,Yes,completed,5634556.68
103.3,1.0,1,0,1,1,1,Alexandria,East,Sidi Gaber,2nd,No,completed,2769361.22
96.7,3.0,2,0,1,0,1,Aswan,Central,El Shallal,1st,No,completed,1518450.56
132.9,3.0,2,0,1,1,1,Port Said,East,El Manakh,2nd,Semi,off_plan,1511004.7
98.3,2.0,1,0,1,1,1,Alexandria,West,Agami,2nd,No,completed,2206035.53
167.7,2.0,2,0,1,1,1,Aswan,Central,El Sad El Ali,1st,Semi,completed,2464023.78
168.7,5.0,5,0,1,0,1,Cairo,New Cairo,Madinaty,4th,No,completed,8372037.24
78.2,1.0,1,0,1,1,1,Giza,West Giza,Dokki,2nd,No,completed,2600712.09
167.9,1.0,1,0,1,0,1,Tanta,Central,Saeed,1st,No,under_construction,1642368.23
167.5,4.0,3,0,1,1,1,Aswan,Central,El Sad El Ali,2nd,No,completed,2666384.47
131.4,2.0,1,0,1,1,1,Giza,West Giza,Dokki,2nd,Yes,under_construction,3740174.97
98.4,2.0,1,0,0,1,1,Mansoura,Central,Toriel,1st,Yes,under_construction,1299878.26
108.9,2.0,1,0,1,1,1,Luxor,East Bank,El Awameya,1st,No,completed,1132909.75
127.0,2.0,2,0,1,1,1,Luxor,East Bank,El Karnak,2nd,Yes,completed,1830189.81
81.4,2.0,1,0,1,1,1,Alexandria,West,Borg El Arab,2nd,No,completed,1414288.51
128.4,2.0,2,0,1,0,1,Tanta,Central,El Geish,1st,No,under_construction,1652814.88
95.2,,1,1,0,0,1,Tanta,Central,El Geish,1st,No,off_plan,1356048.61
79.4,3.0,3,0,1,1,1,Suez,North,Faisal,1st,Semi,completed,1141543.96
99.8,2.0,2,0,1,0,1,Tanta,Central,Saeed,1st,Yes,completed,1337459.5
132.7,3.0,2,0,1,1,1,Giza,West Giza,Sheikh Zayed,1st,Yes,completed,7165656.77
113.4,3.0,3,0,1,1,1,Alexandria,West,Agami,2nd,Yes,under_construction,2407150.73
44.5,2.0,2,0,1,1,1,Cairo,Old Cairo,Zamalek,2nd,No,completed,2605792.08
100.2,2.0,1,0,1,1,1,Mansoura,Central,Toriel,1st,No,completed,1537716.76
117.4,2.0,1,0,1,1,1,Aswan,Central,El Shallal,1st,No,completed,1671098.35
151.3,3.0,2,0,1,0,1,Giza,New Giza,New Giza,1st,No,under_construction,7355838.03
98.9,3.0,2,0,1,1,1,Suez,South,El Suez District,1st,No,under_construction,1145075.66
108.3,3.0,2,0,1,1,1,Port Said,West,El Zohour,2nd,Yes,under_construction,1967940.67
124.0,3.0,3,0,1,1,1,Cairo,Old Cairo,Zamalek,1st,No,completed,7985884.52
111.9,2.0,1,0,1,1,1,Alexandria,East,Smouha,3rd,Yes,off_plan,2478174.62
88.2,2.0,1,0,1,1,1,Giza,New Giza,New Giza,1st,Yes,under_construction,4434097.24
143.0,5.0,4,0,1,0,1,Aswan,Central,El Sad El Ali,2nd,Yes,completed,1904627.77
92.6,3.0,2,0,1,1,1,Luxor,West Bank,El Gezira,1st,No,completed,1336921.38
96.8,3.0,2,0,0,1,1,Giza,New Giza,New Giza,1st,No,completed,5035703.02
121.2,3.0,3,0,1,0,1,Cairo,Old Cairo,Maadi,2nd,Yes,completed,4219321.71
104.1,2.0,2,0,1,1,1,Cairo,Old Cairo,Maadi,1st,Yes,off_plan,3218728.17
180.4,4.0,3,0,1,1,1,Cairo,New Cairo,Madinaty,2nd,No,completed,9548528.31
111.5,3.0,3,0,1,1,1,Giza,West Giza,6th of October,2nd,Yes,completed,4394653.36
131.2,2.0,2,0,1,1,1,Alexandria,West,Agami,1st,No,under_construction,2050893.52
120.7,2.0,1,0,0,0,1,Cairo,Old Cairo,Zamalek,2nd,Yes,completed,8335469.84
162.3,4.0,3,0,1,0,1,Luxor,West Bank,El Gezira,1st,Semi,completed,2200097.4
171.2,3.0,2,0,1,1,1,Suez,South,El Suez District,2nd,Yes,under_construction,2096035.33
140.1,,1,1,0,0,1,Cairo,New Cairo,Heliopolis,2nd,No,under_construction,4516075.0
184.1,3.0,2,0,0,1,1,Tanta,Central,Saeed,1st,Semi,completed,2949206.81
78.8,1.0,1,0,1,1,1,Cairo,Old Cairo,Maadi,3rd,Yes,completed,3026084.82
101.0,4.0,4,0,1,1,1,Cairo,New Cairo,Heliopolis,1st,Semi,completed,3730043.61
135.7,4.0,4,0,1,1,1,Alexandria,West,Borg El Arab,1st,No,under_construction,1970774.36
131.3,1.0,1,0,1,0,1,Luxor,East Bank,El Awameya,1st,No,completed,1327574.71
106.8,4.0,3,0,1,1,1,Aswan,Central,El Sad El Ali,1st,No,completed,1784855.68
266.8,2.0,1,0,1,1,1,Port Said,East,El Shark,1st,Semi,completed,5008073.46
115.7,3.0,3,0,0,0,1,Suez,South,El Suez District,2nd,Semi,under_construction,1588293.91
98.9,,3,1,1,1,1,Giza,West Giza,Dokki,2nd,No,completed,2830510.99
104.4,5.0,5,0,1,0,1,Cairo,New Cairo,First Settlement,1st,Semi,completed,4523933.78
220.2,3.0,2,0,1,1,1,Cairo,Old Cairo,Downtown,2nd,Yes,completed,7608259.16
101.3,3.0,2,0,1,1,1,Luxor,East Bank,El Awameya,1st,Yes,completed,1396814.49
66.7,1.0,1,0,1,0,1,Cairo,New Cairo,Rehab,2nd,Semi,off_plan,2113013.29
87.0,2.0,1,0,1,1,1,Mansoura,Central,Toriel,1st,Semi,completed,1205547.46
213.2,2.0,1,0,1,1,1,Alexandria,West,Borg El Arab,1st,No,completed,3343026.42
76.1,2.0,1,0,1,1,1,Giza,New Giza,New Giza,1st,Semi,off_plan,3442839.15
111.7,2.0,1,0,0,1,1,Cairo,Old Cairo,Downtown,1st,No,completed,3876629.79
95.4,3.0,2,0,1,1,1,Cairo,Old Cairo,Zamalek,2nd,No,completed,5869054.65
103.8,4.0,3,0,0,0,1,Alexandria,West,Borg El Arab,2nd,Semi,completed,1850925.78
71.7,2.0,2,0,1,0,1,Mansoura,Central,Toriel,1st,No,off_plan,862875.07
151.8,3.0,2,0,0,0,1,Cairo,New Cairo,First Settlement,3rd,Yes,completed,6050537.4
127.9,2.0,2,0,1,1,1,Cairo,New Cairo,Heliopolis,2nd,No,under_construction,4623289.73
106.3,2.0,1,0,0,1,1,Cairo,Old Cairo,Zamalek,1st,Semi,under_construction,5901464.14
122.6,2.0,1,0,1,1,1,Luxor,West Bank,El Gezira,1st,No,completed,1669103.14
92.0,5.0,4,0,1,1,1,Suez,South,El Suez District,1st,Semi,completed,1512945.69
216.5,3.0,3,0,1,1,1,Aswan,Central,El Shallal,1st,Yes,completed,3572569.29
122.3,4.0,3,0,0,0,1,Cairo,Old Cairo,Downtown,2nd,Semi,completed,4155857.26
50.3,2.0,1,0,1,0,1,Alexandria,West,Agami,1st,Yes,under_construction,1002499.0
157.7,5.0,5,0,1,0,0,Luxor,West Bank,El Gezira,1st,No,completed,2318809.5
172.9,1.0,1,0,1,1,1,Cairo,New Cairo,Nasr City,2nd,No,off_plan,3425696.38
137.0,4.0,4,0,0,1,1,Alexandria,East,Sidi Bishr,1st,No,completed,3129523.61
123.5,3.0,2,0,1,1,1,Giza,West Giza,6th of October,2nd,No,completed,3767066.77
99.3,2.0,2,0,1,1,0,Cairo,Old Cairo,Maadi,3rd,No,completed,3427252.11
131.5,2.0,2,0,1,1,1,Cairo,New Cairo,Nasr City,2nd,No,completed,3697060.79
131.7,2.0,2,0,0,1,1,Aswan,Central,El Sad El Ali,1st,Yes,completed,2181054.85
135.0,2.0,2,0,1,1,1,Alexandria,East,Smouha,1st,No,completed,3905972.93
80.7,2.0,2,0,1,0,1,Giza,New Giza,New Giza,2nd,Yes,completed,4896039.83
174.8,1.0,1,0,1,1,1,Alexandria,West,Agami,2nd,No,completed,3368547.04
112.1,5.0,4,0,1,1,1,Alexandria,West,Borg El Arab,2nd,No,completed,2157607.15
111.1,2.0,1,0,0,1,0,Cairo,New Cairo,Fifth Settlement,1st,No,completed,5863944.27
90.2,1.0,1,0,1,1,1,Ismailia,Central,El Sheikh Zayed,1st,No,completed,1643323.73
106.2,3.0,2,0,1,1,1,Giza,New Giza,New Giza,2nd,No,completed,7441876.71
51.4,2.0,1,0,0,0,1,Port Said,West,El Zohour,2nd,Semi,under_construction,838976.24
222.2,1.0,1,0,1,1,1,Tanta,Central,El Geish,2nd,Yes,completed,3106517.44
99.5,3.0,3,0,1,1,1,Mansoura,Central,El Mashaya,2nd,No,completed,1552512.77
54.7,3.0,3,0,1,0,1,Luxor,West Bank,El Gezira,1st,No,completed,795008.46
140.3,3.0,3,0,1,1,1,Alexandria,West,Agami,2nd,No,under_construction,2651503.73
127.6,2.0,1,0,1,1,1,Ismailia,Central,El Afrang,1st,Yes,completed,2220500.79
82.4,4.0,4,0,0,1,0,Cairo,New Cairo,Madinaty,1st,Yes,completed,4750836.74
175.4,3.0,3,0,1,1,0,Cairo,New Cairo,Heliopolis,1st,No,completed,6778584.85
118.3,1.0,1,0,1,0,1,Giza,West Giza,6th of October,3rd,No,completed,3385059.35
126.9,2.0,1,0,1,1,1,Cairo,New Cairo,Nasr City,3rd,No,under_construction,3451403.69
231.9,2.0,1,0,1,1,1,Suez,North,Faisal,1st,Yes,under_construction,2727864.05
86.5,2.0,2,0,1,0,1,Port Said,West,El Zohour,1st,No,under_construction,1418763.4
73.1,3.0,3,0,0,1,1,Aswan,Central,El Shallal,1st,Semi,completed,1082646.87
221.8,2.0,2,0,1,1,1,Cairo,New Cairo,Fifth Settlement,1st,No,completed,8819121.16
139.7,4.0,4,0,1,1,1,Cairo,New Cairo,Madinaty,1st,No,under_construction,5640270.35
257.8,2.0,1,0,1,0,1,Cairo,Old Cairo,Downtown,1st,Yes,under_construction,6101834.25
110.6,2.0,1,0,0,1,1,Suez,South,El Suez District,2nd,No,completed,1650250.77
121.6,4.0,3,0,1,1,1,Cairo,New Cairo,Rehab,1st,Yes,completed,7165429.44
102.0,3.0,3,0,1,1,1,Cairo,New Cairo,Heliopolis,2nd,No,completed,3760373.0
122.7,,2,1,0,0,1,Port Said,East,El Manakh,1st,Semi,completed,2056262.19
67.8,3.0,2,0,1,0,1,Cairo,Old Cairo,Zamalek,1st,No,completed,5198457.26
215.8,3.0,3,0,1,0,1,Mansoura,Central,El Mashaya,2nd,Semi,completed,4144074.28
186.4,3.0,3,0,1,1,1,Giza,New Giza,New Giza,1st,Yes,completed,12211240.69
139.4,3.0,2,0,1,1,1,Alexandria,West,Borg El Arab,2nd,No,completed,2338261.14
152.5,4.0,3,0,1,1,0,Tanta,Central,Saeed,1st,Semi,completed,2247802.89
127.5,3.0,3,0,1,0,1,Giza,New Giza,New Giza,1st,No,completed,6462269.12
290.3,2.0,1,0,1,1,1,Cairo,Old Cairo,Maadi,2nd,Yes,completed,10679349.7
203.7,3.0,3,0,1,1,1,Alexandria,West,Borg El Arab,1st,Yes,completed,3965372.08
67.4,4.0,4,0,0,0,1,Cairo,New Cairo,Rehab,3rd,No,under_construction,2454798.31
198.4,3.0,2,0,1,1,1,Alexandria,West,Borg El Arab,1st,No,under_construction,2589633.27
145.1,2.0,2,0,1,1,1,Ismailia,Central,El Afrang,1st,No,completed,2009961.61
84.0,2.0,2,0,1,1,1,Mansoura,Central,El Mashaya,2nd,Semi,completed,1421057.71
100.7,2.0,1,0,0,0,1,Aswan,Central,El Shallal,1st,Semi,completed,1631097.15
108.8,3.0,3,0,1,1,1,Cairo,New Cairo,Rehab,3rd,Yes,completed,5545129.56
91.9,2.0,2,0,0,1,1,Cairo,Old Cairo,Maadi,1st,No,completed,3342810.95
117.0,2.0,2,0,1,1,1,Cairo,New Cairo,Rehab,1st,No,completed,5097994.68
180.7,1.0,1,0,1,1,1,Port Said,West,El Zohour,1st,Semi,completed,2990835.36
152.7,5.0,4,0,1,1,1,Mansoura,Central,El Mashaya,1st,Yes,off_plan,1881226.2
191.0,3.0,2,0,1,1,1,Port Said,East,El Manakh,2nd,No,completed,2695769.25
154.1,2.0,1,0,1,0,1,Port Said,West,El Zohour,1st,Yes,completed,3300700.36
125.5,1.0,1,0,1,0,1,Giza,New Giza,New Giza,1st,No,completed,6921086.74
104.2,2.0,1,0,1,1,1,Port Said,East,El Manakh,2nd,No,under_construction,1395667.59
152.2,,3,1,1,1,1,Luxor,East Bank,El Karnak,2nd,Yes,completed,1893524.54
94.1,3.0,2,0,1,1,1,Giza,West Giza,Dokki,1st,Semi,completed,3105900.36
202.7,1.0,1,0,0,0,1,Aswan,Central,El Shallal,1st,Yes,under_construction,2418263.82
92.7,4.0,4,0,1,0,1,Tanta,Central,El Geish,1st,No,completed,1753969.41
110.4,2.0,1,0,1,1,1,Giza,New Giza,New Giza,1st,No,under_construction,5542178.81
133.8,4.0,4,0,1,1,1,Cairo,Old Cairo,Zamalek,2nd,No,completed,9120957.43
173.8,3.0,3,0,1,1,1,Giza,New Giza,New Giza,1st,Semi,completed,9359387.27
198.1,5.0,5,0,1,0,1,Ismailia,Central,El Sheikh Zayed,1st,Yes,completed,3642366.83
118.4,2.0,1,0,1,0,1,Cairo,Old Cairo,Maadi,1st,No,under_construction,3888355.62
152.7,2.0,1,0,1,1,1,Alexandria,West,Agami,2nd,No,under_construction,2403408.52
53.8,3.0,3,0,1,1,0,Port Said,West,El Zohour,2nd,Yes,under_construction,1135952.45
125.9,,1,1,1,1,1,Giza,New Giza,New Giza,1st,No,completed,6850176.49
100.4,3.0,3,0,1,1,1,Giza,West Giza,6th of October,2nd,Semi,under_construction,2691670.85
112.0,2.0,1,0,1,1,1,Aswan,Central,El Sad El Ali,1st,Semi,completed,1711101.86
116.4,3.0,3,0,1,0,1,Suez,North,Faisal,1st,No,completed,1496224.73
141.9,4.0,3,0,0,1,1,Alexandria,East,Smouha,3rd,No,under_construction,3308247.64
226.6,2.0,2,0,1,1,1,Giza,New Giza,New Giza,1st,No,under_construction,10169989.98
74.8,3.0,3,0,1,1,1,Cairo,Old Cairo,Zamalek,2nd,Semi,completed,4980529.63
130.5,4.0,3,0,1,0,1,Cairo,New Cairo,Madinaty,3rd,Semi,off_plan,4912963.56
100.0,2.0,1,0,1,1,1,Cairo,New Cairo,First Settlement,2nd,No,under_construction,3225608.67
237.0,4.0,4,0,1,1,1,Cairo,New Cairo,Fifth Settlement,3rd,No,completed,12561627.19
74.6,4.0,3,0,1,1,1,Aswan,Central,El Shallal,1st,Semi,completed,840263.15
111.9,1.0,1,0,1,1,1,Mansoura,Central,Toriel,1st,No,completed,1813483.62
124.2,3.0,3,0,0,1,1,Aswan,Central,El Sad El Ali,2nd,No,under_construction,1542360.52
86.3,3.0,2,0,0,0,1,Cairo,Old Cairo,Downtown,1st,No,completed,2862552.11
107.4,2.0,2,0,1,1,1,Alexandria,East,Smouha,1st,Semi,completed,2919403.88
173.9,3.0,2,0,0,0,1,Tanta,Central,Saeed,1st,No,completed,2353849.09
159.3,2.0,2,0,1,1,1,Cairo,New Cairo,Fifth Settlement,1st,Semi,under_construction,7210185.46
79.3,1.0,1,0,1,1,1,Giza,New Giza,New Giza,2nd,No,completed,5107216.85
143.5,3.0,2,0,1,1,0,Giza,New Giza,New Giza,1st,No,off_plan,6200233.34
101.4,4.0,3,0,1,0,1,Alexandria,East,Sidi Gaber,2nd,Yes,under_construction,2260230.35
130.4,2.0,1,0,0,0,1,Giza,New Giza,New Giza,1st,Semi,completed,7850826.96
123.4,3.0,2,0,1,1,1,Cairo,New Cairo,Nasr City,2nd,Semi,completed,3600791.09
103.2,3.0,2,0,1,1,1,Alexandria,West,Agami,2nd,No,completed,2325623.55
137.8,3.0,2,0,1,1,0,Giza,West Giza,6th of October,3rd,No,completed,4491049.29
94.2,2.0,1,0,0,1,1,Port Said,East,El Shark,2nd,Yes,under_construction,1445522.18
91.7,4.0,4,0,1,1,1,Luxor,West Bank,El Gezira,1st,No,under_construction,968891.35
159.8,4.0,3,0,1,1,1,Tanta,Central,Saeed,1st,Yes,under_construction,2054552.52
330.0,5.0,5,0,1,0,1,Alexandria,West,Agami,2nd,No,under_construction,4763301.68
99.3,3.0,3,0,1,1,1,Tanta,Central,Saeed,1st,No,completed,1443359.73
149.7,3.0,2,0,1,1,1,Mansoura,Central,Toriel,1st,Yes,under_construction,2121969.67
68.6,2.0,2,0,1,1,1,Cairo,Old Cairo,Zamalek,1st,No,completed,4683139.52
93.6,1.0,1,0,1,1,1,Port Said,East,El Shark,2nd,No,off_plan,1103520.39
130.7,2.0,2,0,0,1,1,Aswan,Central,El Shallal,1st,No,completed,1561973.01
79.3,1.0,1,0,0,1,1,Suez,South,El Suez District,2nd,No,completed,1220305.11
63.7,3.0,3,0,1,1,1,Tanta,Central,El Geish,1st,No,completed,1076607.06
96.4,2.0,1,0,1,1,1,Alexandria,East,Sidi Bishr,1st,Semi,off_plan,1605820.42
141.4,3.0,2,0,1,0,1,Luxor,West Bank,El Gezira,1st,No,completed,1966177.27
90.0,4.0,3,0,1,1,1,Port Said,East,El Manakh,1st,No,completed,1399222.99
187.4,5.0,4,0,1,1,1,Giza,New Giza,New Giza,1st,Yes,completed,13118372.65
101.2,4.0,4,0,1,0,1,Suez,North,El Arbaien,2nd,No,off_plan,1151289.36
86.4,2.0,1,0,1,1,1,Port Said,East,El Shark,2nd,No,completed,1594978.49
119.8,1.0,1,0,1,0,1,Tanta,Central,El Geish,2nd,Yes,completed,2006081.32
104.0,3.0,2,0,1,1,1,Cairo,Old Cairo,Zamalek,2nd,No,off_plan,4957933.53
117.8,1.0,1,0,1,0,1,Giza,West Giza,Mohandessin,2nd,Yes,completed,4498190.32
93.0,2.0,1,0,1,0,1,Mansoura,Central,El Mashaya,1st,Yes,completed,1916245.14
95.9,4.0,4,0,1,1,1,Luxor,East Bank,El Awameya,1st,No,completed,1095066.31
163.2,3.0,3,0,1,1,1,Giza,West Giza,6th of October,1st,Semi,under_construction,4700999.47
105.5,2.0,1,0,1,0,1,Ismailia,Central,El Sheikh Zayed,1st,Yes,completed,1956080.72
214.6,3.0,3,0,1,1,1,Luxor,West Bank,El Gezira,1st,Yes,under_construction,2165777.29
106.1,3.0,2,0,0,1,1,Alexandria,East,Smouha,2nd,Yes,off_plan,2520746.38
148.6,1.0,1,0,0,0,1,Cairo,Old Cairo,Zamalek,2nd,Yes,completed,10973321.8
104.6,3.0,2,0,0,1,1,Cairo,Old Cairo,Downtown,1st,Semi,completed,3993762.67
131.1,3.0,3,0,1,1,1,Giza,New Giza,New Giza,1st,Yes,under_construction,7326649.09
133.4,,4,1,1,1,1,Giza,West Giza,Mohandessin,2nd,No,completed,4621714.99
174.0,3.0,2,0,0,1,1,Cairo,New Cairo,Madinaty,2nd,Yes,completed,8127466.31
187.1,,2,1,1,1,1,Giza,New Giza,New Giza,2nd,Yes,under_construction,11100590.8
125.3,5.0,4,0,1,1,1,Cairo,Old Cairo,Downtown,1st,No,under_construction,3517159.36
201.2,3.0,2,0,1,0,1,Cairo,Old Cairo,Zamalek,1st,Yes,completed,13099125.51
127.9,1.0,1,0,1,1,1,Alexandria,West,Borg El Arab,1st,Semi,completed,2411058.56
56.6,3.0,2,0,0,1,1,Suez,South,El Suez District,2nd,Yes,completed,928712.31
90.0,2.0,1,0,1,1,1,Luxor,West Bank,El Gezira,1st,Yes,completed,1393738.09
225.2,2.0,1,0,1,1,1,Cairo,Old Cairo,Zamalek,1st,No,completed,13126105.69
113.9,3.0,3,0,0,1,1,Tanta,Central,Saeed,1st,Yes,completed,1642006.1
146.9,2.0,1,0,1,0,1,Cairo,New Cairo,Fifth Settlement,1st,Yes,completed,7328203.0
79.6,3.0,2,0,1,0,1,Cairo,New Cairo,Nasr City,3rd,No,completed,2367994.79
161.8,5.0,4,0,1,0,1,Luxor,East Bank,El Awameya,1st,Semi,completed,1902591.6
116.3,3.0,2,0,1,1,1,Cairo,New Cairo,Heliopolis,2nd,Yes,completed,4214683.86
187.8,3.0,2,0,1,0,1,Cairo,New Cairo,Rehab,2nd,Semi,under_construction,6176767.66
100.8,3.0,3,0,1,0,1,Cairo,New Cairo,Rehab,1st,Yes,completed,4179571.18
145.1,3.0,2,0,1,1,0,Giza,New Giza,New Giza,1st,Yes,under_construction,8137521.11
158.7,3.0,3,0,1,1,1,Giza,New Giza,New Giza,2nd,Semi,completed,9395598.81
129.8,2.0,2,0,0,0,1,Mansoura,Central,El Mashaya,1st,Semi,off_plan,1411714.78
86.3,3.0,2,0,1,1,1,Port Said,East,El Shark,1st,No,completed,1630695.54
168.9,2.0,2,0,1,0,1,Aswan,Central,El Sad El Ali,1st,Semi,completed,2259719.54
128.9,2.0,1,0,1,1,1,Port Said,West,El Zohour,1st,Yes,completed,2658606.82
99.9,3.0,3,0,1,1,1,Cairo,New Cairo,Fifth Settlement,3rd,No,completed,4923587.05
200.1,3.0,2,0,0,1,1,Giza,New Giza,New Giza,1st,Yes,completed,10781209.34
61.2,5.0,4,0,1,1,1,Luxor,West Bank,El Gezira,1st,No,under_construction,709219.8
68.7,2.0,2,0,1,1,1,Luxor,East Bank,El Awameya,1st,No,completed,728930.32
134.0,5.0,4,0,1,1,1,Alexandria,East,Sidi Bishr,2nd,Semi,completed,3769412.97
151.7,2.0,2,0,1,1,1,Luxor,East Bank,El Awameya,1st,Yes,under_construction,1750874.45
117.1,4.0,3,0,1,1,1,Aswan,Central,El Shallal,1st,Yes,completed,1771556.72
206.8,4.0,3,0,1,1,1,Cairo,Old Cairo,Maadi,2nd,Semi,completed,7561630.91
82.0,4.0,3,0,1,1,1,Giza,New Giza,New Giza,2nd,No,completed,4882977.64
85.1,5.0,4,0,1,1,1,Cairo,Old Cairo,Downtown,2nd,No,completed,2653884.06
258.9,,1,1,1,1,1,Ismailia,Central,El Sheikh Zayed,1st,No,completed,3963563.1
91.0,4.0,4,0,1,0,1,Giza,New Giza,New Giza,2nd,Semi,completed,5933051.07
110.6,3.0,3,0,1,0,1,Mansoura,Central,El Mashaya,1st,Semi,under_construction,1535789.96
88.4,3.0,2,0,1,1,1,Port Said,East,El Shark,2nd,Semi,under_construction,1483138.46
160.4,3.0,2,0,0,1,1,Aswan,Central,El Sad El Ali,2nd,Semi,completed,2351456.78
121.0,4.0,3,0,1,1,1,Suez,North,El Arbaien,2nd,No,completed,1942544.98
113.1,4.0,3,0,1,1,1,Cairo,Old Cairo,Maadi,3rd,Semi,completed,4490093.23
60.5,2.0,1,0,0,0,1,Cairo,Old Cairo,Maadi,3rd,Yes,completed,2690767.04
115.7,3.0,2,0,1,1,1,Alexandria,West,Agami,1st,Yes,completed,2577608.84
91.8,4.0,3,0,1,1,1,Aswan,Central,El Sad El Ali,1st,No,completed,1496771.32
160.6,3.0,2,0,1,1,1,Port Said,East,El Shark,1st,Semi,completed,3059548.88
164.3,4.0,3,0,1,0,1,Suez,North,Faisal,1st,Yes,completed,2642622.24
96.2,4.0,4,0,1,1,1,Suez,South,El Suez District,1st,No,under_construction,1307280.11
181.2,1.0,1,0,1,1,1,Port Said,East,El Manakh,2nd,No,completed,2563996.53
156.6,2.0,2,0,1,1,1,Cairo,Old Cairo,Maadi,3rd,No,off_plan,4302124.68
152.2,3.0,2,0,1,1,1,Mansoura,Central,El Mashaya,2nd,Semi,completed,2519546.76
92.3,2.0,1,0,1,1,1,Giza,West Giza,6th of October,3rd,No,completed,2895945.29
73.3,2.0,2,0,1,1,1,Suez,South,El Suez District,2nd,Yes,completed,1267530.89
205.1,3.0,3,0,1,1,1,Cairo,New Cairo,Fifth Settlement,3rd,Semi,completed,11275555.86
215.9,2.0,1,0,1,0,1,Port Said,West,El Zohour,2nd,Semi,completed,4318072.49
87.4,4.0,4,0,1,1,1,Giza,New Giza,New Giza,2nd,No,completed,5678820.18
80.0,1.0,1,0,1,1,1,Giza,West Giza,Sheikh Zayed,2nd,No,under_construction,2710484.23
107.4,2.0,1,0,1,1,1,Giza,West Giza,Sheikh Zayed,2nd,Yes,completed,5985069.04
163.8,5.0,5,0,0,1,1,Giza,New Giza,New Giza,2nd,No,completed,9354045.44
123.5,5.0,5,0,1,1,1,Alexandria,East,Smouha,2nd,Yes,completed,4355478.78
69.8,4.0,3,0,1,1,1,Cairo,Old Cairo,Downtown,1st,No,completed,2344912.33
241.2,2.0,1,0,1,1,1,Giza,New Giza,New Giza,1st,No,under_construction,12437779.75
159.6,2.0,2,0,1,1,1,Tanta,Central,Saeed,1st,Yes,under_construction,1938991.71
94.9,4.0,4,0,1,1,1,Cairo,New Cairo,First Settlement,3rd,Yes,completed,4613461.3
89.0,,3,1,1,0,1,Cairo,New Cairo,Fifth Settlement,3rd,Semi,completed,5002641.39
122.4,4.0,4,0,1,0,1,Giza,New Giza,New Giza,1st,No,completed,7391832.55
172.8,4.0,3,0,1,1,1,Giza,West Giza,Haram,2nd,Yes,completed,3345700.87
138.4,2.0,1,0,1,1,1,Ismailia,Central,El Afrang,1st,No,completed,1885406.28
116.8,1.0,1,0,1,1,1,Cairo,New Cairo,Fifth Settlement,3rd,Yes,completed,7662401.99
90.0,3.0,2,0,1,1,1,Aswan,Central,El Sad El Ali,2nd,Semi,completed,1273280.81
89.8,4.0,4,0,1,1,1,Cairo,Old Cairo,Downtown,2nd,No,under_construction,2459533.79
116.6,3.0,2,0,0,1,1,Cairo,Old Cairo,Maadi,2nd,No,off_plan,2970275.85
87.8,2.0,1,0,1,1,1,Alexandria,East,Sidi Bishr,1st,Yes,completed,2129453.72
125.0,1.0,1,0,1,1,1,Giza,New Giza,New Giza,2nd,Semi,under_construction,6629802.77
128.7,3.0,3,0,1,1,1,Mansoura,Central,Toriel,1st,Semi,completed,2172706.17
150.5,1.0,1,0,1,1,1,Cairo,Old Cairo,Maadi,3rd,Yes,under_construction,4730697.96
77.0,,4,1,1,0,1,Alexandria,East,Sidi Bishr,2nd,Yes,completed,1964649.39
135.9,3.0,3,0,1,0,1,Tanta,Central,Saeed,1st,No,completed,1806048.69
110.3,4.0,4,0,0,1,1,Giza,New Giza,New Giza,2nd,No,completed,6570768.9
92.0,3.0,2,0,1,0,1,Port Said,West,El Zohour,2nd,No,completed,1789056.44
92.2,1.0,1,0,1,1,1,Cairo,New Cairo,Heliopolis,2nd,No,off_plan,2329216.63
110.1,3.0,2,0,1,1,1,Cairo,Old Cairo,Maadi,3rd,Semi,completed,4014490.86
57.0,2.0,1,0,1,0,1,Port Said,West,El Zohour,2nd,Semi,completed,1203083.63
209.5,3.0,2,0,1,1,1,Luxor,West Bank,El Gezira,1st,No,completed,2406932.7
40.0,3.0,3,0,0,1,1,Cairo,Old Cairo,Downtown,2nd,No,completed,1295406.74
95.7,2.0,2,0,0,1,1,Cairo,Old Cairo,Downtown,1st,No,completed,2908452.95
87.9,3.0,2,0,1,1,1,Giza,West Giza,Mohandessin,1st,No,under_construction,2437951.2
137.4,2.0,1,0,1,1,1,Cairo,Old Cairo,Maadi,1st,No,under_construction,3744188.21
171.8,2.0,1,0,1,1,1,Cairo,New Cairo,Heliopolis,2nd,No,under_construction,3630401.86
83.0,3.0,2,0,1,0,1,Cairo,Old Cairo,Zamalek,1st,No,completed,5175108.02
131.0,2.0,1,0,1,1,1,Suez,North,El Arbaien,2nd,Semi,completed,2208551.38
202.2,1.0,1,0,1,1,0,Giza,New Giza,New Giza,1st,Semi,completed,11388558.79
117.9,2.0,1,0,1,1,1,Giza,New Giza,New Giza,2nd,No,under_construction,5549271.12
187.7,2.0,1,0,1,0,0,Aswan,Central,El Sad El Ali,1st,Semi,completed,2765256.82
81.0,1.0,1,0,1,1,1,Giza,New Giza,New Giza,2nd,Yes,completed,5669284.93
122.7,3.0,2,0,1,1,1,Port Said,East,El Manakh,2nd,Yes,off_plan,1535489.92
102.7,1.0,1,0,1,1,1,Giza,New Giza,New Giza,2nd,No,under_construction,5126379.24
157.1,5.0,4,0,1,1,1,Cairo,New Cairo,Rehab,1st,Yes,completed,8282907.0
118.1,3.0,3,0,1,0,1,Ismailia,Central,El Afrang,1st,No,completed,2184500.46
152.8,3.0,2,0,1,1,1,Tanta,Central,Saeed,1st,Yes,under_construction,1784725.73
178.6,3.0,2,0,1,0,1,Giza,New Giza,New Giza,1st,No,completed,10098553.04
122.4,3.0,3,0,0,1,1,Giza,New Giza,New Giza,2nd,No,completed,6988342.63
66.5,4.0,4,0,1,1,1,Suez,North,El Arbaien,2nd,No,completed,1250169.03
135.8,2.0,1,0,1,0,1,Giza,New Giza,New Giza,1st,Yes,completed,7528720.42
121.8,2.0,1,0,1,1,1,Suez,North,Faisal,1st,No,under_construction,1408390.68
90.1,3.0,3,0,1,1,1,Aswan,Central,El Shallal,1st,Semi,under_construction,1186932.13
151.3,2.0,1,0,0,0,1,Mansoura,Central,El Mashaya,2nd,Yes,completed,2616828.25
117.6,2.0,2,0,1,0,1,Cairo,New Cairo,Fifth Settlement,1st,No,completed,6697562.02
101.7,2.0,2,0,1,1,1,Suez,South,El Suez District,1st,No,completed,1412180.96
152.9,2.0,1,0,1,1,1,Tanta,Central,Saeed,1st,No,completed,1875899.1
94.7,1.0,1,0,0,0,0,Cairo,Old Cairo,Zamalek,1st,Yes,completed,5784835.3
87.9,3.0,2,0,1,1,1,Aswan,Central,El Sad El Ali,1st,No,completed,1219265.4
61.1,3.0,2,0,1,1,1,Cairo,New Cairo,Madinaty,3rd,Yes,completed,3346246.28
123.3,5.0,4,0,1,0,1,Port Said,West,El Zohour,2nd,Semi,completed,2810093.27
100.6,5.0,4,0,1,1,0,Cairo,Old Cairo,Zamalek,2nd,No,completed,6822803.74
130.4,4.0,3,0,1,0,0,Alexandria,East,Sidi Gaber,2nd,No,completed,3381594.29
256.1,2.0,1,0,0,1,1,Ismailia,Central,El Sheikh Zayed,1st,No,completed,4394080.33
195.1,5.0,5,0,0,1,1,Giza,New Giza,New Giza,2nd,Semi,completed,13046440.8
236.8,3.0,3,0,1,1,1,Tanta,Central,Saeed,1st,Semi,under_construction,2483474.9
159.5,3.0,3,0,1,1,1,Giza,West Giza,6th of October,3rd,No,completed,5667302.63
138.9,4.0,3,0,1,1,1,Alexandria,East,Sidi Bishr,1st,No,under_construction,2691069.14
72.2,4.0,4,0,1,0,1,Alexandria,East,Sidi Bishr,2nd,Yes,completed,1948084.81
136.3,,2,1,0,1,1,Cairo,New Cairo,Rehab,3rd,No,off_plan,4262330.67
130.0,2.0,1,0,1,1,1,Giza,West Giza,Haram,1st,Yes,under_construction,2550201.02
132.9,3.0,3,0,0,0,1,Cairo,Old Cairo,Zamalek,1st,No,under_construction,6686651.01
131.5,2.0,1,0,1,1,1,Aswan,Central,El Sad El Ali,2nd,Yes,completed,2434226.9
91.8,3.0,2,0,1,1,1,Alexandria,West,Borg El Arab,2nd,No,under_construction,1527717.93
102.4,2.0,2,0,1,1,1,Mansoura,Central,El Mashaya,1st,Semi,completed,1667760.2
159.6,4.0,4,0,1,0,1,Giza,New Giza,New Giza,2nd,No,completed,8413289.12
187.9,5.0,4,0,1,1,1,Cairo,New Cairo,Madinaty,1st,No,under_construction,7404914.58
129.2,3.0,3,0,1,1,1,Tanta,Central,El Geish,2nd,Semi,under_construction,1756217.85
146.4,3.0,3,0,1,1,1,Cairo,New Cairo,Fifth Settlement,1st,No,completed,6870458.41
130.1,3.0,2,0,1,0,1,Ismailia,Central,El Sheikh Zayed,1st,Semi,completed,2378509.76
81.3,5.0,5,0,1,1,1,Suez,South,El Suez District,1st,No,under_construction,1029811.03
116.9,5.0,5,0,1,1,1,Luxor,West Bank,El Gezira,1st,No,off_plan,1072400.27
143.0,4.0,3,0,1,0,1,Cairo,Old Cairo,Zamalek,2nd,No,completed,8698760.57
141.9,4.0,4,0,1,0,1,Giza,New Giza,New Giza,2nd,Semi,completed,8904780.57
55.2,5.0,5,0,1,1,1,Giza,West Giza,Mohandessin,2nd,Yes,off_plan,1836491.5
131.7,5.0,5,0,1,0,1,Cairo,New Cairo,Rehab,2nd,No,completed,5360369.67
135.8,4.0,3,0,1,1,1,Port Said,East,El Manakh,2nd,Yes,completed,2657606.52
130.1,4.0,3,0,1,0,1,Cairo,New Cairo,Heliopolis,2nd,No,completed,4411078.26
121.4,3.0,2,0,1,1,1,Ismailia,Central,El Afrang,1st,Yes,under_construction,1740471.88
109.0,3.0,3,0,1,1,1,Cairo,Old Cairo,Maadi,2nd,No,off_plan,3005602.24
149.8,1.0,1,0,1,1,1,Cairo,New Cairo,Heliopolis,2nd,No,completed,4614019.36
104.2,5.0,4,0,1,1,1,Cairo,Old Cairo,Downtown,2nd,Semi,completed,3638357.75
137.6,2.0,1,0,1,0,1,Ismailia,Central,El Sheikh Zayed,2nd,No,completed,2278871.39
108.5,3.0,2,0,1,1,1,Giza,New Giza,New Giza,1st,No,completed,6114429.31
124.5,,5,1,1,0,1,Cairo,New Cairo,Heliopolis,1st,No,completed,4062530.55
158.4,,4,1,1,1,1,Cairo,Old Cairo,Zamalek,2nd,Yes,completed,12494690.1
120.7,5.0,5,0,1,1,1,Ismailia,Central,El Afrang,1st,No,under_construction,1407415.01
101.7,4.0,4,0,0,1,1,Alexandria,East,Sidi Bishr,2nd,Yes,completed,2863377.37
129.8,2.0,2,0,1,1,1,Tanta,Central,Saeed,1st,Yes,under_construction,1412700.55
104.0,3.0,2,0,1,1,1,Alexandria,East,Sidi Gaber,1st,No,under_construction,2044317.83
184.8,1.0,1,0,0,1,1,Giza,West Giza,Haram,2nd,Semi,under_construction,3427123.2
99.1,4.0,3,0,1,0,1,Cairo,New Cairo,Nasr City,1st,Yes,under_construction,2389353.62
95.9,2.0,1,0,1,1,1,Aswan,Central,El Sad El Ali,2nd,Yes,completed,1792304.84
97.7,2.0,2,0,0,1,1,Giza,New Giza,New Giza,2nd,No,completed,5152687.91
118.6,4.0,4,0,1,0,1,Giza,West Giza,Dokki,2nd,Semi,completed,3597433.04
127.7,,1,1,1,0,1,Cairo,Old Cairo,Maadi,3rd,No,under_construction,3421573.02
114.3,2.0,2,0,1,0,1,Tanta,Central,Saeed,1st,No,completed,1731087.09
131.3,5.0,5,0,1,1,1,Aswan,Central,El Sad El Ali,1st,Yes,under_construction,2120297.1
113.7,2.0,1,0,1,1,1,Alexandria,West,Borg El Arab,1st,Yes,under_construction,1910966.34
110.6,4.0,4,0,0,1,1,Cairo,Old Cairo,Downtown,1st,No,completed,3746177.24
105.0,2.0,2,0,1,0,0,Mansoura,Central,El Mashaya,1st,No,completed,1919082.7
94.0,2.0,1,0,1,1,1,Tanta,Central,Saeed,1st,Semi,completed,1447639.13
153.5,3.0,2,0,1,1,1,Port Said,West,El Zohour,1st,Semi,completed,3014927.25
195.8,3.0,2,0,1,1,1,Alexandria,East,Smouha,2nd,No,under_construction,3923540.2
111.8,2.0,1,0,1,0,1,Mansoura,Central,El Mashaya,2nd,Yes,completed,2261092.27
90.5,3.0,2,0,0,1,1,Alexandria,East,Sidi Gaber,2nd,No,completed,2015386.6
80.6,3.0,2,0,1,0,1,Cairo,Old Cairo,Zamalek,2nd,No,under_construction,4205744.0
120.0,3.0,3,0,1,1,1,Cairo,Old Cairo,Downtown,2nd,No,completed,3829300.9
92.3,3.0,2,0,1,1,1,Alexandria,East,Sidi Bishr,1st,No,completed,1983837.29
207.1,2.0,2,0,1,1,1,Tanta,Central,Saeed,1st,No,under_construction,2190350.7
70.0,4.0,3,0,1,1,1,Port Said,West,El Zohour,2nd,No,completed,1468785.74
140.2,2.0,1,0,1,1,1,Alexandria,East,Sidi Gaber,1st,No,under_construction,2926385.29
58.5,3.0,3,0,0,1,1,Mansoura,Central,El Mashaya,2nd,Semi,under_construction,944027.65
84.8,2.0,1,0,1,0,1,Mansoura,Central,El Mashaya,2nd,Yes,completed,1447026.24
118.5,1.0,1,0,1,1,1,Alexandria,East,Sidi Bishr,2nd,No,completed,2962643.26
128.6,1.0,1,0,1,1,1,Cairo,Old Cairo,Downtown,1st,No,completed,3769912.54
131.9,4.0,3,0,0,1,1,Alexandria,East,Sidi Bishr,2nd,Semi,completed,3481519.74
92.6,3.0,2,0,1,0,1,Alexandria,West,Borg El Arab,2nd,Yes,completed,1892918.57
124.7,3.0,3,0,0,0,1,Giza,New Giza,New Giza,1st,Yes,completed,9364924.43
135.6,2.0,1,0,1,1,1,Luxor,East Bank,El Karnak,1st,Yes,completed,1791648.62
189.3,1.0,1,0,1,1,1,Giza,New Giza,New Giza,1st,Semi,completed,10882039.45
110.5,2.0,1,0,1,1,1,Giza,New Giza,New Giza,1st,Yes,under_construction,6029477.07
119.4,,1,1,1,1,1,Luxor,West Bank,El Gezira,1st,No,completed,1625415.09
195.9,2.0,1,0,1,1,1,Cairo,Old Cairo,Downtown,2nd,Semi,completed,5981916.81
194.9,3.0,3,0,1,1,1,Alexandria,West,Agami,1st,No,completed,3958097.19
109.2,3.0,3,0,1,1,1,Port Said,West,El Zohour,2nd,Semi,completed,2470829.92
140.4,2.0,1,0,1,1,1,Alexandria,West,Borg El Arab,1st,No,completed,2785319.47
289.5,2.0,1,0,1,1,1,Suez,North,El Arbaien,2nd,Semi,under_construction,4027355.91
79.1,2.0,1,0,1,1,1,Suez,North,El Arbaien,2nd,No,completed,1167355.08
217.2,1.0,1,0,1,1,1,Ismailia,Central,El Afrang,1st,Yes,completed,3500586.18
157.6,5.0,4,0,1,0,0,Giza,West Giza,Sheikh Zayed,2nd,No,completed,8270250.13
448.1,3.0,2,0,1,1,1,Alexandria,West,Borg El Arab,1st,Semi,under_construction,5145854.47
95.6,3.0,3,0,1,1,1,Mansoura,Central,El Mashaya,2nd,No,completed,1752151.17
98.5,3.0,2,0,1,1,1,Ismailia,Central,El Sheikh Zayed,1st,No,completed,1600075.15
161.6,4.0,3,0,1,1,1,Cairo,Old Cairo,Zamalek,2nd,No,completed,11130484.5
79.0,3.0,3,0,1,1,1,Suez,South,El Suez District,2nd,Yes,completed,1366176.24
191.7,4.0,3,0,1,1,1,Luxor,East Bank,El Awameya,1st,No,under_construction,1804699.99
140.4,3.0,3,0,1,0,1,Cairo,New Cairo,First Settlement,1st,Yes,under_construction,5133081.87
66.4,2.0,2,0,1,1,1,Alexandria,East,Sidi Gaber,2nd,Semi,off_plan,1134429.5
85.9,1.0,1,0,1,1,1,Giza,New Giza,New Giza,1st,No,under_construction,3998148.9
76.0,2.0,1,0,1,1,1,Giza,New Giza,New Giza,2nd,No,completed,4964554.1
154.3,2.0,1,0,1,1,1,Suez,South,El Suez District,2nd,Yes,completed,2642537.88
65.1,2.0,1,0,1,1,0,Alexandria,East,Sidi Bishr,2nd,No,off_plan,1036900.27
226.0,,2,1,1,1,1,Port Said,West,El Zohour,2nd,Semi,completed,4670242.03
73.6,3.0,3,0,1,1,1,Giza,West Giza,6th of October,3rd,No,under_construction,2030270.74
155.7,3.0,2,0,1,1,1,Giza,New Giza,New Giza,1st,No,under_construction,6799936.48
203.8,3.0,2,0,1,0,1,Alexandria,West,Borg El Arab,2nd,Yes,under_construction,3265256.82
281.0,3.0,3,0,1,0,1,Tanta,Central,El Geish,1st,No,completed,4760519.1
192.8,3.0,2,0,1,1,1,Cairo,Old Cairo,Zamalek,1st,No,off_plan,8369732.17
156.6,3.0,3,0,1,0,0,Luxor,East Bank,El Awameya,1st,No,under_construction,1660705.15
90.2,3.0,2,0,0,1,1,Cairo,New Cairo,Fifth Settlement,3rd,No,under_construction,3715648.01
111.8,1.0,1,0,1,1,1,Giza,New Giza,New Giza,2nd,Yes,under_construction,6364611.15
82.0,3.0,3,0,1,0,1,Port Said,East,El Shark,1st,No,completed,1457675.25
85.6,3.0,2,0,1,1,1,Cairo,Old Cairo,Downtown,1st,Yes,completed,2594654.91
72.3,3.0,3,0,0,1,1,Giza,New Giza,New Giza,2nd,No,completed,4131827.85
193.6,3.0,3,0,1,1,1,Giza,West Giza,Sheikh Zayed,1st,No,completed,9511091.98
109.1,2.0,1,0,0,0,1,Ismailia,Central,El Sheikh Zayed,1st,Semi,completed,1847365.87
114.8,4.0,3,0,1,1,1,Port Said,East,El Shark,2nd,No,completed,2029898.44
131.6,2.0,1,0,1,1,0,Cairo,New Cairo,Heliopolis,2nd,Yes,completed,4691563.38
127.4,3.0,3,0,1,1,1,Giza,West Giza,6th of October,1st,No,under_construction,3423136.77
113.5,3.0,3,0,1,1,1,Cairo,New Cairo,Nasr City,3rd,No,completed,2820055.88
52.3,2.0,1,0,1,1,1,Mansoura,Central,Toriel,1st,No,completed,717448.19
129.2,2.0,2,0,1,1,1,Luxor,East Bank,El Karnak,1st,No,completed,1655667.1
89.0,3.0,3,0,1,0,1,Aswan,Central,El Shallal,1st,No,completed,1254466.56
105.4,2.0,1,0,1,1,1,Cairo,Old Cairo,Maadi,2nd,Semi,completed,4533520.61
134.9,2.0,2,0,1,1,1,Cairo,Old Cairo,Zamalek,1st,No,under_construction,6387680.62
108.3,3.0,2,0,1,1,1,Alexandria,West,Borg El Arab,1st,Yes,under_construction,1627013.03
152.8,3.0,2,0,1,1,1,Mansoura,Central,El Mashaya,2nd,No,completed,2826712.62
73.5,4.0,3,0,1,1,1,Giza,New Giza,New Giza,1st,Semi,completed,4081065.2
264.5,4.0,4,0,1,1,1,Port Said,West,El Zohour,2nd,No,completed,5013936.66
155.7,,2,1,1,1,1,Cairo,New Cairo,Madinaty,4th,Yes,completed,8644549.17
92.1,2.0,2,0,1,0,1,Cairo,New Cairo,First Settlement,1st,No,completed,3917857.22
88.7,3.0,2,0,1,0,1,Port Said,West,El Zohour,2nd,No,off_plan,1372242.8
100.9,1.0,1,0,1,0,1,Cairo,New Cairo,Heliopolis,2nd,Yes,completed,3256452.59
159.4,4.0,3,0,1,1,1,Giza,West Giza,6th of October,3rd,No,completed,5443466.18
98.1,,2,1,1,1,0,Luxor,East Bank,El Karnak,1st,No,completed,1250007.17
59.4,3.0,2,0,1,0,1,Luxor,West Bank,El Gezira,1st,No,completed,903311.49
117.3,1.0,1,0,1,0,1,Port Said,West,El Zohour,2nd,Yes,completed,2577262.23
72.5,2.0,2,0,1,1,1,Cairo,Old Cairo,Zamalek,2nd,Semi,completed,4501833.04
73.1,1.0,1,0,1,1,1,Mansoura,Central,El Mashaya,1st,Yes,completed,1597460.22
137.6,5.0,4,0,1,1,1,Cairo,Old Cairo,Maadi,1st,No,completed,4682261.62
113.5,4.0,4,0,1,1,1,Mansoura,Central,El Mashaya,2nd,Yes,completed,2359024.11
201.9,2.0,2,0,1,1,1,Suez,South,El Suez District,1st,Semi,completed,3095071.1
93.0,4.0,4,0,1,1,1,Cairo,New Cairo,Madinaty,3rd,No,under_construction,3328274.19
198.3,,4,1,1,1,1,Cairo,New Cairo,Heliopolis,2nd,No,completed,6867521.78
109.7,,2,1,1,1,1,Alexandria,East,Smouha,1st,No,under_construction,2662010.99
88.0,3.0,2,0,1,1,1,Alexandria,West,Borg El Arab,1st,No,completed,1644615.35
54.0,4.0,4,0,0,1,1,Port Said,West,El Zohour,1st,No,off_plan,932716.29
136.9,2.0,2,0,1,1,1,Port Said,West,El Zohour,1st,Yes,under_construction,2263053.17
147.2,3.0,3,0,1,1,1,Giza,West Giza,Dokki,2nd,No,under_construction,3654392.94
109.6,3.0,2,0,1,1,1,Port Said,West,El Zohour,2nd,Yes,completed,2129173.48
104.8,3.0,2,0,1,1,1,Tanta,Central,El Geish,2nd,Yes,completed,1919945.54
143.0,2.0,2,0,1,1,1,Giza,West Giza,6th of October,3rd,Yes,completed,5209377.06
177.4,2.0,1,0,1,0,1,Tanta,Central,Saeed,1st,No,completed,2319778.75
96.3,2.0,1,0,1,1,1,Giza,New Giza,New Giza,1st,Semi,completed,5352385.12
80.1,3.0,2,0,1,1,1,Giza,New Giza,New Giza,2nd,Yes,completed,5423840.23
251.2,3.0,3,0,1,0,1,Giza,West Giza,6th of October,3rd,Semi,completed,8238933.73
148.7,2.0,2,0,1,1,1,Aswan,Central,El Sad El Ali,1st,No,under_construction,1760317.55
83.4,2.0,2,0,1,0,1,Aswan,Central,El Shallal,1st,No,completed,1094939.09
89.7,3.0,3,0,1,0,1,Mansoura,Central,El Mashaya,2nd,Yes,completed,1767992.88
77.9,3.0,3,0,1,1,1,Cairo,New Cairo,Heliopolis,2nd,No,under_construction,2438689.7
323.7,4.0,4,0,1,1,0,Giza,West Giza,6th of October,2nd,No,under_construction,7261095.47
72.3,3.0,2,0,1,0,1,Suez,South,El Suez District,1st,No,completed,1021923.56
112.4,1.0,1,0,1,1,1,Mansoura,Central,El Mashaya,1st,Semi,under_construction,1566481.09
107.8,3.0,3,0,1,1,1,Giza,West Giza,Dokki,1st,No,completed,3451180.93
97.4,4.0,4,0,1,0,1,Alexandria,West,Borg El Arab,2nd,Semi,completed,1709457.84
117.9,3.0,2,0,0,0,1,Mansoura,Central,El Mashaya,1st,Semi,completed,2206960.24
99.2,1.0,1,0,1,1,1,Cairo,Old Cairo,Downtown,2nd,Yes,under_construction,3181390.18
120.7,2.0,2,0,1,1,1,Giza,West Giza,6th of October,1st,No,under_construction,3080014.25
118.3,4.0,3,0,1,1,1,Cairo,Old Cairo,Maadi,3rd,No,off_plan,3847484.53
91.8,3.0,2,0,1,0,1,Giza,West Giza,Haram,1st,Semi,completed,1939488.3
147.8,3.0,3,0,1,0,1,Mansoura,Central,El Mashaya,1st,Yes,off_plan,2076010.29
155.8,2.0,2,0,1,1,1,Cairo,Old Cairo,Zamalek,2nd,No,completed,10774701.68
145.3,,1,1,0,0,1,Alexandria,West,Borg El Arab,1st,Semi,completed,2540239.5
159.3,4.0,3,0,1,1,1,Port Said,West,El Zohour,1st,Semi,completed,3575086.35
119.4,2.0,1,0,1,0,1,Giza,New Giza,New Giza,1st,No,completed,7055136.37
120.9,4.0,4,0,1,1,1,Cairo,Old Cairo,Maadi,3rd,Yes,completed,4992523.3
142.8,3.0,2,0,1,1,1,Alexandria,West,Borg El Arab,2nd,Yes,completed,2334642.76
163.4,4.0,4,0,1,1,1,Giza,New Giza,New Giza,2nd,Semi,completed,9001755.86
100.6,3.0,2,0,1,1,1,Cairo,New Cairo,Heliopolis,1st,No,off_plan,3112063.45
112.7,2.0,1,0,0,1,1,Cairo,New Cairo,Nasr City,1st,No,under_construction,2625421.25
258.7,3.0,3,0,1,1,0,Suez,South,El Suez District,1st,Semi,completed,3629591.5
121.7,4.0,3,0,1,0,1,Alexandria,East,Sidi Gaber,1st,No,completed,3062140.79
130.0,1.0,1,0,1,0,1,Alexandria,West,Agami,1st,Yes,completed,2991823.23
174.7,2.0,2,0,1,1,1,Giza,New Giza,New Giza,2nd,Yes,completed,10895347.39
81.8,3.0,2,0,1,1,1,Cairo,Old Cairo,Zamalek,2nd,Yes,completed,5654054.26
195.6,1.0,1,0,1,0,1,Cairo,New Cairo,Nasr City,1st,No,under_construction,5034581.18
213.8,2.0,1,0,1,0,1,Luxor,West Bank,El Gezira,1st,Yes,under_construction,2343098.65
158.3,4.0,4,0,1,1,1,Giza,New Giza,New Giza,2nd,Semi,under_construction,7045052.46
98.2,3.0,3,0,1,0,1,Tanta,Central,Saeed,1st,No,completed,984566.2
117.9,3.0,2,0,1,1,1,Alexandria,West,Agami,1st,Yes,completed,2600070.78
158.0,1.0,1,0,1,1,1,Ismailia,Central,El Afrang,1st,No,completed,2225399.07
93.1,3.0,3,0,1,1,1,Cairo,New Cairo,Rehab,3rd,Yes,under_construction,3325859.16
161.6,,5,1,1,1,1,Port Said,East,El Manakh,1st,No,completed,2305987.85
154.2,3.0,2,0,1,1,1,Aswan,Central,El Sad El Ali,1st,No,under_construction,1806522.72
117.8,3.0,3,0,1,0,1,Cairo,Old Cairo,Maadi,2nd,No,off_plan,3480009.98
110.7,,3,1,1,1,1,Giza,West Giza,Sheikh Zayed,3rd,No,completed,5305495.67
105.6,2.0,2,0,1,1,1,Luxor,East Bank,El Karnak,1st,Yes,completed,1362602.88
98.8,2.0,2,0,1,1,1,Cairo,New Cairo,Fifth Settlement,1st,No,off_plan,3889811.23
104.3,4.0,3,0,1,1,1,Cairo,New Cairo,Heliopolis,1st,No,completed,3709875.78
228.6,5.0,4,0,1,0,1,Suez,South,El Suez District,1st,No,completed,3227252.53
184.9,5.0,4,0,0,0,1,Giza,West Giza,Mohandessin,1st,Yes,completed,7742115.51
176.6,3.0,3,0,1,1,1,Giza,West Giza,Dokki,1st,No,under_construction,4778177.21
94.6,3.0,2,0,1,1,1,Suez,South,El Suez District,1st,No,completed,1470268.96
61.0,4.0,3,0,1,1,1,Cairo,New Cairo,Rehab,1st,No,completed,2878384.5
117.5,3.0,3,0,1,1,1,Cairo,Old Cairo,Zamalek,1st,No,completed,8794283.63
80.4,3.0,3,0,0,0,1,Giza,New Giza,New Giza,2nd,Semi,under_construction,3630168.97
119.6,3.0,3,0,1,0,1,Tanta,Central,El Geish,2nd,Yes,completed,2150802.96
91.7,4.0,3,0,1,1,1,Luxor,East Bank,El Karnak,1st,Yes,off_plan,1004489.54
208.8,3.0,2,0,1,1,1,Tanta,Central,El Geish,2nd,Semi,completed,3246857.09
93.0,2.0,2,0,1,0,1,Cairo,Old Cairo,Zamalek,2nd,No,off_plan,3990116.5
155.1,2.0,2,0,1,0,1,Cairo,Old Cairo,Downtown,1st,Yes,completed,5023715.75
108.4,2.0,1,0,1,0,1,Giza,West Giza,Haram,3rd,Semi,completed,2524490.75
71.4,3.0,2,0,0,0,1,Giza,New Giza,New Giza,1st,No,completed,4434225.21
56.7,2.0,2,0,1,1,1,Alexandria,East,Smouha,2nd,Yes,completed,1686972.7
169.1,3.0,3,0,1,1,0,Cairo,Old Cairo,Downtown,2nd,Yes,completed,6908827.01
119.8,4.0,3,0,1,1,1,Cairo,Old Cairo,Zamalek,1st,No,under_construction,5227967.21
149.3,3.0,2,0,1,0,1,Tanta,Central,Saeed,1st,No,off_plan,1389867.58
103.6,3.0,3,0,1,0,1,Cairo,Old Cairo,Maadi,1st,Semi,completed,4065232.68
182.6,3.0,2,0,0,0,1,Aswan,Central,El Sad El Ali,1st,Semi,completed,2758600.11
116.9,2.0,1,0,1,0,1,Port Said,West,El Zohour,1st,Yes,completed,2835843.9
68.0,1.0,1,0,1,1,1,Cairo,New Cairo,Rehab,2nd,Semi,under_construction,2368060.01
127.3,3.0,3,0,1,1,1,Alexandria,East,Sidi Bishr,1st,Yes,under_construction,2714132.75
130.7,2.0,2,0,1,0,1,Alexandria,East,Sidi Bishr,2nd,No,completed,2889582.79
219.1,2.0,2,0,1,1,1,Alexandria,West,Borg El Arab,2nd,Semi,under_construction,3038377.13
110.9,3.0,3,0,1,1,1,Alexandria,West,Agami,1st,Yes,completed,2636125.42
92.7,1.0,1,0,1,1,1,Alexandria,West,Borg El Arab,2nd,No,completed,1217713.5
136.8,3.0,2,0,1,1,1,Cairo,New Cairo,Madinaty,3rd,No,completed,6033903.48
135.3,2.0,1,0,1,1,1,Cairo,Old Cairo,Maadi,2nd,Semi,completed,5213098.45
63.1,3.0,3,0,1,1,1,Giza,New Giza,New Giza,2nd,No,completed,3882822.26
64.2,2.0,2,0,1,1,1,Alexandria,East,Sidi Gaber,1st,No,completed,1553124.01
108.0,1.0,1,0,0,1,1,Tanta,Central,El Geish,2nd,No,completed,1619056.22
109.1,,2,1,1,0,1,Cairo,New Cairo,Madinaty,3rd,No,completed,5587313.38
95.5,3.0,3,0,1,0,1,Giza,West Giza,Sheikh Zayed,3rd,No,under_construction,3763121.01
181.5,4.0,3,0,1,1,1,Giza,West Giza,Dokki,2nd,No,completed,5332452.59
153.6,2.0,2,0,0,1,1,Suez,South,El Suez District,1st,No,off_plan,1513314.91
132.6,3.0,3,0,1,1,1,Alexandria,East,Smouha,3rd,No,completed,3100127.96
81.8,3.0,3,0,1,1,1,Ismailia,Central,El Sheikh Zayed,2nd,Yes,completed,1727945.14
115.6,3.0,3,0,1,1,0,Giza,New Giza,New Giza,1st,No,completed,5756037.67
94.1,4.0,4,0,1,0,1,Luxor,East Bank,El Awameya,1st,No,completed,1134606.61
136.7,4.0,4,0,1,1,0,Tanta,Central,El Geish,2nd,Yes,off_plan,1581428.58
130.4,5.0,5,0,0,1,1,Cairo,Old Cairo,Downtown,2nd,No,off_plan,3341793.5
178.0,4.0,4,0,1,1,1,Alexandria,West,Agami,1st,Semi,completed,3922729.01
109.5,3.0,3,0,1,1,1,Ismailia,Central,El Sheikh Zayed,2nd,No,off_plan,1543148.71
141.7,3.0,2,0,1,1,0,Giza,West Giza,Haram,2nd,Yes,under_construction,2559290.39
94.9,2.0,1,0,1,1,1,Giza,West Giza,Dokki,1st,Yes,under_construction,2398897.93
103.0,4.0,3,0,0,0,1,Alexandria,West,Borg El Arab,1st,No,completed,1802054.91
160.8,2.0,1,0,1,0,1,Tanta,Central,Saeed,1st,No,completed,2247456.59
84.7,1.0,1,0,0,1,1,Giza,West Giza,Haram,3rd,No,completed,1533175.91
213.0,4.0,3,0,1,1,1,Giza,West Giza,6th of October,2nd,No,completed,6967648.87
86.9,3.0,3,0,1,1,1,Giza,New Giza,New Giza,1st,Semi,under_construction,4601999.03
193.6,,1,1,1,0,1,Luxor,East Bank,El Karnak,2nd,Semi,completed,2839654.74
109.4,4.0,3,0,1,1,1,Suez,South,El Suez District,2nd,No,under_construction,1295474.6
107.3,1.0,1,0,1,1,1,Mansoura,Central,Toriel,1st,No,under_construction,1254185.37
161.5,3.0,3,0,1,1,1,Port Said,West,El Zohour,1st,Semi,off_plan,2185957.02
129.4,4.0,4,0,1,0,1,Cairo,New Cairo,Heliopolis,2nd,No,under_construction,3444459.11
139.5,2.0,2,0,1,1,1,Alexandria,West,Borg El Arab,1st,No,completed,1968910.67
90.4,2.0,2,0,1,1,1,Alexandria,East,Sidi Bishr,2nd,No,completed,2179666.17
167.4,5.0,4,0,1,1,1,Alexandria,East,Sidi Bishr,1st,No,completed,4075064.27
76.0,4.0,3,0,1,1,1,Giza,New Giza,New Giza,1st,Yes,completed,4790944.46
151.1,4.0,4,0,1,1,1,Cairo,New Cairo,First Settlement,1st,No,completed,6495476.66
72.4,3.0,2,0,1,0,1,Tanta,Central,El Geish,1st,No,completed,1381701.83
104.2,2.0,1,0,1,1,1,Tanta,Central,El Geish,1st,No,completed,1510765.01
77.8,2.0,1,0,1,0,1,Giza,West Giza,Haram,2nd,No,under_construction,1312117.92
193.4,1.0,1,0,1,1,1,Cairo,New Cairo,Heliopolis,1st,Yes,under_construction,6614614.5
57.4,3.0,3,0,1,1,1,Luxor,West Bank,El Gezira,1st,Yes,completed,753413.61
56.5,3.0,2,0,1,1,1,Cairo,Old Cairo,Maadi,2nd,No,completed,2336891.65
124.9,5.0,4,0,1,1,1,Mansoura,Central,El Mashaya,2nd,No,under_construction,1809256.27
156.6,2.0,1,0,1,1,1,Giza,West Giza,6th of October,3rd,No,completed,4510352.47
136.8,2.0,1,0,1,0,1,Giza,West Giza,Mohandessin,1st,Yes,completed,5006368.16
95.7,3.0,3,0,1,1,1,Alexandria,West,Agami,1st,No,completed,1878753.28
216.3,2.0,1,0,1,1,1,Tanta,Central,Saeed,1st,Yes,under_construction,2583977.67
70.2,2.0,2,0,1,1,1,Alexandria,West,Agami,2nd,No,completed,1493706.32
110.1,3.0,2,0,1,1,1,Giza,West Giza,6th of October,2nd,No,completed,3357846.26
128.6,3.0,2,0,1,1,1,Port Said,East,El Manakh,2nd,No,completed,2205233.76
108.1,2.0,2,0,0,1,1,Suez,South,El Suez District,2nd,No,completed,1701275.89
66.5,3.0,2,0,1,1,1,Giza,West Giza,Mohandessin,2nd,Yes,under_construction,2317604.0
88.9,4.0,4,0,1,1,1,Tanta,Central,Saeed,1st,No,under_construction,1215705.06
162.4,1.0,1,0,1,1,1,Luxor,West Bank,El Gezira,1st,No,completed,2128273.08
220.9,4.0,3,0,0,1,1,Giza,New Giza,New Giza,2nd,No,completed,11528811.41
110.8,3.0,2,0,0,0,1,Cairo,New Cairo,Fifth Settlement,3rd,Yes,completed,6135207.3
86.3,,2,1,1,1,1,Luxor,West Bank,El Gezira,1st,No,under_construction,955144.04
169.4,3.0,2,0,1,1,1,Mansoura,Central,El Mashaya,2nd,No,under_construction,2546960.13
178.3,2.0,1,0,1,0,1,Giza,New Giza,New Giza,1st,No,completed,8381351.51
110.4,1.0,1,0,1,0,1,Cairo,Old Cairo,Zamalek,2nd,No,under_construction,5305006.97
116.4,4.0,3,0,1,1,1,Giza,West Giza,Dokki,2nd,Yes,completed,3776916.69
88.2,2.0,1,0,0,1,1,Cairo,Old Cairo,Zamalek,1st,No,completed,6036034.28
147.7,2.0,1,0,1,0,1,Tanta,Central,Saeed,1st,No,completed,2214374.99
68.9,2.0,2,0,1,1,1,Suez,North,Faisal,1st,No,completed,876072.78
271.2,2.0,1,0,0,0,1,Ismailia,Central,El Sheikh Zayed,2nd,Semi,under_construction,3997576.78
97.4,1.0,1,0,1,1,1,Port Said,East,El Shark,1st,No,under_construction,1540947.43
142.3,2.0,1,0,1,0,1,Luxor,East Bank,El Karnak,2nd,No,off_plan,1286931.43
104.2,1.0,1,0,0,1,1,Port Said,East,El Shark,2nd,No,completed,1951675.11
85.3,3.0,2,0,1,1,1,Cairo,Old Cairo,Downtown,1st,Semi,completed,2855928.25
163.9,4.0,4,0,1,1,1,Giza,New Giza,New Giza,1st,No,completed,10249929.74
70.0,4.0,3,0,1,1,1,Cairo,Old Cairo,Maadi,3rd,Yes,under_construction,2406484.81
110.7,2.0,1,0,1,1,1,Suez,North,Faisal,1st,No,completed,1445157.77
87.4,3.0,2,0,1,1,1,Alexandria,West,Agami,2nd,Semi,completed,1952439.21
96.4,3.0,2,0,1,0,1,Cairo,New Cairo,Fifth Settlement,2nd,No,off_plan,3674337.03
206.8,2.0,1,0,0,0,1,Luxor,West Bank,El Gezira,1st,Yes,under_construction,2592141.92
127.3,3.0,2,0,1,1,1,Mansoura,Central,El Mashaya,2nd,Semi,under_construction,1890546.65
84.3,2.0,1,0,1,1,1,Giza,West Giza,6th of October,3rd,Semi,completed,2389738.3
132.3,5.0,5,0,0,0,1,Giza,New Giza,New Giza,1st,No,completed,8269986.9
200.2,3.0,2,0,1,0,1,Cairo,New Cairo,Nasr City,2nd,Yes,under_construction,5213529.46
207.4,4.0,3,0,1,1,0,Cairo,Old Cairo,Zamalek,2nd,Semi,off_plan,8885691.13
242.6,2.0,1,0,1,0,1,Alexandria,East,Sidi Gaber,2nd,No,completed,6284041.24
94.3,2.0,1,0,0,1,1,Giza,West Giza,Haram,3rd,No,completed,1947581.11
145.8,4.0,4,0,1,1,1,Giza,New Giza,New Giza,2nd,No,off_plan,5881752.38
171.0,2.0,1,0,1,1,1,Cairo,New Cairo,First Settlement,1st,Yes,off_plan,5251192.79
227.8,4.0,3,0,1,0,1,Cairo,Old Cairo,Downtown,1st,Semi,completed,9612208.6
104.1,2.0,1,0,1,0,0,Cairo,New Cairo,Madinaty,4th,No,completed,4661867.81
175.5,5.0,5,0,1,0,1,Ismailia,Central,El Sheikh Zayed,1st,No,completed,3037214.24
120.9,2.0,2,0,0,1,1,Cairo,New Cairo,First Settlement,1st,No,under_construction,3462098.03
272.9,2.0,1,0,1,1,1,Aswan,Central,El Shallal,1st,No,completed,3511019.42
96.2,,2,1,1,0,1,Cairo,Old Cairo,Maadi,2nd,No,off_plan,2626181.08
65.7,2.0,1,0,0,1,1,Giza,West Giza,Mohandessin,2nd,No,completed,2401282.69
105.5,,3,1,1,1,1,Ismailia,Central,El Afrang,1st,No,completed,1552119.02
176.2,3.0,3,0,1,1,1,Cairo,Old Cairo,Maadi,3rd,No,off_plan,4926948.51
110.0,2.0,1,0,1,1,0,Aswan,Central,El Sad El Ali,1st,Semi,completed,1423410.84
142.2,2.0,1,0,1,0,1,Mansoura,Central,Toriel,1st,No,off_plan,1607148.47
148.6,3.0,2,0,1,1,0,Cairo,Old Cairo,Downtown,1st,Semi,completed,4900505.97
97.5,2.0,1,0,1,1,1,Aswan,Central,El Shallal,1st,No,completed,1302988.97
171.2,2.0,1,0,1,1,1,Tanta,Central,Saeed,1st,No,completed,2238318.48
158.3,4.0,3,0,1,0,1,Giza,New Giza,New Giza,2nd,No,completed,8804966.74
100.8,3.0,2,0,0,1,1,Mansoura,Central,El Mashaya,2nd,Yes,completed,1847144.31
90.4,3.0,2,0,1,0,1,Alexandria,East,Sidi Gaber,1st,No,completed,2046697.23
226.3,4.0,3,0,1,1,1,Giza,West Giza,Dokki,2nd,Semi,completed,5822914.92
102.1,2.0,2,0,1,0,1,Mansoura,Central,Toriel,1st,No,completed,1589718.45
142.4,4.0,3,0,1,1,1,Suez,South,El Suez District,1st,No,under_construction,1562917.67
98.8,4.0,3,0,1,0,1,Port Said,East,El Shark,1st,No,completed,1829553.44
97.2,2.0,2,0,1,1,1,Cairo,New Cairo,Rehab,1st,No,under_construction,3171597.38
199.8,1.0,1,0,1,1,1,Alexandria,West,Borg El Arab,2nd,Yes,completed,3101361.63
90.7,2.0,2,0,1,1,1,Aswan,Central,El Shallal,1st,No,completed,1301958.86
133.1,4.0,3,0,1,1,1,Cairo,Old Cairo,Zamalek,2nd,No,under_construction,7607126.71
280.5,2.0,2,0,0,0,1,Aswan,Central,El Shallal,1st,No,off_plan,2610494.78
103.4,3.0,3,0,1,1,1,Alexandria,East,Sidi Gaber,1st,Yes,completed,3123433.59
105.9,1.0,1,0,1,0,1,Giza,West Giza,Dokki,1st,Semi,completed,3362534.0
89.1,,3,1,1,0,1,Cairo,Old Cairo,Maadi,1st,Semi,off_plan,2340183.99
81.8,3.0,3,0,0,0,1,Giza,New Giza,New Giza,2nd,Yes,completed,5493295.44
141.6,2.0,2,0,1,1,1,Cairo,New Cairo,First Settlement,3rd,No,under_construction,4353427.05
133.5,,3,1,1,1,1,Suez,North,El Arbaien,2nd,Semi,completed,2126969.83
127.0,5.0,4,0,1,1,1,Ismailia,Central,El Afrang,1st,No,completed,1946645.33
140.9,2.0,1,0,1,1,1,Suez,North,Faisal,1st,Yes,off_plan,1565403.0
123.2,3.0,2,0,1,1,1,Cairo,Old Cairo,Downtown,1st,Yes,completed,5150318.48
145.9,2.0,1,0,1,1,1,Cairo,Old Cairo,Zamalek,2nd,No,under_construction,6853692.67
88.1,4.0,3,0,1,0,1,Giza,West Giza,Sheikh Zayed,3rd,Yes,completed,4591322.35
181.4,1.0,1,0,1,1,1,Luxor,East Bank,El Karnak,1st,No,completed,2373672.45
155.0,4.0,3,0,1,1,1,Cairo,New Cairo,First Settlement,2nd,No,completed,6466718.95
124.9,4.0,3,0,0,1,0,Tanta,Central,El Geish,1st,No,completed,1707055.39
146.1,3.0,3,0,1,0,1,Alexandria,West,Agami,1st,Yes,under_construction,2741433.87
117.2,3.0,2,0,1,1,1,Suez,North,El Arbaien,1st,No,completed,1944019.8
165.3,3.0,3,0,1,1,1,Giza,West Giza,Dokki,1st,Semi,off_plan,3630297.44
148.7,,1,1,1,0,1,Cairo,Old Cairo,Downtown,2nd,Semi,completed,4721663.22
75.5,2.0,1,0,1,0,1,Cairo,New Cairo,Rehab,2nd,Yes,under_construction,2972202.08
99.9,3.0,2,0,1,1,1,Aswan,Central,El Sad El Ali,2nd,Yes,completed,1799702.29
119.6,2.0,2,0,0,0,1,Luxor,West Bank,El Gezira,1st,Yes,under_construction,1633371.75
147.5,3.0,2,0,1,1,1,Cairo,Old Cairo,Maadi,3rd,No,completed,5791698.65
152.9,4.0,3,0,1,1,1,Tanta,Central,Saeed,1st,No,completed,2239575.8
129.2,3.0,2,0,1,1,1,Ismailia,Central,El Sheikh Zayed,1st,Semi,completed,2141763.72
66.5,2.0,1,0,1,1,1,Cairo,New Cairo,Nasr City,2nd,No,under_construction,1625608.19
97.3,1.0,1,0,1,1,1,Ismailia,Central,El Afrang,1st,No,completed,1465701.19
130.7,4.0,4,0,1,1,1,Alexandria,East,Sidi Gaber,2nd,No,completed,3641734.19
191.8,3.0,2,0,0,0,1,Cairo,New Cairo,Madinaty,1st,Yes,completed,8348678.87
72.9,2.0,2,0,0,1,1,Giza,New Giza,New Giza,2nd,Yes,completed,4988197.27
160.2,2.0,2,0,1,1,1,Cairo,Old Cairo,Maadi,1st,Semi,under_construction,5038682.28
92.2,2.0,2,0,1,0,1,Giza,West Giza,6th of October,1st,No,under_construction,2207110.85
119.3,2.0,1,0,1,1,1,Aswan,Central,El Sad El Ali,2nd,Yes,completed,1948731.07
61.3,1.0,1,0,1,0,1,Cairo,New Cairo,Madinaty,1st,No,completed,2864245.82
71.4,3.0,2,0,1,1,1,Ismailia,Central,El Sheikh Zayed,2nd,No,off_plan,881175.54
114.9,5.0,4,0,1,1,1,Cairo,Old Cairo,Downtown,2nd,Semi,under_construction,3381428.61
114.2,1.0,1,0,1,0,1,Alexandria,East,Smouha,2nd,Semi,completed,2920725.64
94.2,2.0,1,0,1,0,1,Luxor,West Bank,El Gezira,1st,No,completed,1365334.34
159.4,2.0,1,0,1,1,1,Suez,South,El Suez District,1st,No,completed,2466472.52
133.0,3.0,3,0,1,1,1,Suez,South,El Suez District,1st,No,completed,2072224.09
130.6,3.0,3,0,1,0,1,Cairo,New Cairo,Nasr City,2nd,Yes,under_construction,3171162.13
146.2,2.0,2,0,1,0,1,Cairo,Old Cairo,Maadi,2nd,Semi,under_construction,4509809.58
107.9,4.0,3,0,1,1,1,Port Said,West,El Zohour,2nd,No,under_construction,1678844.45
73.4,2.0,1,0,1,1,1,Giza,West Giza,Mohandessin,2nd,Semi,completed,2716646.72
165.4,3.0,3,0,0,1,1,Cairo,Old Cairo,Maadi,3rd,Yes,under_construction,5982709.38
323.9,4.0,3,0,1,1,1,Giza,New Giza,New Giza,2nd,Semi,completed,17102220.73
140.0,4.0,4,0,1,1,1,Cairo,Old Cairo,Maadi,1st,No,under_construction,4301075.49
155.4,3.0,3,0,0,1,1,Cairo,New Cairo,Fifth Settlement,1st,No,completed,8195721.24
112.5,3.0,3,0,1,1,1,Mansoura,Central,El Mashaya,2nd,No,completed,1911361.03
220.8,3.0,2,0,0,1,1,Suez,North,Faisal,1st,No,completed,2682117.31
87.8,5.0,5,0,0,1,1,Giza,West Giza,Haram,3rd,No,off_plan,1280547.54
126.3,3.0,3,0,1,1,1,Giza,West Giza,6th of October,2nd,No,under_construction,3502538.6
99.2,1.0,1,0,0,0,1,Cairo,Old Cairo,Downtown,2nd,No,under_construction,2692803.56
123.4,2.0,2,0,1,1,1,Cairo,Old Cairo,Zamalek,1st,No,under_construction,6249542.34
116.6,3.0,2,0,1,1,1,Luxor,West Bank,El Gezira,1st,Yes,completed,1883777.07
82.1,3.0,3,0,1,1,1,Alexandria,West,Borg El Arab,1st,No,completed,1440577.94
60.5,3.0,2,0,1,1,1,Suez,North,Faisal,1st,Semi,completed,926928.4
196.3,3.0,2,0,1,0,1,Ismailia,Central,El Sheikh Zayed,2nd,No,completed,3345433.87
46.1,3.0,2,0,0,0,1,Giza,New Giza,New Giza,1st,No,completed,2824675.67
43.9,4.0,4,0,1,1,1,Giza,West Giza,Mohandessin,1st,Yes,completed,1963302.87
140.4,2.0,1,0,1,0,1,Alexandria,East,Smouha,1st,No,completed,3589498.09
90.1,2.0,2,0,1,0,1,Cairo,New Cairo,Madinaty,1st,Yes,completed,4151139.79
193.6,4.0,3,0,0,1,1,Cairo,New Cairo,Fifth Settlement,3rd,No,completed,10212134.19
97.2,2.0,2,0,1,1,1,Port Said,West,El Zohour,2nd,Yes,under_construction,1563644.29
207.9,2.0,1,0,0,1,1,Luxor,East Bank,El Awameya,1st,No,off_plan,1490686.74
103.0,4.0,4,0,1,1,1,Giza,New Giza,New Giza,1st,No,completed,5799914.22
107.8,5.0,5,0,1,1,1,Cairo,New Cairo,Heliopolis,1st,No,under_construction,3342848.18
151.5,2.0,1,0,1,1,1,Cairo,Old Cairo,Downtown,2nd,Semi,completed,4110755.09
120.8,1.0,1,0,1,1,1,Mansoura,Central,El Mashaya,2nd,Semi,completed,2113467.32
285.8,2.0,2,0,1,0,1,Aswan,Central,El Shallal,1st,No,completed,3521720.64
124.0,2.0,1,0,0,1,1,Cairo,Old Cairo,Zamalek,1st,No,completed,8055457.07
104.3,3.0,3,0,0,1,1,Luxor,East Bank,El Karnak,1st,Semi,completed,1378318.94
99.8,3.0,2,0,1,1,1,Giza,West Giza,Dokki,1st,No,completed,3295759.18
122.0,5.0,5,0,1,1,1,Tanta,Central,El Geish,1st,No,off_plan,1446691.58
131.6,3.0,2,0,1,1,1,Cairo,New Cairo,Heliopolis,2nd,No,completed,4745827.13
161.3,,1,1,1,1,1,Port Said,West,El Zohour,1st,No,completed,3229133.96
124.4,4.0,3,0,1,0,1,Alexandria,West,Agami,1st,Yes,under_construction,2172848.04
118.5,,3,1,1,1,1,Cairo,New Cairo,Rehab,1st,Yes,off_plan,4073764.62
129.7,3.0,2,0,0,1,1,Aswan,Central,El Sad El Ali,1st,Semi,off_plan,1484009.68
145.3,5.0,4,0,1,1,1,Luxor,West Bank,El Gezira,1st,Yes,completed,2510039.51
154.9,3.0,2,0,1,1,0,Giza,New Giza,New Giza,1st,No,under_construction,6999399.3
129.6,,2,1,1,0,1,Giza,West Giza,Mohandessin,1st,Semi,under_construction,4079774.89
184.3,2.0,2,0,1,1,1,Mansoura,Central,El Mashaya,2nd,Yes,completed,2920363.92
113.4,3.0,3,0,1,1,1,Cairo,New Cairo,First Settlement,1st,Yes,completed,5124570.64
109.1,,2,1,1,0,0,Alexandria,East,Sidi Gaber,2nd,No,under_construction,2190124.32
85.5,2.0,1,0,1,0,1,Ismailia,Central,El Afrang,1st,No,completed,1340115.08
161.0,2.0,1,0,1,0,1,Giza,New Giza,New Giza,2nd,No,completed,9885229.21
104.2,1.0,1,0,0,0,1,Port Said,East,El Manakh,2nd,Yes,off_plan,1302355.37
170.3,1.0,1,0,1,1,1,Cairo,New Cairo,Fifth Settlement,1st,Yes,under_construction,7956632.53
142.1,3.0,2,0,1,1,1,Cairo,New Cairo,Madinaty,2nd,Yes,completed,6970283.36
107.6,5.0,4,0,1,0,0,Aswan,Central,El Sad El Ali,1st,No,under_construction,1436563.15
71.9,3.0,3,0,1,0,0,Cairo,Old Cairo,Zamalek,2nd,No,completed,4903817.5
60.9,3.0,2,0,1,1,1,Cairo,New Cairo,Heliopolis,1st,No,off_plan,1402711.47
180.5,2.0,2,0,1,1,1,Suez,South,El Suez District,2nd,No,completed,2268767.21
188.8,3.0,2,0,1,1,1,Luxor,East Bank,El Karnak,2nd,No,completed,2111291.73
111.7,2.0,1,0,1,0,1,Cairo,Old Cairo,Zamalek,2nd,Semi,under_construction,5870598.6
79.9,3.0,2,0,1,1,1,Cairo,New Cairo,Rehab,2nd,Yes,completed,3875421.48
136.5,2.0,1,0,1,1,1,Alexandria,West,Borg El Arab,1st,No,off_plan,1801252.23
226.5,3.0,2,0,1,1,1,Giza,West Giza,Mohandessin,2nd,No,under_construction,7231291.37
136.7,2.0,1,0,1,0,1,Cairo,Old Cairo,Zamalek,1st,No,completed,8355684.36
106.4,4.0,3,0,1,0,0,Mansoura,Central,El Mashaya,2nd,Semi,completed,2323431.35
234.5,4.0,3,0,1,1,1,Cairo,Old Cairo,Zamalek,1st,No,completed,15648668.82
73.7,,2,1,1,0,1,Luxor,East Bank,El Awameya,1st,No,completed,903738.89
124.8,2.0,1,0,1,1,1,Cairo,Old Cairo,Maadi,2nd,Yes,off_plan,3883439.06
238.0,2.0,1,0,1,1,1,Cairo,New Cairo,Fifth Settlement,2nd,No,under_construction,9786901.9
104.0,2.0,2,0,1,0,1,Cairo,Old Cairo,Downtown,2nd,No,completed,2961532.42
85.7,2.0,2,0,1,1,1,Giza,New Giza,New Giza,1st,No,under_construction,4306673.35
107.0,1.0,1,0,1,1,1,Cairo,New Cairo,Heliopolis,1st,No,under_construction,3155088.8
135.2,2.0,1,0,1,1,1,Giza,West Giza,Mohandessin,2nd,No,completed,4601840.94
177.8,3.0,2,0,1,1,1,Luxor,East Bank,El Awameya,1st,Yes,completed,2312788.19
84.5,,2,1,1,0,1,Alexandria,East,Sidi Bishr,2nd,No,completed,2206113.43
148.2,3.0,3,0,0,1,1,Port Said,West,El Zohour,1st,No,under_construction,2338845.28
76.5,3.0,2,0,1,1,1,Cairo,Old Cairo,Zamalek,2nd,Yes,completed,5455205.13
97.8,4.0,4,0,1,1,1,Luxor,East Bank,El Karnak,2nd,No,under_construction,874851.08
100.6,1.0,1,0,1,0,1,Cairo,New Cairo,Heliopolis,1st,No,completed,3818661.97
80.9,3.0,2,0,1,1,1,Suez,North,Faisal,1st,No,under_construction,991537.46
168.9,,2,1,1,1,1,Cairo,Old Cairo,Maadi,2nd,No,under_construction,4453845.69
129.8,4.0,4,0,1,0,1,Giza,West Giza,6th of October,1st,Semi,completed,3681976.33
351.8,3.0,2,0,0,1,1,Giza,New Giza,New Giza,1st,Yes,under_construction,19333011.37
138.1,3.0,3,0,0,0,1,Aswan,Central,El Shallal,1st,No,completed,1850440.68
127.5,4.0,4,0,1,1,1,Tanta,Central,El Geish,2nd,Yes,completed,2239975.09
219.8,3.0,2,0,1,0,1,Cairo,Old Cairo,Downtown,1st,No,off_plan,4964697.68
148.2,5.0,4,0,0,1,1,Luxor,East Bank,El Awameya,1st,Semi,completed,1762801.07
72.6,,1,1,0,1,1,Tanta,Central,El Geish,2nd,No,off_plan,979789.68
139.1,2.0,2,0,1,1,1,Cairo,New Cairo,Rehab,1st,Yes,completed,6880893.87
101.3,4.0,3,0,1,0,1,Suez,South,El Suez District,2nd,No,completed,1496858.28
92.3,2.0,2,0,1,1,1,Mansoura,Central,El Mashaya,2nd,Yes,completed,1764565.16
122.8,,3,1,1,1,1,Cairo,New Cairo,First Settlement,3rd,Yes,under_construction,4173380.81
66.0,,2,1,1,1,1,Luxor,East Bank,El Awameya,1st,No,under_construction,692690.88
62.1,,2,1,1,1,1,Giza,New Giza,New Giza,1st,No,completed,3571528.88
197.4,5.0,4,0,1,1,1,Giza,New Giza,New Giza,1st,No,completed,12598719.59
100.6,4.0,4,0,1,0,1,Cairo,Old Cairo,Zamalek,1st,Yes,under_construction,5850420.43
104.5,4.0,4,0,1,1,1,Tanta,Central,El Geish,1st,No,under_construction,1247473.11
119.3,3.0,3,0,1,1,1,Cairo,Old Cairo,Maadi,2nd,No,completed,4574846.11
81.0,3.0,2,0,1,1,1,Alexandria,West,Borg El Arab,1st,Yes,completed,1432267.89
174.7,4.0,4,0,1,1,1,Port Said,East,El Manakh,2nd,No,off_plan,2104290.75
45.6,2.0,2,0,1,1,1,Mansoura,Central,Toriel,1st,No,under_construction,603196.41
40.0,3.0,2,0,1,1,1,Giza,New Giza,New Giza,1st,No,under_construction,2021279.07
214.9,5.0,5,0,1,1,1,Cairo,New Cairo,Rehab,3rd,No,completed,10023585.23
84.2,3.0,2,0,1,0,1,Cairo,New Cairo,Madinaty,2nd,Semi,completed,3463362.78
128.3,2.0,2,0,1,0,1,Cairo,New Cairo,Nasr City,3rd,No,under_construction,3183823.62
149.5,3.0,3,0,1,1,0,Cairo,Old Cairo,Maadi,2nd,No,completed,6219817.92
174.2,2.0,1,0,0,0,1,Aswan,Central,El Sad El Ali,1st,No,under_construction,1832253.88
116.7,2.0,1,0,0,0,1,Giza,New Giza,New Giza,2nd,Semi,completed,6668949.0
97.0,3.0,2,0,1,0,0,Alexandria,West,Borg El Arab,2nd,No,completed,1413155.69
65.3,2.0,2,0,1,1,1,Mansoura,Central,El Mashaya,2nd,Semi,completed,1282459.28
120.0,2.0,2,0,1,0,1,Ismailia,Central,El Afrang,1st,No,off_plan,1304188.32
93.3,1.0,1,0,1,1,1,Giza,West Giza,Mohandessin,2nd,Yes,completed,3536687.07
71.8,,1,1,1,0,1,Cairo,New Cairo,First Settlement,1st,No,completed,3119370.9
110.3,3.0,3,0,1,1,1,Cairo,New Cairo,Nasr City,1st,No,completed,3421464.8
93.6,1.0,1,0,1,1,1,Alexandria,East,Sidi Bishr,2nd,No,completed,2041130.97
135.2,4.0,3,0,1,1,1,Aswan,Central,El Sad El Ali,2nd,No,completed,2252839.03
131.1,4.0,3,0,1,1,1,Cairo,New Cairo,Nasr City,1st,No,under_construction,2870192.33
189.0,5.0,5,0,1,1,1,Luxor,West Bank,El Gezira,1st,No,off_plan,1969170.49
123.5,3.0,2,0,0,1,1,Alexandria,East,Smouha,2nd,No,under_construction,2640016.25
151.3,,4,1,0,0,1,Aswan,Central,El Sad El Ali,1st,No,off_plan,1632067.76
134.1,2.0,1,0,1,0,1,Suez,South,El Suez District,2nd,Yes,under_construction,1912134.17
189.2,3.0,3,0,1,0,1,Cairo,New Cairo,Madinaty,4th,Semi,completed,7904587.62
129.5,3.0,2,0,1,0,1,Giza,New Giza,New Giza,2nd,Yes,completed,7657799.8
97.1,3.0,3,0,1,1,1,Giza,New Giza,New Giza,1st,No,completed,5360580.72
145.7,2.0,2,0,1,1,1,Giza,West Giza,Mohandessin,1st,Yes,completed,4725962.29
88.1,5.0,4,0,1,1,1,Ismailia,Central,El Sheikh Zayed,1st,Semi,completed,1590866.26
106.0,2.0,2,0,1,1,1,Alexandria,West,Borg El Arab,1st,No,completed,1780535.19
73.1,1.0,1,0,1,1,1,Aswan,Central,El Sad El Ali,1st,Yes,under_construction,837436.7
67.2,5.0,4,0,1,1,1,Luxor,East Bank,El Karnak,2nd,No,completed,1037618.28
147.7,2.0,2,0,1,1,1,Cairo,Old Cairo,Downtown,2nd,Semi,completed,4909337.98
134.3,3.0,3,0,1,1,1,Mansoura,Central,Toriel,1st,No,completed,1914896.67
63.8,3.0,3,0,1,1,1,Alexandria,West,Borg El Arab,2nd,No,completed,1085979.2
110.9,,3,1,1,0,1,Giza,New Giza,New Giza,1st,No,completed,6617688.25
69.2,4.0,3,0,1,1,1,Giza,West Giza,Sheikh Zayed,2nd,No,off_plan,2669230.1
128.2,3.0,3,0,1,1,1,Alexandria,East,Sidi Bishr,2nd,No,off_plan,2061348.88
111.8,3.0,3,0,0,0,1,Cairo,Old Cairo,Maadi,2nd,Yes,completed,5023157.94
130.5,3.0,2,0,1,0,1,Giza,New Giza,New Giza,1st,No,completed,8251895.1
145.5,5.0,4,0,1,0,1,Giza,New Giza,New Giza,2nd,No,under_construction,6617621.58
155.8,2.0,2,0,0,0,1,Cairo,New Cairo,First Settlement,1st,Semi,completed,6570555.91
81.4,5.0,4,0,1,1,1,Cairo,Old Cairo,Downtown,2nd,Semi,under_construction,2377669.82
99.3,4.0,4,0,1,1,1,Ismailia,Central,El Sheikh Zayed,1st,Semi,completed,1859320.26
93.3,2.0,1,0,1,1,1,Luxor,East Bank,El Karnak,2nd,No,completed,1282882.06
142.9,4.0,4,0,1,1,1,Suez,North,El Arbaien,2nd,No,completed,2227146.17
61.3,,4,1,1,1,1,Giza,West Giza,6th of October,3rd,Semi,completed,2122902.97
134.0,3.0,3,0,1,1,1,Cairo,New Cairo,Nasr City,1st,No,completed,4163596.54
117.0,,1,1,1,1,1,Mansoura,Central,Toriel,1st,No,completed,1673608.74
174.7,3.0,3,0,1,1,1,Alexandria,West,Borg El Arab,1st,Yes,completed,3257718.18
148.6,5.0,4,0,1,0,0,Alexandria,East,Smouha,2nd,No,completed,4011839.39
85.7,,2,1,1,0,1,Alexandria,East,Sidi Gaber,1st,No,completed,2421614.0
128.5,2.0,2,0,1,0,1,Alexandria,West,Borg El Arab,1st,Semi,completed,1950943.05
104.6,3.0,2,0,0,0,1,Giza,West Giza,Dokki,1st,No,off_plan,2152773.35
100.8,,4,1,1,0,1,Tanta,Central,El Geish,1st,No,completed,1767924.03
174.8,2.0,1,0,1,1,1,Alexandria,East,Sidi Bishr,1st,Semi,completed,4472090.61
101.9,4.0,3,0,1,1,1,Aswan,Central,El Shallal,1st,No,completed,1418515.5
112.4,1.0,1,0,1,1,1,Mansoura,Central,El Mashaya,1st,No,completed,1759126.15
113.5,4.0,3,0,0,1,1,Cairo,New Cairo,Madinaty,4th,Yes,completed,5583492.81
122.9,,1,1,1,1,1,Cairo,New Cairo,Madinaty,4th,No,completed,5447037.11
158.1,2.0,1,0,1,0,1,Ismailia,Central,El Afrang,1st,Yes,off_plan,1841458.49
117.6,4.0,3,0,1,1,1,Giza,West Giza,Dokki,1st,No,completed,3316296.77
186.8,1.0,1,0,1,1,1,Giza,West Giza,Mohandessin,2nd,No,under_construction,5435199.66
165.2,2.0,1,0,1,1,1,Giza,West Giza,6th of October,3rd,No,completed,5664035.5
138.2,3.0,3,0,1,1,1,Cairo,Old Cairo,Maadi,3rd,No,completed,4770970.07
125.1,3.0,2,0,1,1,1,Mansoura,Central,Toriel,1st,Yes,completed,2069206.8
160.2,3.0,3,0,1,0,1,Suez,North,El Arbaien,1st,Yes,under_construction,2313891.08
108.7,5.0,5,0,1,1,1,Suez,South,El Suez District,1st,No,completed,1768070.5
76.5,4.0,3,0,1,0,1,Alexandria,East,Smouha,1st,Semi,completed,2170868.83
99.4,,3,1,1,1,1,Aswan,Central,El Shallal,1st,No,completed,1413916.72
100.3,3.0,2,0,1,0,1,Cairo,New Cairo,Fifth Settlement,2nd,Semi,off_plan,3396428.44
115.7,2.0,1,0,0,1,1,Giza,New Giza,New Giza,2nd,No,completed,6916504.61
138.6,3.0,2,0,1,1,1,Tanta,Central,El Geish,1st,Semi,completed,2641891.25
157.7,2.0,2,0,0,1,1,Cairo,New Cairo,Rehab,3rd,Semi,completed,7042753.69
103.0,5.0,5,0,1,1,1,Alexandria,East,Sidi Bishr,1st,No,completed,2646617.34
122.6,2.0,2,0,0,1,1,Mansoura,Central,Toriel,1st,No,completed,1564957.56
114.4,3.0,3,0,1,1,1,Giza,West Giza,Mohandessin,2nd,Yes,under_construction,3745986.86
94.6,3.0,3,0,1,1,1,Cairo,Old Cairo,Downtown,1st,No,completed,3227002.55
142.9,3.0,2,0,1,1,1,Tanta,Central,El Geish,2nd,Semi,under_construction,2071216.04
160.0,4.0,3,0,1,1,1,Alexandria,West,Agami,1st,No,off_plan,2715756.08
100.3,5.0,4,0,0,0,1,Aswan,Central,El Sad El Ali,2nd,No,completed,1589223.6
143.6,3.0,2,0,1,1,1,Cairo,Old Cairo,Maadi,2nd,Semi,completed,5596396.37
83.7,5.0,5,0,1,1,1,Cairo,Old Cairo,Maadi,2nd,Semi,completed,3825404.75
113.8,4.0,3,0,1,1,1,Mansoura,Central,Toriel,1st,Yes,completed,1743633.57
151.9,3.0,2,0,1,1,1,Cairo,Old Cairo,Downtown,1st,Semi,completed,5108436.57
178.9,2.0,2,0,1,1,1,Cairo,Old Cairo,Zamalek,1st,Semi,completed,10758086.66
100.6,3.0,3,0,1,0,1,Mansoura,Central,El Mashaya,2nd,Semi,completed,1723868.27
132.2,4.0,3,0,1,0,1,Suez,South,El Suez District,2nd,Semi,completed,2212033.01
147.3,1.0,1,0,1,1,1,Cairo,Old Cairo,Zamalek,2nd,Semi,completed,9988367.34
138.8,1.0,1,0,0,0,1,Mansoura,Central,Toriel,1st,No,off_plan,1479159.91
183.6,5.0,5,0,1,1,1,Cairo,Old Cairo,Downtown,2nd,No,completed,5550406.17
139.3,2.0,1,0,0,1,1,Giza,West Giza,Mohandessin,1st,Yes,under_construction,4547904.54
87.8,2.0,1,0,1,0,1,Cairo,New Cairo,First Settlement,2nd,No,completed,3513193.39
83.3,3.0,2,0,1,0,1,Mansoura,Central,Toriel,1st,No,under_construction,962711.01
167.0,2.0,2,0,1,1,1,Mansoura,Central,Toriel,1st,Yes,off_plan,2089506.35
113.0,4.0,3,0,1,1,1,Ismailia,Central,El Sheikh Zayed,2nd,Yes,completed,2630245.65
99.2,3.0,2,0,1,1,1,Aswan,Central,El Sad El Ali,2nd,Semi,off_plan,1054167.74
80.2,3.0,2,0,1,1,1,Alexandria,West,Borg El Arab,2nd,Yes,completed,1400691.77
131.6,3.0,2,0,0,1,1,Suez,South,El Suez District,1st,Yes,off_plan,1692223.3
108.5,3.0,3,0,1,0,1,Suez,North,Faisal,1st,Yes,under_construction,1347292.62
62.5,5.0,5,0,1,1,1,Cairo,Old Cairo,Maadi,2nd,No,completed,2448775.26
124.9,2.0,2,0,1,1,1,Tanta,Central,Saeed,1st,No,completed,1681402.87
108.4,3.0,2,0,1,0,1,Cairo,Old Cairo,Zamalek,2nd,No,under_construction,4901482.15
257.4,2.0,1,0,1,1,1,Luxor,East Bank,El Karnak,2nd,Semi,completed,2880250.46
101.6,2.0,1,0,1,0,1,Mansoura,Central,El Mashaya,1st,Semi,completed,2103116.71
105.9,3.0,3,0,1,1,1,Ismailia,Central,El Afrang,1st,No,completed,1600329.66
129.4,3.0,3,0,1,1,1,Aswan,Central,El Shallal,1st,No,completed,1543221.59
121.9,5.0,5,0,1,0,1,Giza,New Giza,New Giza,2nd,No,completed,7814970.39
107.4,4.0,3,0,1,1,1,Mansoura,Central,El Mashaya,1st,No,completed,1738623.12
149.9,2.0,2,0,1,1,0,Cairo,New Cairo,Nasr City,1st,Yes,completed,4695125.16
238.9,4.0,3,0,1,0,1,Cairo,Old Cairo,Zamalek,1st,No,under_construction,11460054.69
117.3,4.0,4,0,0,1,1,Suez,South,El Suez District,1st,Semi,completed,2033212.04
146.0,3.0,2,0,1,0,1,Cairo,New Cairo,Fifth Settlement,1st,Yes,completed,8171894.15
168.4,2.0,1,0,1,1,1,Tanta,Central,El Geish,1st,No,under_construction,2264754.6
174.2,1.0,1,0,1,1,1,Ismailia,Central,El Sheikh Zayed,2nd,Yes,completed,3014609.49
55.2,4.0,4,0,1,1,1,Cairo,New Cairo,Fifth Settlement,2nd,No,completed,3035041.88
105.4,2.0,1,0,1,1,1,Suez,South,El Suez District,2nd,Semi,completed,1624635.89
107.6,3.0,2,0,1,0,1,Giza,West Giza,6th of October,2nd,No,completed,4104716.54
128.1,3.0,3,0,1,1,1,Giza,West Giza,Sheikh Zayed,1st,Semi,completed,6277882.3
87.9,5.0,4,0,1,1,0,Tanta,Central,El Geish,1st,Yes,completed,1619158.25
87.6,4.0,4,0,0,1,1,Giza,New Giza,New Giza,1st,Yes,off_plan,4187552.22
171.1,2.0,2,0,1,1,1,Cairo,Old Cairo,Zamalek,2nd,No,off_plan,9102410.75
160.5,3.0,2,0,0,0,1,Ismailia,Central,El Afrang,1st,Yes,under_construction,2095359.53
203.9,1.0,1,0,1,1,1,Cairo,New Cairo,First Settlement,2nd,Yes,under_construction,6763757.09
71.1,3.0,2,0,1,1,1,Giza,New Giza,New Giza,1st,No,completed,4174136.89
79.5,5.0,4,0,0,0,1,Ismailia,Central,El Afrang,1st,Semi,completed,1372047.24
56.0,3.0,2,0,1,1,1,Giza,West Giza,Sheikh Zayed,2nd,No,completed,2653768.34
92.6,3.0,2,0,1,0,1,Giza,New Giza,New Giza,2nd,No,under_construction,5016902.31
120.6,2.0,1,0,1,1,1,Mansoura,Central,El Mashaya,2nd,Yes,completed,2317349.53
125.0,5.0,4,0,1,0,1,Tanta,Central,Saeed,1st,Semi,completed,1814369.66
117.1,4.0,3,0,1,1,1,Tanta,Central,Saeed,1st,No,completed,1698028.54
126.8,2.0,1,0,1,1,1,Giza,New Giza,New Giza,2nd,No,completed,6924640.52
125.5,3.0,3,0,1,1,1,Giza,West Giza,Mohandessin,2nd,No,completed,4534095.81
169.2,2.0,2,0,1,1,1,Cairo,New Cairo,Fifth Settlement,1st,No,under_construction,6906414.39
161.8,1.0,1,0,1,1,0,Giza,New Giza,New Giza,1st,Semi,completed,10329204.54
86.5,2.0,1,0,1,0,1,Mansoura,Central,El Mashaya,1st,No,completed,1347959.87
160.4,2.0,2,0,1,1,1,Luxor,East Bank,El Karnak,1st,Yes,completed,1935766.01
70.7,2.0,2,0,1,1,1,Cairo,Old Cairo,Downtown,2nd,Yes,under_construction,1896541.15
100.2,4.0,3,0,1,1,1,Cairo,New Cairo,Madinaty,1st,Semi,under_construction,4667369.65
40.7,3.0,2,0,1,0,1,Cairo,New Cairo,Madinaty,2nd,No,completed,1927089.34
116.6,2.0,1,0,1,1,1,Tanta,Central,Saeed,1st,Yes,completed,1675872.99
184.3,3.0,3,0,1,0,1,Alexandria,West,Borg El Arab,1st,No,off_plan,2318610.97
134.9,2.0,1,0,1,0,1,Cairo,New Cairo,Rehab,3rd,Yes,under_construction,5185213.9
77.7,4.0,3,0,1,1,1,Ismailia,Central,El Sheikh Zayed,1st,No,completed,1383806.8
116.1,2.0,1,0,1,1,1,Cairo,New Cairo,Nasr City,4th,No,under_construction,2735475.66
90.6,1.0,1,0,1,0,1,Giza,New Giza,New Giza,2nd,Yes,under_construction,4791638.44
74.0,2.0,1,0,1,0,1,Mansoura,Central,Toriel,1st,No,completed,1071102.84
143.9,2.0,1,0,1,0,1,Luxor,East Bank,El Karnak,1st,Yes,completed,2018167.48
177.7,3.0,2,0,1,0,1,Luxor,East Bank,El Karnak,1st,No,completed,2281912.77
147.8,3.0,2,0,1,1,1,Cairo,New Cairo,Nasr City,3rd,No,under_construction,3905619.22
123.6,2.0,2,0,1,1,1,Port Said,West,El Zohour,1st,Yes,off_plan,2223850.81
84.9,4.0,3,0,1,0,1,Ismailia,Central,El Afrang,1st,Yes,completed,1441971.57
134.8,3.0,3,0,1,1,1,Mansoura,Central,Toriel,1st,Semi,completed,2162437.72
136.5,5.0,4,0,1,1,1,Cairo,Old Cairo,Zamalek,2nd,No,under_construction,6801227.15
78.3,3.0,3,0,1,1,1,Giza,New Giza,New Giza,2nd,No,under_construction,3818729.5
150.8,4.0,3,0,1,1,1,Port Said,West,El Zohour,1st,Yes,under_construction,2542906.56
112.1,1.0,1,0,1,0,1,Cairo,Old Cairo,Zamalek,2nd,No,completed,6990272.81
165.8,4.0,3,0,1,1,1,Alexandria,East,Smouha,3rd,Semi,completed,5321294.41
109.3,1.0,1,0,1,0,1,Aswan,Central,El Shallal,1st,No,completed,1479891.74
156.7,2.0,1,0,1,1,1,Port Said,East,El Manakh,2nd,No,completed,2342842.5
73.4,3.0,3,0,1,1,1,Cairo,New Cairo,Fifth Settlement,3rd,No,off_plan,2868517.1
93.9,3.0,2,0,1,1,1,Cairo,New Cairo,Rehab,3rd,No,completed,4154987.27
93.3,4.0,3,0,1,1,1,Mansoura,Central,El Mashaya,2nd,No,off_plan,1194757.63
91.3,5.0,5,0,1,0,0,Cairo,Old Cairo,Downtown,2nd,Yes,completed,3575110.58
103.7,2.0,2,0,1,1,1,Port Said,West,El Zohour,1st,Yes,under_construction,1896547.28
118.3,1.0,1,0,1,1,1,Giza,New Giza,New Giza,2nd,Yes,completed,6234310.28
94.8,1.0,1,0,1,1,1,Giza,West Giza,6th of October,1st,No,completed,2667025.58
124.7,4.0,4,0,1,1,1,Alexandria,East,Sidi Gaber,1st,No,under_construction,2319859.59
153.4,3.0,3,0,1,1,0,Giza,New Giza,New Giza,2nd,No,completed,9795533.88
80.8,1.0,1,0,1,1,1,Alexandria,West,Borg El Arab,1st,No,completed,1538190.46
86.3,5.0,5,0,1,1,1,Alexandria,East,Sidi Bishr,2nd,Semi,off_plan,1539616.43
101.1,3.0,2,0,1,1,1,Luxor,West Bank,El Gezira,1st,Semi,under_construction,1208815.72
71.1,4.0,4,0,1,0,1,Cairo,Old Cairo,Downtown,1st,No,off_plan,1661743.27
128.4,3.0,2,0,1,1,1,Alexandria,East,Sidi Bishr,2nd,No,completed,3113532.75
97.9,1.0,1,0,0,1,1,Cairo,New Cairo,Heliopolis,2nd,Yes,completed,3530976.2
94.7,2.0,1,0,1,1,1,Ismailia,Central,El Afrang,1st,Semi,completed,1522864.13
246.3,3.0,3,0,1,1,1,Alexandria,West,Borg El Arab,2nd,Semi,completed,3919612.88
144.2,3.0,3,0,1,1,1,Cairo,Old Cairo,Downtown,2nd,No,under_construction,3512470.62
99.3,4.0,3,0,1,1,1,Cairo,Old Cairo,Zamalek,2nd,No,under_construction,6440351.36
142.8,3.0,2,0,1,1,1,Suez,North,Faisal,1st,Yes,completed,2306423.51
140.3,,2,1,1,1,1,Giza,West Giza,6th of October,3rd,Yes,completed,5229349.84
127.9,3.0,2,0,1,1,1,Alexandria,West,Borg El Arab,2nd,Semi,completed,2252311.34
130.9,2.0,2,0,1,1,1,Giza,West Giza,6th of October,1st,Semi,completed,4192015.42
127.8,3.0,3,0,0,1,1,Alexandria,East,Sidi Gaber,1st,Yes,under_construction,2998509.92
116.7,3.0,3,0,1,0,1,Luxor,East Bank,El Karnak,1st,No,under_construction,1258386.72
133.2,3.0,2,0,1,1,1,Aswan,Central,El Sad El Ali,2nd,Semi,under_construction,1461681.54
83.3,,3,1,1,0,1,Giza,New Giza,New Giza,2nd,Yes,under_construction,4553290.1
162.2,2.0,2,0,1,1,1,Cairo,Old Cairo,Zamalek,2nd,Yes,completed,10525765.37
181.4,1.0,1,0,0,0,1,Alexandria,East,Sidi Bishr,1st,Yes,under_construction,3940070.52
91.1,3.0,2,0,1,1,1,Giza,New Giza,New Giza,1st,Yes,completed,5161755.27
113.9,2.0,1,0,1,1,1,Alexandria,West,Agami,1st,No,under_construction,1874846.7
163.0,2.0,2,0,0,0,1,Cairo,Old Cairo,Maadi,2nd,No,under_construction,5099663.66
148.8,,1,1,1,1,1,Port Said,East,El Shark,1st,No,completed,2748488.79
140.0,3.0,3,0,1,1,1,Alexandria,East,Smouha,3rd,No,completed,3561027.75
85.2,4.0,4,0,1,1,1,Cairo,Old Cairo,Downtown,2nd,Semi,under_construction,2167176.72
114.8,2.0,2,0,1,1,1,Alexandria,East,Smouha,1st,No,off_plan,2071856.09
71.8,3.0,3,0,0,0,1,Giza,West Giza,Sheikh Zayed,1st,No,under_construction,3080622.55
95.1,1.0,1,0,1,1,0,Cairo,Old Cairo,Zamalek,1st,Semi,under_construction,4501683.52
117.1,3.0,3,0,1,0,1,Giza,New Giza,New Giza,2nd,No,off_plan,4178984.79
133.0,4.0,3,0,1,0,1,Giza,West Giza,Dokki,1st,Semi,under_construction,3606522.43
105.3,2.0,2,0,1,1,1,Giza,West Giza,Sheikh Zayed,3rd,No,completed,4681939.59
122.5,3.0,3,0,1,1,1,Giza,New Giza,New Giza,2nd,No,completed,6851807.06
148.3,2.0,1,0,1,1,1,Luxor,West Bank,El Gezira,1st,No,under_construction,1368061.31
40.0,1.0,1,0,1,1,1,Luxor,West Bank,El Gezira,1st,No,completed,574096.52
57.3,4.0,3,0,1,1,1,Tanta,Central,Saeed,1st,No,completed,788155.33
143.4,4.0,3,0,0,1,1,Cairo,New Cairo,First Settlement,2nd,Yes,completed,6895301.19
150.6,3.0,2,0,1,1,1,Cairo,Old Cairo,Zamalek,1st,Semi,completed,10589972.13
110.0,3.0,2,0,1,1,1,Ismailia,Central,El Sheikh Zayed,1st,No,completed,1867511.28
88.3,3.0,2,0,1,0,1,Cairo,New Cairo,Heliopolis,2nd,Semi,completed,3188683.01
88.8,3.0,2,0,1,1,1,Port Said,East,El Shark,2nd,Yes,under_construction,1422090.96
223.3,1.0,1,0,1,1,1,Alexandria,West,Borg El Arab,2nd,Yes,under_construction,3196674.97
174.6,2.0,2,0,1,1,1,Giza,West Giza,Haram,2nd,No,under_construction,3281340.07
121.0,3.0,3,0,1,1,1,Cairo,New Cairo,Fifth Settlement,1st,Yes,under_construction,6085855.06
104.6,4.0,4,0,1,1,1,Giza,West Giza,Dokki,2nd,No,completed,3336991.96
172.7,4.0,3,0,1,1,1,Cairo,Old Cairo,Maadi,1st,No,off_plan,5848303.81
191.9,3.0,2,0,0,0,1,Cairo,New Cairo,Nasr City,1st,Semi,under_construction,4079227.92
92.5,4.0,3,0,1,1,1,Giza,West Giza,Mohandessin,1st,No,under_construction,2757834.82
140.9,3.0,2,0,1,1,1,Giza,New Giza,New Giza,1st,No,completed,8446285.35
50.1,3.0,3,0,1,1,1,Mansoura,Central,Toriel,1st,Yes,under_construction,779660.58
160.6,,3,1,0,1,1,Cairo,New Cairo,Nasr City,3rd,No,completed,4343966.03
139.8,1.0,1,0,1,1,1,Giza,New Giza,New Giza,1st,Yes,completed,8305592.13
156.8,3.0,2,0,1,1,1,Giza,New Giza,New Giza,2nd,Semi,completed,8623877.48
90.4,3.0,2,0,1,1,1,Tanta,Central,Saeed,1st,No,completed,1136041.53
126.3,2.0,1,0,0,1,1,Mansoura,Central,Toriel,1st,Yes,completed,1946156.05
125.5,3.0,3,0,1,0,1,Cairo,New Cairo,Heliopolis,2nd,No,completed,3981291.0
74.2,2.0,1,0,1,1,1,Alexandria,East,Smouha,3rd,No,completed,1925553.13
201.8,2.0,1,0,0,1,1,Giza,New Giza,New Giza,1st,Yes,off_plan,8417227.42
144.7,2.0,1,0,1,0,1,Giza,New Giza,New Giza,1st,Semi,completed,8582917.64
82.0,3.0,2,0,0,1,1,Ismailia,Central,El Sheikh Zayed,2nd,Yes,completed,1677769.03
81.6,2.0,2,0,1,1,1,Cairo,New Cairo,Nasr City,3rd,Yes,completed,2958182.85
133.8,,2,1,1,1,1,Alexandria,West,Borg El Arab,1st,No,off_plan,1575657.03
122.8,1.0,1,0,1,1,1,Mansoura,Central,Toriel,1st,No,completed,1739928.57
134.0,3.0,2,0,1,1,1,Alexandria,East,Sidi Gaber,1st,Semi,completed,3652891.2
140.2,2.0,1,0,1,1,1,Cairo,Old Cairo,Maadi,3rd,No,off_plan,3475138.03
78.1,2.0,1,0,1,0,1,Giza,West Giza,6th of October,2nd,No,under_construction,2254108.71
101.8,3.0,2,0,1,1,1,Aswan,Central,El Sad El Ali,1st,Yes,completed,1784013.04
95.6,3.0,2,0,1,1,1,Giza,New Giza,New Giza,2nd,No,off_plan,4211796.37
99.8,3.0,3,0,1,1,1,Cairo,Old Cairo,Maadi,1st,Semi,completed,3383850.29
93.8,3.0,3,0,1,1,1,Alexandria,West,Borg El Arab,2nd,Yes,completed,1679183.35
132.5,5.0,4,0,1,1,1,Alexandria,West,Agami,2nd,Yes,off_plan,2464128.23
132.5,5.0,4,0,1,1,1,Ismailia,Central,El Sheikh Zayed,2nd,No,completed,2545569.29
113.5,1.0,1,0,1,1,1,Cairo,New Cairo,Rehab,1st,Semi,off_plan,3587450.88
190.7,3.0,3,0,1,1,1,Luxor,East Bank,El Karnak,1st,No,off_plan,1679527.42
148.6,3.0,3,0,1,0,1,Giza,West Giza,Dokki,2nd,Semi,under_construction,3873362.06
115.6,3.0,2,0,1,1,1,Giza,New Giza,New Giza,1st,No,off_plan,4552563.87
176.4,3.0,3,0,1,0,1,Suez,North,El Arbaien,2nd,Semi,completed,2870068.85
99.9,2.0,2,0,1,1,1,Giza,West Giza,Sheikh Zayed,1st,No,completed,4877123.41
127.0,3.0,2,0,1,1,1,Alexandria,East,Sidi Gaber,2nd,No,completed,3392940.74
165.7,4.0,3,0,1,0,1,Giza,New Giza,New Giza,1st,No,under_construction,7303556.67
138.6,3.0,2,0,1,1,1,Cairo,New Cairo,Nasr City,4th,Yes,completed,3870535.61
150.1,4.0,3,0,1,1,1,Cairo,New Cairo,Nasr City,3rd,Yes,off_plan,3786620.73
102.0,4.0,4,0,1,1,1,Aswan,Central,El Shallal,1st,No,completed,1545422.87
89.4,2.0,1,0,1,1,1,Suez,South,El Suez District,2nd,No,completed,1301307.87
163.8,4.0,3,0,1,1,1,Mansoura,Central,El Mashaya,1st,Semi,completed,3003104.29
166.6,3.0,3,0,1,1,1,Ismailia,Central,El Afrang,1st,Semi,completed,2420765.01
87.5,1.0,1,0,1,1,1,Cairo,New Cairo,Fifth Settlement,1st,No,under_construction,3160167.11
73.7,3.0,3,0,1,1,1,Aswan,Central,El Shallal,1st,Yes,completed,1111580.94
211.4,4.0,4,0,1,0,1,Aswan,Central,El Sad El Ali,2nd,Yes,completed,3517198.73
177.8,4.0,4,0,1,1,1,Mansoura,Central,El Mashaya,1st,No,under_construction,2587384.31
124.6,3.0,2,0,1,0,1,Port Said,West,El Zohour,1st,Yes,completed,2544058.83
84.4,2.0,2,0,1,1,1,Port Said,East,El Shark,2nd,No,completed,1394842.17
123.7,3.0,3,0,1,1,1,Cairo,Old Cairo,Maadi,2nd,No,completed,4727129.28
123.0,3.0,2,0,1,1,1,Giza,New Giza,New Giza,2nd,No,off_plan,5048457.43
134.3,5.0,5,0,1,1,0,Aswan,Central,El Sad El Ali,2nd,Yes,completed,2068271.44
98.1,3.0,3,0,1,1,1,Alexandria,West,Borg El Arab,2nd,Yes,under_construction,1795620.31
121.3,2.0,1,0,1,0,1,Cairo,New Cairo,Rehab,3rd,Yes,completed,6078263.16
52.8,1.0,1,0,1,1,1,Giza,West Giza,Dokki,2nd,Semi,completed,1665100.76
174.4,4.0,3,0,1,1,1,Giza,New Giza,New Giza,1st,Yes,completed,10954859.64
121.7,3.0,2,0,1,0,1,Ismailia,Central,El Sheikh Zayed,2nd,No,completed,2022137.81
94.9,5.0,5,0,1,1,1,Tanta,Central,Saeed,1st,Semi,completed,1248333.4
85.2,3.0,2,0,1,1,1,Tanta,Central,Saeed,1st,No,under_construction,1004225.66
126.9,3.0,2,0,1,1,1,Giza,New Giza,New Giza,1st,Yes,completed,7996047.46
199.8,3.0,2,0,1,0,1,Giza,West Giza,6th of October,3rd,Yes,completed,6813585.07
82.8,3.0,2,0,1,1,0,Luxor,East Bank,El Karnak,2nd,No,completed,1051590.15
176.3,4.0,3,0,1,1,1,Ismailia,Central,El Sheikh Zayed,2nd,Yes,under_construction,3194454.3
75.7,2.0,1,0,1,1,1,Cairo,Old Cairo,Zamalek,2nd,Semi,completed,5439122.73
92.3,2.0,2,0,1,1,1,Port Said,East,El Shark,2nd,Semi,off_plan,1263079.43
147.1,4.0,4,0,1,1,1,Tanta,Central,Saeed,1st,Semi,under_construction,1754159.5
119.0,2.0,1,0,1,0,1,Cairo,New Cairo,Madinaty,2nd,No,under_construction,4114213.83
91.9,2.0,1,0,1,0,1,Port Said,West,El Zohour,2nd,Yes,completed,1893726.43
75.7,3.0,3,0,1,1,1,Alexandria,West,Borg El Arab,2nd,No,completed,1227858.1
124.1,3.0,2,0,1,0,1,Cairo,New Cairo,Madinaty,1st,No,completed,5850687.57
118.8,3.0,3,0,0,0,1,Alexandria,East,Sidi Bishr,2nd,Semi,off_plan,2118080.91
104.3,1.0,1,0,1,1,1,Cairo,Old Cairo,Downtown,1st,No,completed,2943642.23
122.3,3.0,3,0,0,1,1,Cairo,New Cairo,Madinaty,3rd,Semi,completed,6696128.61
122.1,3.0,2,0,1,0,1,Mansoura,Central,El Mashaya,1st,No,completed,2258026.13
124.4,2.0,1,0,1,1,1,Giza,New Giza,New Giza,2nd,Yes,completed,7142674.63
118.2,3.0,2,0,1,1,1,Cairo,New Cairo,First Settlement,1st,No,under_construction,3847300.02
192.8,3.0,3,0,1,1,1,Luxor,West Bank,El Gezira,1st,No,under_construction,2357597.76
131.8,3.0,3,0,0,1,1,Alexandria,East,Smouha,1st,Yes,completed,3825780.0
68.6,3.0,2,0,1,1,1,Mansoura,Central,Toriel,1st,Yes,under_construction,937019.45
113.4,4.0,3,0,1,1,1,Cairo,Old Cairo,Downtown,1st,No,completed,4013044.44
64.2,3.0,2,0,1,0,1,Suez,North,Faisal,1st,No,completed,993831.56
175.1,2.0,1,0,1,1,1,Cairo,Old Cairo,Maadi,1st,No,completed,6966497.02
156.4,2.0,1,0,1,0,1,Aswan,Central,El Sad El Ali,2nd,Semi,under_construction,1931281.8
90.1,4.0,3,0,1,1,1,Cairo,New Cairo,Nasr City,3rd,Semi,under_construction,2247221.65
77.6,3.0,2,0,0,1,1,Alexandria,West,Agami,2nd,Yes,off_plan,1389325.31
105.1,2.0,1,0,1,1,1,Ismailia,Central,El Afrang,1st,Yes,off_plan,1259521.48
180.5,2.0,2,0,1,1,1,Suez,North,El Arbaien,1st,No,completed,2702418.84
261.4,1.0,1,0,1,1,1,Alexandria,East,Sidi Bishr,1st,No,completed,5699152.36
107.4,2.0,1,0,1,1,1,Port Said,East,El Manakh,2nd,No,completed,1622739.52
57.4,4.0,4,0,1,1,0,Port Said,East,El Shark,2nd,No,under_construction,944023.72
110.8,,3,1,1,1,1,Port Said,West,El Zohour,1st,No,completed,1901760.62
122.9,3.0,3,0,1,1,1,Alexandria,East,Sidi Gaber,1st,No,completed,3238172.13
105.3,1.0,1,0,1,0,1,Ismailia,Central,El Sheikh Zayed,1st,Yes,completed,1811275.43
105.9,2.0,1,0,1,0,1,Giza,New Giza,New Giza,2nd,No,completed,6468286.28
133.1,3.0,3,0,1,1,1,Mansoura,Central,El Mashaya,1st,No,under_construction,1842073.54
105.4,1.0,1,0,0,1,1,Cairo,Old Cairo,Maadi,1st,Yes,completed,3891659.16
223.3,3.0,2,0,1,1,1,Cairo,Old Cairo,Downtown,2nd,No,completed,6251321.26
103.8,3.0,2,0,1,0,1,Cairo,New Cairo,Nasr City,3rd,Yes,completed,3089413.34
145.2,3.0,2,0,1,1,1,Suez,North,El Arbaien,1st,No,completed,2313500.2
118.1,2.0,1,0,1,1,1,Cairo,Old Cairo,Downtown,2nd,Semi,completed,4245363.19
118.3,3.0,3,0,1,1,1,Cairo,New Cairo,Nasr City,1st,No,completed,3322048.29
241.8,3.0,2,0,1,0,1,Cairo,New Cairo,Madinaty,3rd,Semi,under_construction,10106602.46
151.3,1.0,1,0,1,1,1,Alexandria,East,Smouha,3rd,No,completed,3840292.35
202.9,3.0,2,0,1,1,1,Giza,West Giza,Sheikh Zayed,1st,Semi,under_construction,8408137.55
142.9,2.0,1,0,1,1,1,Alexandria,East,Sidi Bishr,1st,No,completed,2922087.27
158.4,3.0,3,0,1,1,1,Luxor,East Bank,El Awameya,1st,No,completed,1706970.27
146.9,4.0,4,0,1,1,1,Cairo,Old Cairo,Downtown,2nd,No,under_construction,4312491.53
99.3,4.0,3,0,1,1,1,Alexandria,East,Sidi Gaber,2nd,Semi,under_construction,1977761.3
202.3,2.0,2,0,1,1,1,Port Said,East,El Shark,2nd,No,under_construction,2827014.86
275.4,5.0,5,0,1,1,1,Port Said,West,El Zohour,1st,Semi,completed,5318996.05
207.9,3.0,2,0,1,1,1,Giza,West Giza,Mohandessin,2nd,Yes,off_plan,6589911.19
153.0,3.0,2,0,1,1,1,Cairo,New Cairo,Rehab,3rd,Semi,completed,6169222.29
100.3,2.0,2,0,0,1,1,Giza,West Giza,Haram,1st,No,completed,2014083.6
86.7,2.0,2,0,1,0,1,Suez,North,El Arbaien,1st,Yes,completed,1454374.65
102.1,3.0,3,0,1,1,1,Cairo,New Cairo,Nasr City,4th,Semi,completed,3088753.13
75.2,4.0,3,0,0,1,1,Giza,New Giza,New Giza,1st,Yes,completed,4831901.93
123.8,1.0,1,0,1,0,1,Alexandria,East,Sidi Gaber,1st,No,under_construction,2569447.03
192.9,3.0,2,0,1,0,1,Tanta,Central,Saeed,1st,Yes,completed,2656969.74
173.4,4.0,3,0,1,0,1,Giza,New Giza,New Giza,2nd,No,completed,10303877.33
140.3,2.0,2,0,1,0,1,Cairo,New Cairo,Heliopolis,2nd,Yes,completed,5060185.44
227.6,2.0,1,0,1,1,1,Alexandria,East,Smouha,1st,No,completed,5100468.93
97.0,,3,1,1,1,1,Giza,West Giza,Mohandessin,1st,Semi,completed,3965118.33
157.7,1.0,1,0,1,1,1,Cairo,Old Cairo,Maadi,3rd,Yes,completed,6982004.5
215.4,3.0,2,0,1,0,1,Cairo,New Cairo,Rehab,2nd,Yes,completed,10309729.52
110.9,2.0,2,0,0,1,1,Ismailia,Central,El Afrang,1st,No,off_plan,1148087.61
71.6,2.0,1,0,1,1,1,Alexandria,East,Sidi Gaber,2nd,No,off_plan,1317730.34
199.0,2.0,1,0,0,1,1,Cairo,Old Cairo,Maadi,2nd,Yes,completed,7375639.99
79.7,2.0,2,0,1,0,1,Cairo,New Cairo,Rehab,1st,No,under_construction,3003372.76
67.5,3.0,2,0,1,0,1,Alexandria,West,Borg El Arab,2nd,Semi,completed,1264959.34
125.2,3.0,2,0,1,1,1,Cairo,New Cairo,Nasr City,4th,Yes,completed,4203217.06
216.2,3.0,2,0,1,1,1,Alexandria,West,Borg El Arab,1st,No,completed,3293896.81
80.5,,1,1,1,0,1,Cairo,New Cairo,First Settlement,3rd,Yes,completed,3678609.95
148.2,3.0,2,0,1,1,1,Giza,West Giza,Mohandessin,2nd,Yes,completed,5258110.99
65.7,3.0,3,0,0,0,1,Cairo,Old Cairo,Zamalek,2nd,No,under_construction,3692936.78
109.4,,2,1,1,0,1,Giza,New Giza,New Giza,2nd,No,off_plan,4167455.78
139.4,1.0,1,0,0,0,1,Aswan,Central,El Shallal,1st,Yes,completed,2154642.53
132.6,3.0,3,0,1,0,1,Giza,West Giza,Dokki,1st,No,completed,4117737.12
53.9,3.0,2,0,1,1,1,Suez,North,Faisal,1st,Yes,completed,862500.64
136.7,2.0,1,0,0,0,1,Suez,North,El Arbaien,1st,Semi,completed,2123692.13
124.7,3.0,2,0,1,1,1,Cairo,New Cairo,Fifth Settlement,2nd,No,completed,6486336.37
84.4,1.0,1,0,1,1,1,Cairo,New Cairo,First Settlement,1st,Yes,completed,4159660.87
105.8,,1,1,1,1,1,Suez,South,El Suez District,1st,No,completed,1372053.33
245.1,2.0,2,0,0,1,1,Alexandria,West,Borg El Arab,2nd,No,off_plan,2800827.58
122.1,2.0,1,0,1,1,1,Cairo,New Cairo,Nasr City,2nd,No,under_construction,3313942.68
106.7,3.0,2,0,1,1,1,Luxor,West Bank,El Gezira,1st,Semi,completed,1547229.65
169.2,3.0,2,0,1,1,1,Mansoura,Central,Toriel,1st,No,completed,2185674.69
49.2,3.0,2,0,1,0,1,Alexandria,East,Smouha,1st,Yes,completed,1692000.44
81.2,4.0,3,0,1,1,1,Suez,North,El Arbaien,1st,No,completed,1307620.24
193.3,3.0,2,0,1,1,1,Luxor,East Bank,El Awameya,1st,Yes,under_construction,1871714.84
85.4,1.0,1,0,1,0,1,Suez,North,Faisal,1st,No,completed,1196975.49
69.4,2.0,1,0,1,1,1,Cairo,New Cairo,Rehab,1st,Semi,completed,2973158.64
138.0,3.0,2,0,1,1,1,Giza,West Giza,Haram,3rd,Semi,completed,3153678.85
100.7,4.0,4,0,1,0,1,Mansoura,Central,Toriel,1st,Yes,completed,1849705.83
55.2,3.0,3,0,1,1,1,Alexandria,West,Agami,2nd,Semi,completed,1098526.37
111.5,3.0,3,0,1,1,1,Alexandria,East,Sidi Bishr,1st,No,completed,2260462.97
115.0,4.0,4,0,1,1,1,Ismailia,Central,El Afrang,1st,No,completed,1723129.86
116.3,1.0,1,0,1,1,1,Alexandria,East,Sidi Bishr,1st,No,under_construction,2443529.56
157.4,4.0,3,0,1,1,1,Cairo,Old Cairo,Maadi,3rd,Semi,completed,6358738.55
110.2,1.0,1,0,1,1,1,Tanta,Central,Saeed,1st,No,under_construction,1112328.72
109.1,4.0,4,0,1,1,1,Aswan,Central,El Shallal,1st,Yes,off_plan,1320333.96
178.8,2.0,2,0,1,0,1,Aswan,Central,El Shallal,1st,Semi,off_plan,1968615.59
103.7,3.0,2,0,1,0,1,Cairo,New Cairo,Nasr City,3rd,No,completed,2779410.12
142.2,2.0,2,0,0,1,1,Port Said,West,El Zohour,1st,No,completed,2705200.78
220.2,3.0,3,0,1,1,1,Cairo,New Cairo,Nasr City,2nd,No,completed,5774470.93
99.2,3.0,2,0,1,0,1,Suez,North,El Arbaien,2nd,Yes,completed,1681180.17
99.6,3.0,2,0,1,1,1,Cairo,Old Cairo,Maadi,2nd,No,completed,3703402.75
85.2,2.0,1,0,1,0,1,Cairo,Old Cairo,Maadi,2nd,Semi,completed,3361953.68
117.0,2.0,2,0,1,1,1,Cairo,New Cairo,Heliopolis,2nd,Yes,completed,4247453.41
95.0,3.0,2,0,1,1,1,Cairo,New Cairo,Madinaty,4th,Semi,completed,4892234.13
104.5,,3,1,1,1,1,Cairo,Old Cairo,Maadi,3rd,No,completed,3829637.67
165.0,3.0,2,0,1,1,1,Giza,New Giza,New Giza,1st,Yes,completed,10587561.7
164.8,2.0,1,0,1,1,1,Alexandria,West,Agami,2nd,Semi,completed,3308084.16
107.4,3.0,2,0,1,0,1,Aswan,Central,El Sad El Ali,1st,No,under_construction,1206420.07
119.1,5.0,4,0,1,1,1,Cairo,Old Cairo,Downtown,1st,Yes,completed,4182589.06
180.3,5.0,5,0,1,1,1,Alexandria,West,Agami,2nd,No,completed,3669536.5
103.2,2.0,1,0,1,1,1,Alexandria,West,Agami,2nd,Yes,completed,2434487.79
110.5,3.0,3,0,1,0,1,Cairo,New Cairo,Nasr City,4th,Yes,completed,3085475.03
140.7,4.0,3,0,1,0,0,Cairo,Old Cairo,Maadi,2nd,Semi,completed,5558745.91
119.7,4.0,4,0,1,1,1,Luxor,East Bank,El Awameya,1st,Yes,under_construction,1123224.58
64.9,3.0,3,0,0,1,1,Mansoura,Central,El Mashaya,2nd,Semi,under_construction,1070342.18
119.3,3.0,2,0,1,0,1,Cairo,Old Cairo,Maadi,3rd,No,under_construction,3380710.73
107.9,4.0,4,0,1,1,0,Luxor,East Bank,El Karnak,2nd,No,off_plan,1205047.41
115.3,4.0,3,0,1,0,1,Tanta,Central,El Geish,1st,No,completed,2269845.18
123.2,5.0,5,0,0,1,1,Ismailia,Central,El Sheikh Zayed,1st,Semi,under_construction,1905444.12
177.7,5.0,5,0,1,1,1,Ismailia,Central,El Afrang,1st,Semi,off_plan,2233434.37
87.9,3.0,2,0,1,1,1,Luxor,West Bank,El Gezira,1st,Semi,under_construction,1115793.03
138.6,2.0,1,0,1,1,1,Cairo,New Cairo,Madinaty,4th,No,off_plan,4901556.95
227.8,3.0,2,0,0,1,1,Giza,West Giza,Sheikh Zayed,2nd,No,completed,9406962.28
167.4,2.0,2,0,1,1,1,Suez,North,Faisal,1st,No,completed,2098212.34
95.2,2.0,1,0,0,1,1,Port Said,West,El Zohour,2nd,Semi,under_construction,1486580.73
133.9,4.0,3,0,1,1,1,Cairo,Old Cairo,Downtown,2nd,Yes,completed,5272291.11
131.6,5.0,5,0,0,1,1,Cairo,Old Cairo,Downtown,2nd,No,completed,4141243.33
115.4,4.0,3,0,0,1,0,Alexandria,West,Agami,2nd,No,under_construction,2247502.19
177.1,3.0,3,0,1,1,1,Giza,New Giza,New Giza,1st,Yes,completed,10535593.0
123.0,,2,1,1,1,1,Cairo,Old Cairo,Zamalek,2nd,No,completed,8145732.13
203.3,4.0,3,0,1,0,1,Mansoura,Central,Toriel,1st,No,completed,2999983.08
80.6,1.0,1,0,1,1,1,Cairo,Old Cairo,Downtown,1st,Yes,completed,2556866.05
164.3,3.0,3,0,1,1,0,Cairo,Old Cairo,Maadi,3rd,Yes,completed,7278437.01
226.8,,1,1,1,1,1,Cairo,Old Cairo,Maadi,2nd,Yes,completed,9341334.91
125.4,2.0,2,0,1,1,1,Suez,South,El Suez District,2nd,No,under_construction,1493784.19
85.8,4.0,4,0,1,1,1,Cairo,Old Cairo,Maadi,2nd,Semi,completed,2821459.06
162.9,2.0,1,0,1,0,1,Giza,New Giza,New Giza,2nd,Yes,completed,10099340.03
127.2,1.0,1,0,1,1,1,Mansoura,Central,Toriel,1st,No,under_construction,1544203.81
135.6,2.0,1,0,1,1,1,Tanta,Central,Saeed,1st,No,completed,1954715.67
127.4,3.0,2,0,1,1,0,Mansoura,Central,El Mashaya,1st,Yes,completed,2433426.24
93.7,4.0,3,0,1,0,1,Cairo,New Cairo,Nasr City,2nd,No,under_construction,2410054.45
158.4,,1,1,1,1,1,Giza,New Giza,New Giza,2nd,No,completed,8662755.11
172.5,3.0,2,0,1,1,0,Suez,South,El Suez District,2nd,Yes,off_plan,2133270.82
117.5,3.0,3,0,1,0,1,Cairo,Old Cairo,Downtown,1st,No,under_construction,2870004.92
120.5,4.0,4,0,1,1,1,Giza,West Giza,Sheikh Zayed,1st,Yes,completed,7039948.31
55.5,1.0,1,0,0,1,1,Tanta,Central,Saeed,1st,No,completed,689840.31
192.0,2.0,1,0,1,1,1,Cairo,Old Cairo,Downtown,1st,Semi,under_construction,5252521.77
111.9,2.0,1,0,1,1,0,Cairo,New Cairo,First Settlement,3rd,No,under_construction,3605985.16
120.3,3.0,2,0,1,1,1,Giza,West Giza,Mohandessin,2nd,No,completed,3779992.73
100.3,,3,1,1,1,0,Mansoura,Central,Toriel,1st,No,under_construction,1257046.41
123.2,2.0,2,0,1,1,1,Cairo,Old Cairo,Maadi,3rd,No,completed,4092916.84
84.4,2.0,2,0,1,1,1,Tanta,Central,Saeed,1st,No,completed,1189746.03
114.8,3.0,2,0,1,1,1,Giza,New Giza,New Giza,2nd,No,under_construction,5920651.51
139.2,2.0,1,0,1,0,1,Port Said,East,El Shark,2nd,No,under_construction,2180381.72
87.9,2.0,2,0,0,1,1,Cairo,Old Cairo,Zamalek,1st,Yes,under_construction,5044055.38
117.9,3.0,3,0,1,1,1,Giza,New Giza,New Giza,2nd,Semi,completed,7113603.1
120.7,2.0,2,0,0,1,1,Cairo,Old Cairo,Downtown,1st,Semi,under_construction,3598229.69
112.1,2.0,1,0,1,1,1,Cairo,Old Cairo,Zamalek,2nd,Semi,completed,7273603.58
113.5,2.0,1,0,1,1,1,Alexandria,East,Sidi Gaber,2nd,No,completed,2643064.87
51.8,1.0,1,0,1,1,1,Cairo,New Cairo,First Settlement,1st,Yes,off_plan,1668721.56
